id_number,Division,Group,Department
78858,Division 1,295 1A, Anaesthetics
28307,Division 1,295 1A, Anaesthetics & Pre - Op
71836,Division 1,304 1A, Anaesthetics & Pre - Op
76698,Division 1,304 1A, Anaesthetics & Pre - Op
82035,Division 1,304 1A, Anaesthetics & Pre - Op
79344,Division 1,304 1A, Anaesthetics & Pre - Op
78700,Division 1,1A, Anaesthetics & Pre - Op
28776,Division 1,1A, Anaesthetics & Pre - Op
46718,Division 1,1A, Anaesthetics & Pre - Op
32043,Division 1,1A, Anaesthetics & Pre - Op
30566,Division 1,1A, Anaesthetics & Pre - Op
60221,Division 1,1A, Anaesthetics & Pre - Op
46859,Division 1,1A, Anaesthetics & Pre - Op
60159,Division 1,1A, Anaesthetics & Pre - Op
67443,Division 1,1A, Anaesthetics & Pre - Op
60741,Division 1,1A, Anaesthetics & Pre - Op
68088,Division 1,1A, Anaesthetics & Pre - Op
71376,Division 1,1A, Anaesthetics & Pre - Op
74680,Division 1,1A, Anaesthetics & Pre - Op
60747,Division 1,1A, Anaesthetics & Pre - Op
59957,Division 1,1A, Anaesthetics & Pre - Op
80053,Division 1,1A, Anaesthetics & Pre - Op
20446,Division 1,1A, Anaesthetics & Pre - Op
30639,Division 1,1A, Anaesthetics & Pre - Op
47199,Division 1,1A, Anaesthetics & Pre - Op
67426,Division 1,1A, Anaesthetics & Pre - Op
54452,Division 1,1A, Anaesthetics & Pre - Op
33076,Division 1,1A, Anaesthetics & Pre - Op
5691,Division 1,1A, Anaesthetics & Pre - Op
60893,Division 1,, Anaesthetics & Pre - Op
5793,Division 1,1A, Anaesthetics & Pre - Op
74684,Division 1,1A, Anaesthetics & Pre - Op
5872,Division 1,1A, Anaesthetics & Pre - Op
71371,Division 1,1A, Anaesthetics & Pre - Op
33684,Division 1,1A, Anaesthetics & Pre - Op
20134,Division 1,1A, Anaesthetics & Pre - Op
81273,Division 1,1A, Anaesthetics & Pre - Op
71339,Division 1,1A, Anaesthetics & Pre - Op
70387,Division 1,1A, Anaesthetics & Pre - Op
15306,Division 1,1A, Anaesthetics & Pre - Op
6149,Division 1,1A, Anaesthetics & Pre - Op
31023,Division 1,1A, Anaesthetics & Pre - Op
67725,Division 1,1A, Anaesthetics & Pre - Op
68087,Division 1,1A, Anaesthetics & Pre - Op
61737,Division 1,1A, Anaesthetics & Pre - Op
6339,Division 1,1A, Anaesthetics & Pre - Op
68089,Division 1,1A, Anaesthetics & Pre - Op
35074,Division 1,1A, Anaesthetics & Pre - Op
62234,Division 1,1A, Anaesthetics & Pre - Op
66426,Division 1,1A, Anaesthetics & Pre - Op
60742,Division 1,1A, Anaesthetics & Pre - Op
60875,Division 1,1A, Anaesthetics & Pre - Op
1007,Division 1,1A, Anaesthetics & Pre - Op
64924,Division 1,1A, Anaesthetics & Pre - Op
55102,Division 1,1A, Anaesthetics & Pre - Op
55106,Division 1,1A, Anaesthetics & Pre - Op
46568,Division 1,1A, Anaesthetics & Pre - Op
75740,Division 1,1A, Anaesthetics & Pre - Op
55150,Division 1,1A, Anaesthetics & Pre - Op
49198,Division 1,1A, Anaesthetics & Pre - Op
49206,Division 1,1A, Anaesthetics & Pre - Op
46008,Division 1,1A, Anaesthetics & Pre - Op
6794,Division 1,1A, Anaesthetics & Pre - Op
60770,Division 1,, Anaesthetics & Pre - Op
15976,Division 1,1A, Anaesthetics & Pre - Op
36573,Division 1,1A, Anaesthetics & Pre - Op
64382,Division 1,1A, Anaesthetics & Pre - Op
57971,Division 1,1A, Anaesthetics & Pre - Op
60999,Division 1,1A, Anaesthetics & Pre - Op
37076,Division 1,1A, Anaesthetics & Pre - Op
71883,Division 1,1A, Anaesthetics & Pre - Op
66466,Division 1,1A, Anaesthetics & Pre - Op
67720,Division 1,1A, Anaesthetics & Pre - Op
61021,Division 1,, Anaesthetics & Pre - Op
37563,Division 1,1A, Anaesthetics & Pre - Op
61962,Division 1,1A, Anaesthetics & Pre - Op
60707,Division 1,1A, Anaesthetics & Pre - Op
68926,Division 1,1A, Anaesthetics & Pre - Op
68056,Division 1,1A, Anaesthetics & Pre - Op
62384,Division 1,1A, Anaesthetics & Pre - Op
64998,Division 1,1A, Anaesthetics & Pre - Op
50493,Division 1,1A, Anaesthetics & Pre - Op
67911,Division 1,1A, Anaesthetics & Pre - Op
71342,Division 1,1A, Anaesthetics & Pre - Op
60894,Division 1,1A, Anaesthetics & Pre - Op
1790,Division 1,1A, Anaesthetics & Pre - Op
19166,Division 1,1A, Anaesthetics & Pre - Op
50877,Division 1,1A, Anaesthetics & Pre - Op
66385,Division 1,1A, Anaesthetics & Pre - Op
68051,Division 1,1A, Anaesthetics & Pre - Op
66427,Division 1,1A, Anaesthetics & Pre - Op
31024,Division 1,1A, Anaesthetics & Pre - Op
46201,Division 1,1A, Anaesthetics & Pre - Op
12341,Division 1,1A, Anaesthetics & Pre - Op
60566,Division 1,1A, Anaesthetics & Pre - Op
68085,Division 1,1A, Anaesthetics & Pre - Op
65968,Division 1,1A, Anaesthetics & Pre - Op
60740,Division 1,1A, Anaesthetics & Pre - Op
2101,Division 1,1A, Anaesthetics & Pre - Op
66455,Division 1,1A, Anaesthetics & Pre - Op
55970,Division 1,1A, Anaesthetics & Pre - Op
74777,Division 1,1A, Anaesthetics & Pre - Op
64930,Division 1,1A, Anaesthetics & Pre - Op
40228,Division 1,1A, Anaesthetics & Pre - Op
56028,Division 1,1A, Anaesthetics & Pre - Op
67727,Division 1,1A, Anaesthetics & Pre - Op
71378,Division 1,1A, Anaesthetics & Pre - Op
29491,Division 1,1A, Anaesthetics & Pre - Op
30546,Division 1,1A, Anaesthetics & Pre - Op
65922,Division 1,1A, Anaesthetics & Pre - Op
56168,Division 1,1A, Anaesthetics & Pre - Op
30789,Division 1,1A, Anaesthetics & Pre - Op
31022,Division 1,1A, Anaesthetics & Pre - Op
66465,Division 1,1A, Anaesthetics & Pre - Op
56298,Division 1,1A, Anaesthetics & Pre - Op
76241,Division 1,1A, Anaesthetics & Pre - Op
51927,Division 1,1A, Anaesthetics & Pre - Op
62408,Division 1,1A, Anaesthetics & Pre - Op
71368,Division 1,1A, Anaesthetics & Pre - Op
52048,Division 1,1A, Anaesthetics & Pre - Op
71336,Division 1,1A, Anaesthetics & Pre - Op
52146,Division 1,1A, Anaesthetics & Pre - Op
65596,Division 1,1A, Anaesthetics & Pre - Op
16532,Division 1,1A, Anaesthetics & Pre - Op
60458,Division 1,1A, Anaesthetics & Pre - Op
41592,Division 1,1A, Anaesthetics & Pre - Op
46322,Division 1,1A, Anaesthetics & Pre - Op
60757,Division 1,1A, Anaesthetics & Pre - Op
8836,Division 1,1A, Anaesthetics & Pre - Op
60580,Division 1,1A, Anaesthetics & Pre - Op
69821,Division 1,1A, Anaesthetics & Pre - Op
64932,Division 1,1A, Anaesthetics & Pre - Op
68162,Division 1,1A, Anaesthetics & Pre - Op
67148,Division 1,1A, Anaesthetics & Pre - Op
60176,Division 1,1A, Anaesthetics & Pre - Op
66537,Division 1,1A, Anaesthetics & Pre - Op
2566,Division 1,1A, Anaesthetics & Pre - Op
60744,Division 1,1A, Anaesthetics & Pre - Op
60762,Division 1,1A, Anaesthetics & Pre - Op
63024,Division 1,1A, Anaesthetics & Pre - Op
45105,Division 1,1A, Anaesthetics & Pre - Op
71340,Division 1,1A, Anaesthetics & Pre - Op
64892,Division 1,1A, Anaesthetics & Pre - Op
60759,Division 1,1A, Anaesthetics & Pre - Op
68086,Division 1,1A, Anaesthetics & Pre - Op
28841,Division 1,1A, Anaesthetics & Pre - Op
57002,Division 1,1A, Anaesthetics & Pre - Op
43576,Division 1,1A, Anaesthetics & Pre - Op
29563,Division 1,1A, Anaesthetics & Pre - Op
43668,Division 1,1A, Anaesthetics & Pre - Op
53488,Division 1,1A, Anaesthetics & Pre - Op
60117,Division 1,1A, Anaesthetics & Pre - Op
60557,Division 1,1A, Anaesthetics & Pre - Op
29568,Division 1,1A, Anaesthetics & Pre - Op
15538,Division 1,1A, Anaesthetics & Pre - Op
30752,Division 1,1A, Anaesthetics & Pre - Op
9628,Division 1,1A, Anaesthetics & Pre - Op
57179,Division 1,1A, Anaesthetics & Pre - Op
44175,Division 1,1A, Anaesthetics & Pre - Op
9727,Division 1,1A, Anaesthetics & Pre - Op
57204,Division 1,1A, Anaesthetics & Pre - Op
65000,Division 1,1A, Anaesthetics & Pre - Op
61399,Division 1,1A, Anaesthetics & Pre - Op
65598,Division 1,1A, Anaesthetics & Pre - Op
64899,Division 1,1A, Anaesthetics & Pre - Op
57290,Division 1,1A, Anaesthetics & Pre - Op
72990,Division 1,1A, Anaesthetics & Pre - Op
63193,Division 1,1A, Anaesthetics & Pre - Op
28801,Division 1,1A, Anaesthetics & Pre - Op
60201,Division 1,1A, Anaesthetics & Pre - Op
71337,Division 1,1A, Anaesthetics & Pre - Op
75745,Division 1,304 1B, Critical Care And Outreach
60047,Division 1,1B, Critical Care And Outreach
32104,Division 1,1B, Critical Care And Outreach
46791,Division 1,1B, Critical Care And Outreach
46818,Division 1,1B, Critical Care And Outreach
47006,Division 1,1B, Critical Care And Outreach
45423,Division 1,1B, Critical Care And Outreach
64791,Division 1,1B, Critical Care And Outreach
63059,Division 1,1B, Critical Care And Outreach
67328,Division 1,1B, Critical Care And Outreach
65361,Division 1,1B, Critical Care And Outreach
3502,Division 1,1B, Critical Care And Outreach
76709,Division 1,1B, Critical Care And Outreach
61758,Division 1,1B, Critical Care And Outreach
47409,Division 1,1B, Critical Care And Outreach
47410,Division 1,1B, Critical Care And Outreach
69367,Division 1,1B, Critical Care And Outreach
54588,Division 1,1B, Critical Care And Outreach
47675,Division 1,1B, Critical Care And Outreach
47748,Division 1,1B, Critical Care And Outreach
66556,Division 1,1B, Critical Care And Outreach
23662,Division 1,1B, Critical Care And Outreach
42799,Division 1,1B, Critical Care And Outreach
94556,Division 1,1B, Critical Care And Outreach
52926,Division 1,1B, Critical Care And Outreach
2718,Division 1,1B, Critical Care And Outreach
43080,Division 1,1B, Critical Care And Outreach
53112,Division 1,1B, Critical Care And Outreach
75222,Division 1,1B, Critical Care And Outreach
87911,Division 1,1B, Critical Care And Outreach
13653,Division 1,1B, Critical Care And Outreach
80001,Division 1,1B, Critical Care And Outreach
2782,Division 1,1B, Critical Care And Outreach
78835,Division 1,1B, Critical Care And Outreach
24830,Division 1,1B, Critical Care And Outreach
23679,Division 1,1B, Critical Care And Outreach
43572,Division 1,1B, Critical Care And Outreach
92588,Division 1,1B, Critical Care And Outreach
87006,Division 1,1B, Critical Care And Outreach
81838,Division 1,1B, Critical Care And Outreach
53472,Division 1,1B, Critical Care And Outreach
78837,Division 1,1B, Critical Care And Outreach
76034,Division 1,1B, Critical Care And Outreach
88882,Division 1,1B, Critical Care And Outreach
2889,Division 1,1B, Critical Care And Outreach
72024,Division 1,1B, Critical Care And Outreach
2928,Division 1,1B, Critical Care And Outreach
83927,Division 1,1A, Critical Care And Outreach
85908,Division 1,1B, Critical Care And Outreach
9785,Division 1,1B, Critical Care And Outreach
91035,Division 1,1B, Critical Care And Outreach
67380,Division 1,1B, Critical Care And Outreach
53947,Division 1,1B, Critical Care And Outreach
92591,Division 1,1B, Critical Care And Outreach
92593,Division 1,1B, Critical Care And Outreach
93949,Division 1,1A, Critical Care And Outreach
49172,Division 1,1B, Critical Care And Outreach
27036,Division 1,1B, Critical Care And Outreach
55206,Division 1,1B, Critical Care And Outreach
72859,Division 1,1B, Critical Care And Outreach
28112,Division 1,1B, Critical Care And Outreach
67962,Division 1,1B, Critical Care And Outreach
24749,Division 1,1B, Critical Care And Outreach
55419,Division 1,1B, Critical Care And Outreach
58310,Division 1,1B, Critical Care And Outreach
65507,Division 1,1B, Critical Care And Outreach
1371,Division 1,1B, Critical Care And Outreach
37255,Division 1,1B, Critical Care And Outreach
49855,Division 1,1B, Critical Care And Outreach
55522,Division 1,1B, Critical Care And Outreach
49915,Division 1,1B, Critical Care And Outreach
50046,Division 1,1B, Critical Care And Outreach
37883,Division 1,1B, Critical Care And Outreach
37889,Division 1,1B, Critical Care And Outreach
50137,Division 1,1B, Critical Care And Outreach
64360,Division 1,1B, Critical Care And Outreach
50250,Division 1,1B, Critical Care And Outreach
50262,Division 1,1B, Critical Care And Outreach
58508,Division 1,1B, Critical Care And Outreach
38189,Division 1,1B, Critical Care And Outreach
59668,Division 1,1B, Critical Care And Outreach
80549,Division 1,1B, Critical Care And Outreach
67139,Division 1,1B, Critical Care And Outreach
44871,Division 1,1B, Critical Care And Outreach
66687,Division 1,1B, Critical Care And Outreach
38724,Division 1,1B, Critical Care And Outreach
50739,Division 1,1B, Critical Care And Outreach
70052,Division 1,1A, Critical Care And Outreach
39110,Division 1,1B, Critical Care And Outreach
31490,Division 1,1B, Critical Care And Outreach
1907,Division 1,1B, Critical Care And Outreach
50985,Division 1,1B, Critical Care And Outreach
45252,Division 1,1B, Critical Care And Outreach
2011,Division 1,1B, Critical Care And Outreach
51201,Division 1,1B, Critical Care And Outreach
51232,Division 1,1B, Critical Care And Outreach
55991,Division 1,1B, Critical Care And Outreach
76885,Division 1,1B, Critical Care And Outreach
68326,Division 1,1B, Critical Care And Outreach
21626,Division 1,1B, Critical Care And Outreach
28183,Division 1,1B, Critical Care And Outreach
4472,Division 1,1B, Critical Care And Outreach
59305,Division 1,1B, Critical Care And Outreach
23711,Division 1,1B, Critical Care And Outreach
59913,Division 1,1B, Critical Care And Outreach
51847,Division 1,1B, Critical Care And Outreach
63335,Division 1,1B, Critical Care And Outreach
72251,Division 1,1B, Critical Care And Outreach
78212,Division 1,1B, Critical Care And Outreach
79068,Division 1,1A, Critical Care And Outreach
52039,Division 1,1B, Critical Care And Outreach
67147,Division 1,1B, Critical Care And Outreach
13412,Division 1,1B, Critical Care And Outreach
52094,Division 1,1B, Critical Care And Outreach
83724,Division 1,1B, Critical Care And Outreach
57828,Division 1,1B, Critical Care And Outreach
52143,Division 1,1B, Critical Care And Outreach
12171,Division 1,1B, Critical Care And Outreach
52182,Division 1,1B, Critical Care And Outreach
52297,Division 1,1B, Critical Care And Outreach
19257,Division 1,1B, Critical Care And Outreach
73005,Division 1,1B, Critical Care And Outreach
72967,Division 1,1B, Critical Care And Outreach
65890,Division 1,1B, Critical Care And Outreach
77405,Division 1,1B, Critical Care And Outreach
41937,Division 1,1B, Critical Care And Outreach
72880,Division 1,1A, Critical Care And Outreach
23217,Division 1,1B, Critical Care And Outreach
52434,Division 1,1B, Critical Care And Outreach
56731,Division 1,1B, Critical Care And Outreach
73668,Division 1,1B, Critical Care And Outreach
52510,Division 1,1B, Critical Care And Outreach
75361,Division 1,1B, Critical Care And Outreach
72681,Division 1,1B, Critical Care And Outreach
52791,Division 1,1B, Critical Care And Outreach
52800,Division 1,1B, Critical Care And Outreach
29747,Division 1,1B, Critical Care And Outreach
62978,Division 1,1B, Critical Care And Outreach
52850,Division 1,1B, Critical Care And Outreach
20227,Division 1,1B, Critical Care And Outreach
80183,Division 1,1A, Critical Care And Outreach
53187,Division 1,1B, Critical Care And Outreach
65468,Division 1,1B, Critical Care And Outreach
25267,Division 1,1B, Critical Care And Outreach
53279,Division 1,1B, Critical Care And Outreach
28974,Division 1,1B, Critical Care And Outreach
57031,Division 1,1B, Critical Care And Outreach
2847,Division 1,1B, Critical Care And Outreach
66372,Division 1,1B, Critical Care And Outreach
24884,Division 1,1B, Critical Care And Outreach
58799,Division 1,1B, Critical Care And Outreach
53660,Division 1,1B, Critical Care And Outreach
53741,Division 1,1B, Critical Care And Outreach
65981,Division 1,1B, Critical Care And Outreach
69024,Division 1,1A, Critical Care And Outreach
3090,Division 1,1B, Critical Care And Outreach
77115,Division 1,1B, Critical Care And Outreach
54044,Division 1,1B, Critical Care And Outreach
28720,Division 1,1B, Critical Care And Outreach
65868,Division 1,1A, Day Surgery And Admissions Lounge
62006,Division 1,1A, Day Surgery And Admissions Lounge
47059,Division 1,1A, Day Surgery And Admissions Lounge
65286,Division 1,1A, Day Surgery And Admissions Lounge
47327,Division 1,1A, Day Surgery And Admissions Lounge
30305,Division 1,1A, Day Surgery And Admissions Lounge
547,Division 1,1A, Day Surgery And Admissions Lounge
47752,Division 1,1A, Day Surgery And Admissions Lounge
47827,Division 1,1A, Day Surgery And Admissions Lounge
621,Division 1,1A, Day Surgery And Admissions Lounge
6186,Division 1,1A, Day Surgery And Admissions Lounge
54956,Division 1,1A, Day Surgery And Admissions Lounge
29603,Division 1,1A, Day Surgery And Admissions Lounge
35506,Division 1,1A, Day Surgery And Admissions Lounge
3793,Division 1,1A, Day Surgery And Admissions Lounge
1000,Division 1,1A, Day Surgery And Admissions Lounge
78160,Division 1,1A, Day Surgery And Admissions Lounge
49587,Division 1,1A, Day Surgery And Admissions Lounge
49619,Division 1,5A, Day Surgery And Admissions Lounge
1613,Division 1,1A, Day Surgery And Admissions Lounge
7520,Division 1,1A, Day Surgery And Admissions Lounge
50556,Division 1,1A, Day Surgery And Admissions Lounge
38619,Division 1,1A, Day Surgery And Admissions Lounge
75855,Division 1,1A, Day Surgery And Admissions Lounge
72346,Division 1,1A, Day Surgery And Admissions Lounge
70429,Division 1,1A, Day Surgery And Admissions Lounge
78785,Division 1,1A, Day Surgery And Admissions Lounge
3185,Division 1,1A, Day Surgery And Admissions Lounge
67035,Division 1,1A, Day Surgery And Admissions Lounge
77997,Division 1,1A, Day Surgery And Admissions Lounge
72872,Division 1,1A, Day Surgery And Admissions Lounge
40779,Division 1,1A, Day Surgery And Admissions Lounge
51920,Division 1,1A, Day Surgery And Admissions Lounge
62494,Division 1,1A, Day Surgery And Admissions Lounge
56400,Division 1,1A, Day Surgery And Admissions Lounge
30895,Division 1,1A, Day Surgery And Admissions Lounge
69498,Division 1,1A, Day Surgery And Admissions Lounge
52154,Division 1,1A, Day Surgery And Admissions Lounge
41664,Division 1,1A, Day Surgery And Admissions Lounge
42173,Division 1,1A, Day Surgery And Admissions Lounge
20484,Division 1,1A, Day Surgery And Admissions Lounge
52535,Division 1,1A, Day Surgery And Admissions Lounge
52625,Division 1,1A, Day Surgery And Admissions Lounge
42573,Division 1,1A, Day Surgery And Admissions Lounge
52971,Division 1,1A, Day Surgery And Admissions Lounge
52978,Division 1,1A, Day Surgery And Admissions Lounge
53111,Division 1,1A, Day Surgery And Admissions Lounge
53298,Division 1,1A, Day Surgery And Admissions Lounge
72896,Division 1,1A, Day Surgery And Admissions Lounge
72898,Division 1,1A, Day Surgery And Admissions Lounge
53704,Division 1,1A, Day Surgery And Admissions Lounge
3015,Division 1,1A, Day Surgery And Admissions Lounge
61076,Division 1,1A, Day Surgery And Admissions Lounge
33302,Division 1,1M, Div 1 Management
77944,Division 1,1M, Div 1 Management
81687,Division 1,1M, Div 1 Management
54795,Division 1,1M, Div 1 Management
67323,Division 1,1M, Div 1 Management
36360,Division 1,1M, Div 1 Management
63406,Division 1,1M, Div 1 Management
52155,Division 1,1M, Div 1 Management
65535,Division 1,1M, Div 1 Management
64314,Division 1,1M, Div 1 Management
23086,Division 1,1M, Div 1 Management
31049,Division 1,1B, Laboratory Medicine
31913,Division 1,1B, Laboratory Medicine
78703,Division 1,1B, Laboratory Medicine
46729,Division 1,1B, Laboratory Medicine
31219,Division 1,1B, Laboratory Medicine
54213,Division 1,1B, Laboratory Medicine
46782,Division 1,1B, Laboratory Medicine
46823,Division 1,1B, Laboratory Medicine
58775,Division 1,1B, Laboratory Medicine
65635,Division 1,1B, Laboratory Medicine
63377,Division 1,, Laboratory Medicine
58969,Division 1,1B, Laboratory Medicine
72638,Division 1,1B, Laboratory Medicine
28535,Division 1,1B, Laboratory Medicine
12475,Division 1,1B, Laboratory Medicine
47108,Division 1,1B, Laboratory Medicine
32713,Division 1,1B, Laboratory Medicine
62218,Division 1,1B, Laboratory Medicine
32945,Division 1,1B, Laboratory Medicine
29968,Division 1,1B, Laboratory Medicine
65485,Division 1,1B, Laboratory Medicine
83232,Division 1,1B, Laboratory Medicine
47452,Division 1,1B, Laboratory Medicine
76155,Division 1,1B, Laboratory Medicine
23627,Division 1,1B, Laboratory Medicine
67274,Division 1,1B, Laboratory Medicine
82069,Division 1,1B, Laboratory Medicine
30242,Division 1,1B, Laboratory Medicine
47569,Division 1,1B, Laboratory Medicine
58837,Division 1,1B, Laboratory Medicine
57488,Division 1,1B, Laboratory Medicine
5977,Division 1,1B, Laboratory Medicine
71456,Division 1,1B, Laboratory Medicine
33994,Division 1,1B, Laboratory Medicine
18686,Division 1,1B, Laboratory Medicine
78896,Division 1,1B, Laboratory Medicine
59796,Division 1,1B, Laboratory Medicine
30110,Division 1,1B, Laboratory Medicine
30564,Division 1,1B, Laboratory Medicine
34444,Division 1,1B, Laboratory Medicine
34473,Division 1,1B, Laboratory Medicine
34494,Division 1,1B, Laboratory Medicine
48159,Division 1,1B, Laboratory Medicine
66273,Division 1,1B, Laboratory Medicine
48295,Division 1,1B, Laboratory Medicine
66727,Division 1,1B, Laboratory Medicine
77477,Division 1,1B, Laboratory Medicine
64752,Division 1,1B, Laboratory Medicine
19432,Division 1,1B, Laboratory Medicine
48419,Division 1,1B, Laboratory Medicine
64753,Division 1,1B, Laboratory Medicine
45241,Division 1,1B, Laboratory Medicine
44819,Division 1,1B, Laboratory Medicine
66091,Division 1,1B, Laboratory Medicine
35398,Division 1,1B, Laboratory Medicine
35464,Division 1,1B, Laboratory Medicine
29158,Division 1,1B, Laboratory Medicine
74482,Division 1,1B, Laboratory Medicine
55019,Division 1,1B, Laboratory Medicine
6603,Division 1,1B, Laboratory Medicine
60564,Division 1,1B, Laboratory Medicine
49044,Division 1,1B, Laboratory Medicine
82080,Division 1,1B, Laboratory Medicine
76590,Division 1,1B, Laboratory Medicine
29950,Division 1,1B, Laboratory Medicine
74158,Division 1,1B, Laboratory Medicine
74370,Division 1,1B, Laboratory Medicine
58361,Division 1,1B, Laboratory Medicine
72629,Division 1,1B, Laboratory Medicine
49188,Division 1,1B, Laboratory Medicine
49272,Division 1,1B, Laboratory Medicine
30133,Division 1,1B, Laboratory Medicine
20896,Division 1,1B, Laboratory Medicine
58157,Division 1,1B, Laboratory Medicine
55183,Division 1,1B, Laboratory Medicine
62911,Division 1,1B, Laboratory Medicine
29858,Division 1,1B, Laboratory Medicine
36625,Division 1,1B, Laboratory Medicine
36661,Division 1,1B, Laboratory Medicine
71835,Division 1,1B, Laboratory Medicine
66346,Division 1,1B, Laboratory Medicine
79797,Division 1,1B, Laboratory Medicine
68348,Division 1,1B, Laboratory Medicine
49718,Division 1,1B, Laboratory Medicine
19452,Division 1,1B, Laboratory Medicine
7193,Division 1,1B, Laboratory Medicine
66458,Division 1,1B, Laboratory Medicine
68047,Division 1,1B, Laboratory Medicine
55596,Division 1,1B, Laboratory Medicine
37621,Division 1,1B, Laboratory Medicine
50057,Division 1,1B, Laboratory Medicine
18176,Division 1,1B, Laboratory Medicine
50063,Division 1,1B, Laboratory Medicine
24025,Division 1,1B, Laboratory Medicine
37971,Division 1,1B, Laboratory Medicine
29930,Division 1,1B, Laboratory Medicine
37989,Division 1,1B, Laboratory Medicine
50191,Division 1,1B, Laboratory Medicine
72617,Division 1,1B, Laboratory Medicine
31491,Division 1,1B, Laboratory Medicine
55662,Division 1,1B, Laboratory Medicine
57628,Division 1,1B, Laboratory Medicine
30290,Division 1,1B, Laboratory Medicine
45297,Division 1,1B, Laboratory Medicine
68845,Division 1,1B, Laboratory Medicine
50389,Division 1,1B, Laboratory Medicine
67322,Division 1,1B, Laboratory Medicine
21054,Division 1,1B, Laboratory Medicine
50599,Division 1,1B, Laboratory Medicine
26455,Division 1,1B, Laboratory Medicine
38740,Division 1,1B, Laboratory Medicine
55735,Division 1,1B, Laboratory Medicine
72341,Division 1,1B, Laboratory Medicine
7777,Division 1,1B, Laboratory Medicine
38969,Division 1,1B, Laboratory Medicine
7868,Division 1,1B, Laboratory Medicine
39357,Division 1,1B, Laboratory Medicine
55797,Division 1,1B, Laboratory Medicine
55799,Division 1,1B, Laboratory Medicine
27793,Division 1,1B, Laboratory Medicine
71157,Division 1,1B, Laboratory Medicine
51265,Division 1,1B, Laboratory Medicine
8088,Division 1,1B, Laboratory Medicine
39642,Division 1,1B, Laboratory Medicine
8098,Division 1,1B, Laboratory Medicine
71258,Division 1,1B, Laboratory Medicine
39691,Division 1,1B, Laboratory Medicine
39714,Division 1,1B, Laboratory Medicine
58181,Division 1,1B, Laboratory Medicine
55941,Division 1,1B, Laboratory Medicine
55944,Division 1,1B, Laboratory Medicine
75038,Division 1,1B, Laboratory Medicine
71549,Division 1,1B, Laboratory Medicine
67633,Division 1,1B, Laboratory Medicine
51464,Division 1,1B, Laboratory Medicine
56010,Division 1,1B, Laboratory Medicine
67200,Division 1,1B, Laboratory Medicine
56046,Division 1,1B, Laboratory Medicine
74171,Division 1,1B, Laboratory Medicine
62970,Division 1,1B, Laboratory Medicine
18193,Division 1,1B, Laboratory Medicine
29204,Division 1,1B, Laboratory Medicine
56116,Division 1,1B, Laboratory Medicine
56172,Division 1,1B, Laboratory Medicine
69807,Division 1,1B, Laboratory Medicine
24845,Division 1,1B, Laboratory Medicine
29662,Division 1,1B, Laboratory Medicine
66460,Division 1,1B, Laboratory Medicine
30500,Division 1,1B, Laboratory Medicine
70059,Division 1,1B, Laboratory Medicine
40541,Division 1,1B, Laboratory Medicine
8390,Division 1,1B, Laboratory Medicine
69430,Division 1,1B, Laboratory Medicine
40579,Division 1,1B, Laboratory Medicine
51768,Division 1,1B, Laboratory Medicine
40626,Division 1,1B, Laboratory Medicine
24402,Division 1,1B, Laboratory Medicine
8428,Division 1,1B, Laboratory Medicine
40789,Division 1,1B, Laboratory Medicine
18857,Division 1,1B, Laboratory Medicine
62292,Division 1,1B, Laboratory Medicine
70442,Division 1,1B, Laboratory Medicine
51873,Division 1,1B, Laboratory Medicine
8498,Division 1,1B, Laboratory Medicine
8527,Division 1,1B, Laboratory Medicine
41079,Division 1,1B, Laboratory Medicine
62294,Division 1,, Laboratory Medicine
56430,Division 1,1B, Laboratory Medicine
64346,Division 1,1B, Laboratory Medicine
10893,Division 1,1B, Laboratory Medicine
21901,Division 1,1B, Laboratory Medicine
30515,Division 1,1B, Laboratory Medicine
75697,Division 1,1B, Laboratory Medicine
25525,Division 1,1B, Laboratory Medicine
78007,Division 1,1B, Laboratory Medicine
8727,Division 1,1B, Laboratory Medicine
27643,Division 1,1B, Laboratory Medicine
8745,Division 1,1B, Laboratory Medicine
61806,Division 1,1B, Laboratory Medicine
70070,Division 1,1B, Laboratory Medicine
28865,Division 1,1B, Laboratory Medicine
65622,Division 1,1B, Laboratory Medicine
12142,Division 1,1B, Laboratory Medicine
71805,Division 1,1B, Laboratory Medicine
72625,Division 1,1B, Laboratory Medicine
8822,Division 1,1B, Laboratory Medicine
82019,Division 1,1B, Laboratory Medicine
81705,Division 1,1B, Laboratory Medicine
73994,Division 1,1B, Laboratory Medicine
42096,Division 1,1B, Laboratory Medicine
61487,Division 1,1B, Laboratory Medicine
8941,Division 1,1B, Laboratory Medicine
23161,Division 1,1B, Laboratory Medicine
60733,Division 1,1B, Laboratory Medicine
23533,Division 1,1B, Laboratory Medicine
9094,Division 1,1B, Laboratory Medicine
25088,Division 1,1B, Laboratory Medicine
52914,Division 1,1B, Laboratory Medicine
56869,Division 1,1B, Laboratory Medicine
52949,Division 1,1B, Laboratory Medicine
26927,Division 1,1B, Laboratory Medicine
42886,Division 1,1B, Laboratory Medicine
71128,Division 1,1B, Laboratory Medicine
65844,Division 1,1B, Laboratory Medicine
52974,Division 1,1B, Laboratory Medicine
52984,Division 1,1B, Laboratory Medicine
53172,Division 1,1B, Laboratory Medicine
25969,Division 1,1B, Laboratory Medicine
56964,Division 1,1B, Laboratory Medicine
21870,Division 1,1B, Laboratory Medicine
30854,Division 1,1B, Laboratory Medicine
59509,Division 1,1B, Laboratory Medicine
63001,Division 1,1B, Laboratory Medicine
53285,Division 1,1B, Laboratory Medicine
77537,Division 1,1B, Laboratory Medicine
72020,Division 1,1B, Laboratory Medicine
76032,Division 1,1B, Laboratory Medicine
13710,Division 1,1B, Laboratory Medicine
20220,Division 1,1B, Laboratory Medicine
9408,Division 1,1B, Laboratory Medicine
43638,Division 1,1B, Laboratory Medicine
30079,Division 1,1B, Laboratory Medicine
77052,Division 1,1B, Laboratory Medicine
74517,Division 1,1B, Laboratory Medicine
53544,Division 1,1B, Laboratory Medicine
43851,Division 1,1B, Laboratory Medicine
29663,Division 1,1B, Laboratory Medicine
74803,Division 1,1B, Laboratory Medicine
75750,Division 1,1B, Laboratory Medicine
44148,Division 1,1B, Laboratory Medicine
53764,Division 1,1B, Laboratory Medicine
53776,Division 1,1B, Laboratory Medicine
53817,Division 1,1B, Laboratory Medicine
75443,Division 1,1B, Laboratory Medicine
57237,Division 1,1B, Laboratory Medicine
26392,Division 1,1B, Laboratory Medicine
36247,Division 1,1B, NEQAS
70931,Division 1,1B, NEQAS
39862,Division 1,1B, NEQAS
52025,Division 1,1B, NEQAS
57006,Division 1,1B, NEQAS
5330,Division 1,1A, Pain
72190,Division 1,1A, Pain
67509,Division 1,1A, Pain
76839,Division 1,304 1B, Pharmacy
61874,Division 1,1B, Pharmacy
64371,Division 1,1B, Pharmacy
70249,Division 1,1B, Pharmacy
61875,Division 1,1B, Pharmacy
68217,Division 1,1B, Pharmacy
69063,Division 1,1B, Pharmacy
5344,Division 1,1B, Pharmacy
21804,Division 1,1B, Pharmacy
65284,Division 1,1B, Pharmacy
46770,Division 1,1B, Pharmacy
61876,Division 1,1B, Pharmacy
28143,Division 1,1B, Pharmacy
30906,Division 1,1B, Pharmacy
69880,Division 1,1B, Pharmacy
68219,Division 1,1B, Pharmacy
46890,Division 1,1B, Pharmacy
75246,Division 1,1B, Pharmacy
75801,Division 1,1B, Pharmacy
46953,Division 1,1B, Pharmacy
28661,Division 1,1B, Pharmacy
80807,Division 1,1B, Pharmacy
28568,Division 1,1B, Pharmacy
65285,Division 1,1B, Pharmacy
47051,Division 1,1B, Pharmacy
29323,Division 1,1B, Pharmacy
32577,Division 1,1B, Pharmacy
31270,Division 1,1B, Pharmacy
64368,Division 1,1B, Pharmacy
30422,Division 1,1B, Pharmacy
75726,Division 1,1B, Pharmacy
66191,Division 1,1B, Pharmacy
73620,Division 1,1B, Pharmacy
47426,Division 1,1B, Pharmacy
26291,Division 1,1B, Pharmacy
67999,Division 1,1B, Pharmacy
47504,Division 1,1B, Pharmacy
68329,Division 1,1B, Pharmacy
47508,Division 1,1B, Pharmacy
70894,Division 1,1B, Pharmacy
80819,Division 1,1B, Pharmacy
66721,Division 1,1B, Pharmacy
7466,Division 1,1B, Pharmacy
24848,Division 1,1B, Pharmacy
69511,Division 1,1B, Pharmacy
6002,Division 1,1B, Pharmacy
58339,Division 1,1B, Pharmacy
54673,Division 1,1B, Pharmacy
63784,Division 1,, Pharmacy
28474,Division 1,1B, Pharmacy
62228,Division 1,, Pharmacy
6223,Division 1,1B, Pharmacy
80826,Division 1,1B, Pharmacy
78311,Division 1,1B, Pharmacy
20085,Division 1,1B, Pharmacy
69074,Division 1,1B, Pharmacy
58143,Division 1,1B, Pharmacy
48278,Division 1,1B, Pharmacy
48281,Division 1,1B, Pharmacy
30971,Division 1,1B, Pharmacy
34936,Division 1,1B, Pharmacy
23486,Division 1,1B, Pharmacy
25517,Division 1,1B, Pharmacy
30899,Division 1,1B, Pharmacy
26266,Division 1,1B, Pharmacy
76300,Division 1,1B, Pharmacy
48769,Division 1,1B, Pharmacy
24355,Division 1,1B, Pharmacy
78905,Division 1,1B, Pharmacy
78741,Division 1,1B, Pharmacy
62938,Division 1,1B, Pharmacy
30399,Division 1,1B, Pharmacy
55105,Division 1,1B, Pharmacy
62325,Division 1,1B, Pharmacy
49076,Division 1,1B, Pharmacy
36047,Division 1,1B, Pharmacy
75255,Division 1,1B, Pharmacy
45233,Division 1,1B, Pharmacy
36160,Division 1,1B, Pharmacy
62029,Division 1,1B, Pharmacy
55157,Division 1,1B, Pharmacy
83009,Division 1,1B, Pharmacy
6740,Division 1,1B, Pharmacy
49296,Division 1,1B, Pharmacy
36383,Division 1,1B, Pharmacy
55187,Division 1,1B, Pharmacy
74159,Division 1,1B, Pharmacy
49352,Division 1,1B, Pharmacy
76317,Division 1,1B, Pharmacy
68975,Division 1,1B, Pharmacy
61188,Division 1,1B, Pharmacy
45079,Division 1,1B, Pharmacy
69970,Division 1,1B, Pharmacy
69516,Division 1,1B, Pharmacy
68249,Division 1,1B, Pharmacy
56074,Division 1,1B, Pharmacy
28886,Division 1,1B, Pharmacy
29656,Division 1,1B, Pharmacy
61963,Division 1,1B, Pharmacy
76450,Division 1,1B, Pharmacy
23877,Division 1,1B, Pharmacy
20353,Division 1,1B, Pharmacy
7135,Division 1,1B, Pharmacy
55463,Division 1,1B, Pharmacy
12998,Division 1,1B, Pharmacy
65617,Division 1,1B, Pharmacy
38419,Division 1,1B, Pharmacy
63090,Division 1,1B, Pharmacy
7414,Division 1,1B, Pharmacy
50135,Division 1,1B, Pharmacy
30074,Division 1,1B, Pharmacy
50168,Division 1,1B, Pharmacy
65840,Division 1,, Pharmacy
73647,Division 1,1B, Pharmacy
66304,Division 1,1B, Pharmacy
50243,Division 1,1B, Pharmacy
50374,Division 1,1B, Pharmacy
38349,Division 1,1B, Pharmacy
68987,Division 1,1B, Pharmacy
62486,Division 1,1B, Pharmacy
62137,Division 1,1B, Pharmacy
50471,Division 1,1B, Pharmacy
70047,Division 1,1B, Pharmacy
71251,Division 1,1B, Pharmacy
50710,Division 1,1B, Pharmacy
7756,Division 1,1B, Pharmacy
50768,Division 1,1B, Pharmacy
29460,Division 1,1B, Pharmacy
28600,Division 1,1B, Pharmacy
7874,Division 1,1B, Pharmacy
7902,Division 1,1B, Pharmacy
82401,Division 1,1B, Pharmacy
50987,Division 1,1B, Pharmacy
51041,Division 1,1B, Pharmacy
39548,Division 1,1B, Pharmacy
66691,Division 1,1B, Pharmacy
39670,Division 1,1B, Pharmacy
69424,Division 1,1B, Pharmacy
39815,Division 1,1B, Pharmacy
8174,Division 1,1B, Pharmacy
8182,Division 1,1B, Pharmacy
8225,Division 1,1B, Pharmacy
83873,Division 1,1B, Pharmacy
72871,Division 1,1B, Pharmacy
28660,Division 1,1B, Pharmacy
56096,Division 1,1B, Pharmacy
65188,Division 1,1B, Pharmacy
27625,Division 1,1B, Pharmacy
40333,Division 1,1B, Pharmacy
40403,Division 1,1B, Pharmacy
63108,Division 1,1B, Pharmacy
58242,Division 1,1B, Pharmacy
51693,Division 1,1B, Pharmacy
51700,Division 1,1B, Pharmacy
60974,Division 1,1B, Pharmacy
20169,Division 1,1B, Pharmacy
67266,Division 1,1B, Pharmacy
28901,Division 1,1B, Pharmacy
28350,Division 1,1B, Pharmacy
56324,Division 1,1B, Pharmacy
30182,Division 1,1B, Pharmacy
24401,Division 1,1B, Pharmacy
45770,Division 1,1B, Pharmacy
71270,Division 1,1B, Pharmacy
31593,Division 1,1B, Pharmacy
76012,Division 1,1B, Pharmacy
41461,Division 1,1B, Pharmacy
41462,Division 1,1B, Pharmacy
8738,Division 1,1B, Pharmacy
63807,Division 1,1B, Pharmacy
18853,Division 1,1B, Pharmacy
28549,Division 1,1B, Pharmacy
52246,Division 1,1B, Pharmacy
62052,Division 1,1B, Pharmacy
46339,Division 1,1B, Pharmacy
68278,Division 1,1B, Pharmacy
70991,Division 1,1B, Pharmacy
60957,Division 1,1B, Pharmacy
42282,Division 1,1B, Pharmacy
52602,Division 1,1B, Pharmacy
52605,Division 1,1B, Pharmacy
60983,Division 1,1B, Pharmacy
75362,Division 1,1B, Pharmacy
30440,Division 1,1B, Pharmacy
9017,Division 1,1B, Pharmacy
62170,Division 1,1B, Pharmacy
20603,Division 1,1B, Pharmacy
52703,Division 1,1B, Pharmacy
64756,Division 1,1B, Pharmacy
73670,Division 1,1B, Pharmacy
62158,Division 1,1B, Pharmacy
9063,Division 1,1B, Pharmacy
69108,Division 1,1B, Pharmacy
77532,Division 1,1B, Pharmacy
29927,Division 1,1B, Pharmacy
22497,Division 1,1B, Pharmacy
75709,Division 1,1B, Pharmacy
23288,Division 1,1B, Pharmacy
30064,Division 1,1B, Pharmacy
68485,Division 1,1B, Pharmacy
75712,Division 1,1B, Pharmacy
60987,Division 1,1B, Pharmacy
9287,Division 1,1B, Pharmacy
31012,Division 1,1B, Pharmacy
29562,Division 1,1B, Pharmacy
60988,Division 1,1B, Pharmacy
43469,Division 1,1B, Pharmacy
9363,Division 1,1B, Pharmacy
26373,Division 1,1B, Pharmacy
53471,Division 1,1B, Pharmacy
23215,Division 1,1B, Pharmacy
73112,Division 1,1B, Pharmacy
58632,Division 1,1B, Pharmacy
57135,Division 1,1B, Pharmacy
60994,Division 1,1B, Pharmacy
9679,Division 1,1B, Pharmacy
74186,Division 1,1B, Pharmacy
31002,Division 1,1B, Pharmacy
57222,Division 1,1B, Pharmacy
65975,Division 1,1B, Pharmacy
68291,Division 1,1B, Pharmacy
63435,Division 1,1B, Pharmacy
77058,Division 1,1B, Pharmacy
54262,Division 1,1B, Pharmacy
80773,Division 1,295 1B, Radiology And Medical Physics
77470,Division 1,304 1B, Radiology And Medical Physics
63682,Division 1,304 1B, Radiology And Medical Physics
79854,Division 1,304 1B, Radiology And Medical Physics
73099,Division 1,304 1B, Radiology And Medical Physics
68937,Division 1,1B, Radiology And Medical Physics
54127,Division 1,1B, Radiology And Medical Physics
32003,Division 1,1B, Radiology And Medical Physics
64121,Division 1,1B, Radiology And Medical Physics
61830,Division 1,1B, Radiology And Medical Physics
75757,Division 1,1B, Radiology And Medical Physics
82466,Division 1,1B, Radiology And Medical Physics
5381,Division 1,1B, Radiology And Medical Physics
32165,Division 1,1B, Radiology And Medical Physics
69244,Division 1,1B, Radiology And Medical Physics
61577,Division 1,1B, Radiology And Medical Physics
32253,Division 1,1B, Radiology And Medical Physics
12427,Division 1,1B, Radiology And Medical Physics
68418,Division 1,1B, Radiology And Medical Physics
5462,Division 1,1B, Radiology And Medical Physics
62346,Division 1,1B, Radiology And Medical Physics
29042,Division 1,1B, Radiology And Medical Physics
60937,Division 1,1B, Radiology And Medical Physics
76990,Division 1,1B, Radiology And Medical Physics
32556,Division 1,1B, Radiology And Medical Physics
68735,Division 1,1B, Radiology And Medical Physics
47120,Division 1,1B, Radiology And Medical Physics
62918,Division 1,1B, Radiology And Medical Physics
54408,Division 1,1B, Radiology And Medical Physics
54487,Division 1,1B, Radiology And Medical Physics
12543,Division 1,1B, Radiology And Medical Physics
5755,Division 1,1B, Radiology And Medical Physics
29127,Division 1,1B, Radiology And Medical Physics
47586,Division 1,1B, Radiology And Medical Physics
5855,Division 1,1B, Radiology And Medical Physics
33553,Division 1,1B, Radiology And Medical Physics
76283,Division 1,1B, Radiology And Medical Physics
75019,Division 1,1B, Radiology And Medical Physics
5933,Division 1,1B, Radiology And Medical Physics
5934,Division 1,1B, Radiology And Medical Physics
71288,Division 1,1B, Radiology And Medical Physics
29359,Division 1,1B, Radiology And Medical Physics
45279,Division 1,1B, Radiology And Medical Physics
47862,Division 1,1B, Radiology And Medical Physics
54631,Division 1,1B, Radiology And Medical Physics
23382,Division 1,1B, Radiology And Medical Physics
47937,Division 1,1B, Radiology And Medical Physics
34192,Division 1,1B, Radiology And Medical Physics
45914,Division 1,1B, Radiology And Medical Physics
34356,Division 1,1B, Radiology And Medical Physics
54753,Division 1,1B, Radiology And Medical Physics
25467,Division 1,1B, Radiology And Medical Physics
34506,Division 1,1B, Radiology And Medical Physics
34524,Division 1,1B, Radiology And Medical Physics
54839,Division 1,1B, Radiology And Medical Physics
48130,Division 1,1B, Radiology And Medical Physics
34582,Division 1,1B, Radiology And Medical Physics
6194,Division 1,1B, Radiology And Medical Physics
80828,Division 1,1B, Radiology And Medical Physics
34651,Division 1,1B, Radiology And Medical Physics
34653,Division 1,1B, Radiology And Medical Physics
34714,Division 1,1B, Radiology And Medical Physics
78901,Division 1,1B, Radiology And Medical Physics
61836,Division 1,1B, Radiology And Medical Physics
62728,Division 1,1B, Radiology And Medical Physics
34918,Division 1,1B, Radiology And Medical Physics
25826,Division 1,1B, Radiology And Medical Physics
75742,Division 1,1B, Radiology And Medical Physics
34963,Division 1,1B, Radiology And Medical Physics
34988,Division 1,1B, Radiology And Medical Physics
48385,Division 1,1B, Radiology And Medical Physics
35053,Division 1,1B, Radiology And Medical Physics
76295,Division 1,1B, Radiology And Medical Physics
35142,Division 1,1B, Radiology And Medical Physics
48607,Division 1,1B, Radiology And Medical Physics
69757,Division 1,1B, Radiology And Medical Physics
48685,Division 1,1B, Radiology And Medical Physics
48710,Division 1,1B, Radiology And Medical Physics
6504,Division 1,1B, Radiology And Medical Physics
61897,Division 1,1B, Radiology And Medical Physics
48770,Division 1,1B, Radiology And Medical Physics
75133,Division 1,1B, Radiology And Medical Physics
35509,Division 1,1B, Radiology And Medical Physics
57941,Division 1,1B, Radiology And Medical Physics
6579,Division 1,1B, Radiology And Medical Physics
35726,Division 1,1B, Radiology And Medical Physics
59855,Division 1,1B, Radiology And Medical Physics
64352,Division 1,, Radiology And Medical Physics
19775,Division 1,1B, Radiology And Medical Physics
28511,Division 1,1B, Radiology And Medical Physics
49014,Division 1,1B, Radiology And Medical Physics
27011,Division 1,1B, Radiology And Medical Physics
35956,Division 1,1B, Radiology And Medical Physics
19773,Division 1,1B, Radiology And Medical Physics
35989,Division 1,1B, Radiology And Medical Physics
73637,Division 1,1B, Radiology And Medical Physics
66675,Division 1,1B, Radiology And Medical Physics
49071,Division 1,1B, Radiology And Medical Physics
71821,Division 1,1B, Radiology And Medical Physics
36178,Division 1,1B, Radiology And Medical Physics
68740,Division 1,1B, Radiology And Medical Physics
36255,Division 1,1B, Radiology And Medical Physics
6774,Division 1,1B, Radiology And Medical Physics
6784,Division 1,1B, Radiology And Medical Physics
49300,Division 1,1B, Radiology And Medical Physics
63308,Division 1,1B, Radiology And Medical Physics
61864,Division 1,1B, Radiology And Medical Physics
6813,Division 1,1B, Radiology And Medical Physics
36476,Division 1,1B, Radiology And Medical Physics
55234,Division 1,1B, Radiology And Medical Physics
61838,Division 1,, Radiology And Medical Physics
78483,Division 1,1B, Radiology And Medical Physics
36554,Division 1,1B, Radiology And Medical Physics
28860,Division 1,1B, Radiology And Medical Physics
28041,Division 1,1B, Radiology And Medical Physics
84592,Division 1,1B, Radiology And Medical Physics
28335,Division 1,1B, Radiology And Medical Physics
55356,Division 1,1B, Radiology And Medical Physics
36847,Division 1,1B, Radiology And Medical Physics
49515,Division 1,1B, Radiology And Medical Physics
49519,Division 1,1B, Radiology And Medical Physics
49534,Division 1,1B, Radiology And Medical Physics
75212,Division 1,1B, Radiology And Medical Physics
36947,Division 1,1B, Radiology And Medical Physics
55395,Division 1,1B, Radiology And Medical Physics
7047,Division 1,1B, Radiology And Medical Physics
55420,Division 1,1B, Radiology And Medical Physics
69784,Division 1,1B, Radiology And Medical Physics
85034,Division 1,1B, Radiology And Medical Physics
61098,Division 1,1B, Radiology And Medical Physics
49746,Division 1,1B, Radiology And Medical Physics
49751,Division 1,1B, Radiology And Medical Physics
49760,Division 1,1B, Radiology And Medical Physics
73644,Division 1,1B, Radiology And Medical Physics
37270,Division 1,1B, Radiology And Medical Physics
29154,Division 1,1B, Radiology And Medical Physics
68982,Division 1,1B, Radiology And Medical Physics
7256,Division 1,1B, Radiology And Medical Physics
25650,Division 1,1B, Radiology And Medical Physics
66404,Division 1,1B, Radiology And Medical Physics
67425,Division 1,1B, Radiology And Medical Physics
31611,Division 1,1B, Radiology And Medical Physics
37750,Division 1,1B, Radiology And Medical Physics
7441,Division 1,1B, Radiology And Medical Physics
73522,Division 1,1B, Radiology And Medical Physics
37965,Division 1,1B, Radiology And Medical Physics
50139,Division 1,1B, Radiology And Medical Physics
61839,Division 1,1B, Radiology And Medical Physics
72237,Division 1,1B, Radiology And Medical Physics
50261,Division 1,1B, Radiology And Medical Physics
67350,Division 1,1B, Radiology And Medical Physics
55657,Division 1,1B, Radiology And Medical Physics
38262,Division 1,1B, Radiology And Medical Physics
38395,Division 1,1B, Radiology And Medical Physics
21047,Division 1,1B, Radiology And Medical Physics
50421,Division 1,1B, Radiology And Medical Physics
61731,Division 1,1B, Radiology And Medical Physics
68736,Division 1,1B, Radiology And Medical Physics
65838,Division 1,1B, Radiology And Medical Physics
76611,Division 1,1B, Radiology And Medical Physics
38616,Division 1,1B, Radiology And Medical Physics
60033,Division 1,1B, Radiology And Medical Physics
45278,Division 1,1B, Radiology And Medical Physics
50725,Division 1,1B, Radiology And Medical Physics
30437,Division 1,1B, Radiology And Medical Physics
39194,Division 1,1B, Radiology And Medical Physics
68357,Division 1,1B, Radiology And Medical Physics
79413,Division 1,1B, Radiology And Medical Physics
61576,Division 1,1B, Radiology And Medical Physics
8031,Division 1,1B, Radiology And Medical Physics
51158,Division 1,1B, Radiology And Medical Physics
30080,Division 1,1B, Radiology And Medical Physics
30849,Division 1,1B, Radiology And Medical Physics
39612,Division 1,1B, Radiology And Medical Physics
39667,Division 1,1B, Radiology And Medical Physics
61842,Division 1,1B, Radiology And Medical Physics
8134,Division 1,1B, Radiology And Medical Physics
39770,Division 1,1B, Radiology And Medical Physics
39863,Division 1,1B, Radiology And Medical Physics
39910,Division 1,1B, Radiology And Medical Physics
39975,Division 1,1B, Radiology And Medical Physics
51458,Division 1,1B, Radiology And Medical Physics
40131,Division 1,1B, Radiology And Medical Physics
61951,Division 1,, Radiology And Medical Physics
40266,Division 1,1B, Radiology And Medical Physics
30990,Division 1,1B, Radiology And Medical Physics
31400,Division 1,1B, Radiology And Medical Physics
8327,Division 1,1B, Radiology And Medical Physics
51617,Division 1,1B, Radiology And Medical Physics
64348,Division 1,1B, Radiology And Medical Physics
31091,Division 1,1B, Radiology And Medical Physics
76348,Division 1,1B, Radiology And Medical Physics
8355,Division 1,1B, Radiology And Medical Physics
75904,Division 1,1B, Radiology And Medical Physics
78201,Division 1,1B, Radiology And Medical Physics
29505,Division 1,1B, Radiology And Medical Physics
51728,Division 1,1B, Radiology And Medical Physics
51732,Division 1,1B, Radiology And Medical Physics
77520,Division 1,1B, Radiology And Medical Physics
74589,Division 1,1B, Radiology And Medical Physics
40672,Division 1,1B, Radiology And Medical Physics
56253,Division 1,1B, Radiology And Medical Physics
40729,Division 1,1B, Radiology And Medical Physics
68876,Division 1,1B, Radiology And Medical Physics
51828,Division 1,1B, Radiology And Medical Physics
51850,Division 1,1B, Radiology And Medical Physics
72518,Division 1,1B, Radiology And Medical Physics
65356,Division 1,1B, Radiology And Medical Physics
57352,Division 1,1B, Radiology And Medical Physics
8484,Division 1,1B, Radiology And Medical Physics
8509,Division 1,1B, Radiology And Medical Physics
58192,Division 1,1B, Radiology And Medical Physics
73454,Division 1,1B, Radiology And Medical Physics
8675,Division 1,1B, Radiology And Medical Physics
56465,Division 1,1B, Radiology And Medical Physics
52086,Division 1,1B, Radiology And Medical Physics
56526,Division 1,1B, Radiology And Medical Physics
56529,Division 1,1B, Radiology And Medical Physics
13444,Division 1,1B, Radiology And Medical Physics
41452,Division 1,1B, Radiology And Medical Physics
73291,Division 1,1B, Radiology And Medical Physics
64715,Division 1,1B, Radiology And Medical Physics
41591,Division 1,1B, Radiology And Medical Physics
62048,Division 1,1B, Radiology And Medical Physics
62298,Division 1,1B, Radiology And Medical Physics
56573,Division 1,1B, Radiology And Medical Physics
18629,Division 1,1B, Radiology And Medical Physics
69326,Division 1,1B, Radiology And Medical Physics
8801,Division 1,1B, Radiology And Medical Physics
61868,Division 1,1B, Radiology And Medical Physics
56596,Division 1,1B, Radiology And Medical Physics
56603,Division 1,1B, Radiology And Medical Physics
11079,Division 1,1B, Radiology And Medical Physics
61807,Division 1,1B, Radiology And Medical Physics
65201,Division 1,1B, Radiology And Medical Physics
72517,Division 1,1B, Radiology And Medical Physics
52409,Division 1,1B, Radiology And Medical Physics
56714,Division 1,1B, Radiology And Medical Physics
81636,Division 1,1B, Radiology And Medical Physics
42106,Division 1,1B, Radiology And Medical Physics
52479,Division 1,1B, Radiology And Medical Physics
30412,Division 1,1B, Radiology And Medical Physics
8945,Division 1,1B, Radiology And Medical Physics
29540,Division 1,1B, Radiology And Medical Physics
52538,Division 1,1B, Radiology And Medical Physics
77528,Division 1,1B, Radiology And Medical Physics
52574,Division 1,1B, Radiology And Medical Physics
56788,Division 1,1B, Radiology And Medical Physics
44924,Division 1,1B, Radiology And Medical Physics
42413,Division 1,1B, Radiology And Medical Physics
52674,Division 1,1B, Radiology And Medical Physics
52683,Division 1,1B, Radiology And Medical Physics
42460,Division 1,1B, Radiology And Medical Physics
16050,Division 1,1B, Radiology And Medical Physics
61574,Division 1,1B, Radiology And Medical Physics
63140,Division 1,1B, Radiology And Medical Physics
45022,Division 1,1B, Radiology And Medical Physics
52728,Division 1,1B, Radiology And Medical Physics
65662,Division 1,1B, Radiology And Medical Physics
31216,Division 1,1B, Radiology And Medical Physics
52812,Division 1,1B, Radiology And Medical Physics
61815,Division 1,1B, Radiology And Medical Physics
63291,Division 1,1B, Radiology And Medical Physics
43103,Division 1,1B, Radiology And Medical Physics
9249,Division 1,1B, Radiology And Medical Physics
59622,Division 1,1B, Radiology And Medical Physics
70560,Division 1,1B, Radiology And Medical Physics
61941,Division 1,1B, Radiology And Medical Physics
43335,Division 1,1B, Radiology And Medical Physics
28834,Division 1,1B, Radiology And Medical Physics
45306,Division 1,1B, Radiology And Medical Physics
60022,Division 1,1B, Radiology And Medical Physics
43438,Division 1,1B, Radiology And Medical Physics
43474,Division 1,1B, Radiology And Medical Physics
53370,Division 1,1B, Radiology And Medical Physics
62066,Division 1,1B, Radiology And Medical Physics
9481,Division 1,1B, Radiology And Medical Physics
43725,Division 1,1B, Radiology And Medical Physics
9430,Division 1,1B, Radiology And Medical Physics
43751,Division 1,1B, Radiology And Medical Physics
53576,Division 1,1B, Radiology And Medical Physics
53604,Division 1,1B, Radiology And Medical Physics
44986,Division 1,1B, Radiology And Medical Physics
53621,Division 1,1B, Radiology And Medical Physics
66803,Division 1,1B, Radiology And Medical Physics
57102,Division 1,1B, Radiology And Medical Physics
65545,Division 1,1B, Radiology And Medical Physics
68490,Division 1,1B, Radiology And Medical Physics
44062,Division 1,1B, Radiology And Medical Physics
57167,Division 1,1B, Radiology And Medical Physics
57171,Division 1,1B, Radiology And Medical Physics
30326,Division 1,1B, Radiology And Medical Physics
63129,Division 1,1B, Radiology And Medical Physics
58226,Division 1,1B, Radiology And Medical Physics
66900,Division 1,1B, Radiology And Medical Physics
20338,Division 1,1B, Radiology And Medical Physics
53924,Division 1,2B, Radiology And Medical Physics
75721,Division 1,1B, Radiology And Medical Physics
57301,Division 1,1B, Radiology And Medical Physics
61787,Division 1,1B, Radiology And Medical Physics
61077,Division 1,1B, Radiology And Medical Physics
66640,Division 1,1B, Radiology And Medical Physics
61078,Division 1,1B, Radiology And Medical Physics
61956,Division 1,1B, Radiology And Medical Physics
54067,Division 1,1B, Radiology And Medical Physics
84906,Division 1,295 1A, Theatres
76469,Division 1,295 1A, Theatres
76343,Division 1,304 1A, Theatres
46677,Division 1,1A, Theatres
67125,Division 1,1A, Theatres
71966,Division 1,1A, Theatres
46717,Division 1,1A, Theatres
80046,Division 1,1A, Theatres
3161,Division 1,1A, Theatres
45558,Division 1,1A, Theatres
46762,Division 1,1A, Theatres
78448,Division 1,1A, Theatres
70490,Division 1,1A, Theatres
19287,Division 1,1A, Theatres
57425,Division 1,1A, Theatres
206,Division 1,1A, Theatres
54372,Division 1,1A, Theatres
32798,Division 1,1A, Theatres
21195,Division 1,1A, Theatres
70169,Division 1,1A, Theatres
9789,Division 1,1A, Theatres
47346,Division 1,1A, Theatres
25269,Division 1,1A, Theatres
47417,Division 1,1A, Theatres
33198,Division 1,1A, Theatres
33205,Division 1,1A, Theatres
66020,Division 1,1A, Theatres
31393,Division 1,1A, Theatres
67473,Division 1,1A, Theatres
70383,Division 1,1A, Theatres
57418,Division 1,1A, Theatres
69138,Division 1,1A, Theatres
3252,Division 1,1A, Theatres
28928,Division 1,1A, Theatres
47713,Division 1,1A, Theatres
47715,Division 1,1A, Theatres
73791,Division 1,1A, Theatres
47783,Division 1,1A, Theatres
33862,Division 1,1A, Theatres
66994,Division 1,1A, Theatres
74542,Division 1,1A, Theatres
33936,Division 1,1A, Theatres
34084,Division 1,1A, Theatres
69260,Division 1,1A, Theatres
48116,Division 1,1A, Theatres
19580,Division 1,1A, Theatres
54805,Division 1,1A, Theatres
54820,Division 1,1A, Theatres
34634,Division 1,1A, Theatres
48183,Division 1,1A, Theatres
31307,Division 1,1A, Theatres
48199,Division 1,1A, Theatres
69267,Division 1,1A, Theatres
48265,Division 1,1A, Theatres
34802,Division 1,1A, Theatres
12699,Division 1,1A, Theatres
19349,Division 1,1A, Theatres
48354,Division 1,1A, Theatres
54918,Division 1,1A, Theatres
12717,Division 1,1A, Theatres
6466,Division 1,1A, Theatres
35322,Division 1,1A, Theatres
46615,Division 1,1A, Theatres
67179,Division 1,1A, Theatres
6568,Division 1,1A, Theatres
61778,Division 1,1A, Theatres
1046,Division 1,1A, Theatres
49074,Division 1,1A, Theatres
68404,Division 1,1A, Theatres
46006,Division 1,1A, Theatres
25161,Division 1,1A, Theatres
23050,Division 1,1A, Theatres
1076,Division 1,1A, Theatres
36442,Division 1,1A, Theatres
73173,Division 1,1A, Theatres
36472,Division 1,1A, Theatres
55217,Division 1,1A, Theatres
49364,Division 1,1A, Theatres
49372,Division 1,1A, Theatres
12892,Division 1,1A, Theatres
26579,Division 1,1A, Theatres
55299,Division 1,1A, Theatres
64620,Division 1,1A, Theatres
36931,Division 1,1A, Theatres
49570,Division 1,1A, Theatres
7010,Division 1,1A, Theatres
69285,Division 1,1A, Theatres
20696,Division 1,1A, Theatres
49670,Division 1,1A, Theatres
62142,Division 1,1A, Theatres
37256,Division 1,1A, Theatres
49770,Division 1,1A, Theatres
28352,Division 1,1A, Theatres
49823,Division 1,1A, Theatres
61474,Division 1,1A, Theatres
37416,Division 1,1A, Theatres
65261,Division 1,1A, Theatres
37549,Division 1,1A, Theatres
55575,Division 1,1A, Theatres
68253,Division 1,1A, Theatres
67487,Division 1,1A, Theatres
1465,Division 1,1A, Theatres
1478,Division 1,1A, Theatres
37688,Division 1,1A, Theatres
50009,Division 1,1A, Theatres
1552,Division 1,1A, Theatres
3795,Division 1,1A, Theatres
7511,Division 1,1A, Theatres
70594,Division 1,1A, Theatres
15278,Division 1,1A, Theatres
38240,Division 1,1A, Theatres
50351,Division 1,1A, Theatres
38426,Division 1,1A, Theatres
50440,Division 1,1A, Theatres
28487,Division 1,1A, Theatres
50551,Division 1,1A, Theatres
50579,Division 1,1A, Theatres
76613,Division 1,1A, Theatres
59344,Division 1,1A, Theatres
58811,Division 1,1A, Theatres
38663,Division 1,1A, Theatres
50621,Division 1,1A, Theatres
38722,Division 1,1A, Theatres
55722,Division 1,1A, Theatres
81310,Division 1,1A, Theatres
63401,Division 1,1A, Theatres
38772,Division 1,1A, Theatres
55749,Division 1,1A, Theatres
50703,Division 1,1A, Theatres
50797,Division 1,1A, Theatres
50819,Division 1,1A, Theatres
46173,Division 1,1A, Theatres
1879,Division 1,1A, Theatres
73057,Division 1,1A, Theatres
51116,Division 1,1A, Theatres
18593,Division 1,1A, Theatres
69928,Division 1,1A, Theatres
14553,Division 1,1A, Theatres
8107,Division 1,1A, Theatres
55865,Division 1,1A, Theatres
39819,Division 1,1A, Theatres
39869,Division 1,1A, Theatres
71796,Division 1,1A, Theatres
39956,Division 1,1A, Theatres
63294,Division 1,1A, Theatres
55995,Division 1,1A, Theatres
63611,Division 1,1A, Theatres
51531,Division 1,1A, Theatres
80563,Division 1,1A, Theatres
26999,Division 1,1A, Theatres
67202,Division 1,1A, Theatres
62497,Division 1,1A, Theatres
61802,Division 1,1A, Theatres
27613,Division 1,1A, Theatres
58188,Division 1,1A, Theatres
19934,Division 1,1A, Theatres
8430,Division 1,1A, Theatres
56250,Division 1,1A, Theatres
30643,Division 1,1A, Theatres
65194,Division 1,1A, Theatres
72569,Division 1,1A, Theatres
40910,Division 1,1A, Theatres
45534,Division 1,1A, Theatres
56403,Division 1,1A, Theatres
52057,Division 1,1A, Theatres
72877,Division 1,1A, Theatres
15626,Division 1,1A, Theatres
14823,Division 1,1A, Theatres
56470,Division 1,1A, Theatres
52134,Division 1,1A, Theatres
2405,Division 1,1A, Theatres
56558,Division 1,1A, Theatres
52240,Division 1,1A, Theatres
70526,Division 1,1A, Theatres
52305,Division 1,1A, Theatres
56668,Division 1,1A, Theatres
69009,Division 1,1A, Theatres
52557,Division 1,1A, Theatres
52660,Division 1,1A, Theatres
52744,Division 1,1A, Theatres
30268,Division 1,1A, Theatres
52823,Division 1,1A, Theatres
42712,Division 1,1A, Theatres
52889,Division 1,1A, Theatres
52931,Division 1,1A, Theatres
13611,Division 1,1A, Theatres
31489,Division 1,1A, Theatres
52993,Division 1,1A, Theatres
70996,Division 1,1A, Theatres
78956,Division 1,1A, Theatres
43083,Division 1,1A, Theatres
73307,Division 1,1A, Theatres
53163,Division 1,1A, Theatres
43178,Division 1,1A, Theatres
53174,Division 1,1A, Theatres
43301,Division 1,1A, Theatres
56995,Division 1,1A, Theatres
43569,Division 1,1A, Theatres
46417,Division 1,1A, Theatres
53440,Division 1,1A, Theatres
9490,Division 1,1A, Theatres
46597,Division 1,1A, Theatres
61944,Division 1,1A, Theatres
60015,Division 1,1A, Theatres
9573,Division 1,1A, Theatres
45390,Division 1,1A, Theatres
44005,Division 1,1A, Theatres
77054,Division 1,1A, Theatres
53728,Division 1,1A, Theatres
67215,Division 1,1A, Theatres
19390,Division 1,1A, Theatres
53772,Division 1,1A, Theatres
53788,Division 1,1A, Theatres
53833,Division 1,1A, Theatres
53846,Division 1,1A, Theatres
29147,Division 1,1A, Theatres
23173,Division 1,1A, Theatres
73423,Division 1,1A, Theatres
59929,Division 1,1A, Theatres
29955,Division 1,1A, Theatres
54063,Division 1,1A, Theatres
73730,Division 1,295 1B,
74254,Division 1,304 1B,
80343,Division 1,304 1B,
75686,Division 1,295 1B,
71488,Division 1,295 1A,
81220,Division 1,295 1A,
5399,Division 2,2A, 2A Wards
69066,Division 2,2A, 2A Wards
47085,Division 2,2A, 2A Wards
228,Division 2,2A, 2A Wards
47251,Division 2,2A, 2A Wards
66560,Division 2,2A, 2A Wards
33090,Division 2,2A, 2A Wards
47379,Division 2,2A, 2A Wards
47448,Division 2,2A, 2A Wards
47475,Division 2,2A, 2A Wards
58414,Division 2,2A, 2A Wards
69262,Division 2,2A, 2A Wards
59028,Division 2,2A, 2A Wards
71392,Division 2,2A, 2A Wards
48379,Division 2,2A, 2A Wards
48398,Division 2,2A, 2A Wards
66956,Division 2,2A, 2A Wards
57933,Division 2,2A, 2A Wards
65170,Division 2,2A, 2A Wards
69777,Division 2,2A, 2A Wards
89141,Division 2,2A, 2A Wards
90308,Division 2,2A, 2A Wards
137,Division 2,2A, 2A Wards
78861,Division 2,2A, 2A Wards
96128,Division 2,2A, 2A Wards
32151,Division 2,2A, 2A Wards
81550,Division 2,2A, 2A Wards
46932,Division 2,2A, 2A Wards
16471,Division 2,2A, 2A Wards
87857,Division 2,2A, 2A Wards
92687,Division 2,2A, 2A Wards
12471,Division 2,2A, 2A Wards
47107,Division 2,2A, 2A Wards
254,Division 2,2A, 2A Wards
47132,Division 2,2A, 2A Wards
3256,Division 2,2A, 2A Wards
24688,Division 2,2A, 2A Wards
318,Division 2,, 2A Wards
30424,Division 2,2A, 2A Wards
3781,Division 2,2A, 2A Wards
76995,Division 2,2A, 2A Wards
72305,Division 2,2A, 2A Wards
366,Division 2,2A, 2A Wards
54503,Division 2,2A, 2A Wards
33239,Division 2,2A, 2A Wards
377,Division 2,2A, 2A Wards
93576,Division 2,2A, 2A Wards
61532,Division 2,2A, 2A Wards
404,Division 2,2A, 2A Wards
16115,Division 2,2A, 2A Wards
422,Division 2,2A, 2A Wards
65293,Division 2,2A, 2A Wards
72573,Division 2,2A, 2A Wards
52562,Division 2,2A, 2A Wards
11253,Division 2,2A, 2A Wards
13557,Division 2,2A, 2A Wards
52740,Division 2,2A, 2A Wards
23108,Division 2,2A, 2A Wards
53022,Division 2,2A, 2A Wards
64646,Division 2,2A, 2A Wards
71422,Division 2,2A, 2A Wards
66298,Division 2,2A, 2A Wards
2809,Division 2,2A, 2A Wards
69357,Division 2,2A, 2A Wards
53845,Division 2,2A, 2A Wards
57271,Division 2,2A, 2A Wards
46736,Division 2,2B, 2B Wards
71040,Division 2,2B, 2B Wards
66186,Division 2,2B, 2B Wards
47290,Division 2,2B, 2B Wards
68788,Division 2,2B, 2B Wards
64684,Division 2,2B, 2B Wards
25295,Division 2,2B, 2B Wards
47518,Division 2,4A, 2B Wards
47555,Division 2,2B, 2B Wards
444,Division 2,2B, 2B Wards
33593,Division 2,2B, 2B Wards
47806,Division 2,2B, 2B Wards
33902,Division 2,2B, 2B Wards
71212,Division 2,2B, 2B Wards
34064,Division 2,2B, 2B Wards
71214,Division 2,2B, 2B Wards
57899,Division 2,2B, 2B Wards
48285,Division 2,2B, 2B Wards
48307,Division 2,2B, 2B Wards
6401,Division 2,2B, 2B Wards
876,Division 2,2B, 2B Wards
48523,Division 2,2B, 2B Wards
48606,Division 2,2B, 2B Wards
48663,Division 2,2B, 2B Wards
48684,Division 2,2B, 2B Wards
68969,Division 2,2B, 2B Wards
21251,Division 2,2B, 2B Wards
55031,Division 2,2B, 2B Wards
29851,Division 2,2B, 2B Wards
62027,Division 2,2B, 2B Wards
68822,Division 2,2B, 2B Wards
49070,Division 2,2B, 2B Wards
49139,Division 2,2B, 2B Wards
61136,Division 2,2B, 2B Wards
49215,Division 2,2B, 2B Wards
49288,Division 2,2B, 2B Wards
68829,Division 2,2B, 2B Wards
1195,Division 2,2B, 2B Wards
1187,Division 2,2B, 2B Wards
49477,Division 2,2B, 2B Wards
49479,Division 2,2B, 2B Wards
1268,Division 2,2B, 2B Wards
20829,Division 2,2B, 2B Wards
62947,Division 2,2B, 2B Wards
1476,Division 2,2B, 2B Wards
46548,Division 2,2B, 2B Wards
30336,Division 2,2B, 2B Wards
50132,Division 2,2B, 2B Wards
50176,Division 2,2B, 2B Wards
58847,Division 2,2B, 2B Wards
71792,Division 2,2B, 2B Wards
46125,Division 2,2B, 2B Wards
26333,Division 2,2B, 2B Wards
29449,Division 2,2B, 2B Wards
65955,Division 2,2B, 2B Wards
50674,Division 2,2B, 2B Wards
7713,Division 2,2B, 2B Wards
70301,Division 2,2B, 2B Wards
7922,Division 2,2B, 2B Wards
7993,Division 2,2B, 2B Wards
26704,Division 2,2B, 2B Wards
51388,Division 2,2B, 2B Wards
46212,Division 2,2B, 2B Wards
58176,Division 2,2B, 2B Wards
51574,Division 2,2B, 2B Wards
56115,Division 2,2B, 2B Wards
70214,Division 2,2B, 2B Wards
51797,Division 2,2B, 2B Wards
51864,Division 2,2B, 2B Wards
67203,Division 2,2B, 2B Wards
52129,Division 2,2B, 2B Wards
41856,Division 2,2B, 2B Wards
29129,Division 2,2B, 2B Wards
19643,Division 2,2B, 2B Wards
52530,Division 2,2B, 2B Wards
57704,Division 2,2B, 2B Wards
58707,Division 2,2B, 2B Wards
52773,Division 2,2B, 2B Wards
61170,Division 2,, 2B Wards
43017,Division 2,2B, 2B Wards
53068,Division 2,2B, 2B Wards
56938,Division 2,2B, 2B Wards
53228,Division 2,2B, 2B Wards
63427,Division 2,2B, 2B Wards
53433,Division 2,2B, 2B Wards
62311,Division 2,2B, 2B Wards
43611,Division 2,2B, 2B Wards
53564,Division 2,2B, 2B Wards
53624,Division 2,2B, 2B Wards
2919,Division 2,2B, 2B Wards
28381,Division 2,2B, 2B Wards
29718,Division 2,2B, 2B Wards
69541,Division 2,2B, Cardiac Surgery
54592,Division 2,2B, Cardiac Surgery
47904,Division 2,2B, Cardiac Surgery
76582,Division 2,2B, Cardiac Surgery
35852,Division 2,2B, Cardiac Surgery
49023,Division 2,2B, Cardiac Surgery
73453,Division 2,2B, Cardiac Surgery
76602,Division 2,2B, Cardiac Surgery
75420,Division 2,2B, Cardiac Surgery
63254,Division 2,2B, Cardiac Surgery
78186,Division 2,2B, Cardiac Surgery
64383,Division 2,2B, Cardiac Surgery
40382,Division 2,2B, Cardiac Surgery
61727,Division 2,2B, Cardiac Surgery
58036,Division 2,2B, Cardiac Surgery
75628,Division 2,2B, Cardiology
58895,Division 2,295 2B, Cardiology
61863,Division 2,2B, Cardiology
73350,Division 2,2B, Cardiology
46700,Division 2,2B, Cardiology
68046,Division 2,2B, Cardiology
64857,Division 2,2B, Cardiology
32088,Division 2,2B, Cardiology
71765,Division 2,2B, Cardiology
146,Division 2,2B, Cardiology
69119,Division 2,2B, Cardiology
81890,Division 2,2B, Cardiology
46853,Division 2,2B, Cardiology
32963,Division 2,2B, Cardiology
64600,Division 2,2B, Cardiology
62069,Division 2,2B, Cardiology
60660,Division 2,2B, Cardiology
61832,Division 2,2B, Cardiology
68746,Division 2,2B, Cardiology
75762,Division 2,2B, Cardiology
22102,Division 2,2B, Cardiology
78578,Division 2,2B, Cardiology
84008,Division 2,2B, Cardiology
58337,Division 2,2B, Cardiology
59687,Division 2,, Cardiology
47907,Division 2,2B, Cardiology
80823,Division 2,2B, Cardiology
19698,Division 2,2B, Cardiology
22101,Division 2,2B, Cardiology
677,Division 2,2B, Cardiology
78581,Division 2,2B, Cardiology
34304,Division 2,2B, Cardiology
69261,Division 2,2B, Cardiology
30556,Division 2,2B, Cardiology
54829,Division 2,2B, Cardiology
48154,Division 2,2B, Cardiology
48253,Division 2,2B, Cardiology
28184,Division 2,2B, Cardiology
68808,Division 2,2B, Cardiology
77009,Division 2,2B, Cardiology
74631,Division 2,2B, Cardiology
61829,Division 2,2B, Cardiology
31515,Division 2,2B, Cardiology
49019,Division 2,2B, Cardiology
35986,Division 2,2B, Cardiology
61873,Division 2,2B, Cardiology
62768,Division 2,2B, Cardiology
76904,Division 2,2B, Cardiology
72858,Division 2,2B, Cardiology
77959,Division 2,2B, Cardiology
62489,Division 2,2B, Cardiology
1184,Division 2,2B, Cardiology
49483,Division 2,2B, Cardiology
36750,Division 2,2B, Cardiology
12904,Division 2,2B, Cardiology
6938,Division 2,2B, Cardiology
61535,Division 2,2B, Cardiology
60764,Division 2,2B, Cardiology
63085,Division 2,, Cardiology
29039,Division 2,2B, Cardiology
69613,Division 2,2B, Cardiology
20029,Division 2,2B, Cardiology
74570,Division 2,2B, Cardiology
62949,Division 2,2B, Cardiology
50200,Division 2,2B, Cardiology
20903,Division 2,2B, Cardiology
77328,Division 2,2B, Cardiology
45492,Division 2,2B, Cardiology
25940,Division 2,2B, Cardiology
50513,Division 2,2B, Cardiology
31296,Division 2,2B, Cardiology
20235,Division 2,2B, Cardiology
7706,Division 2,2B, Cardiology
50723,Division 2,2B, Cardiology
38900,Division 2,2B, Cardiology
80664,Division 2,2B, Cardiology
51128,Division 2,2B, Cardiology
51140,Division 2,2B, Cardiology
66075,Division 2,2B, Cardiology
74502,Division 2,2B, Cardiology
67272,Division 2,2B, Cardiology
26471,Division 2,2B, Cardiology
25988,Division 2,2B, Cardiology
45689,Division 2,2B, Cardiology
73392,Division 2,2B, Cardiology
51674,Division 2,2B, Cardiology
68745,Division 2,2B, Cardiology
56269,Division 2,2B, Cardiology
51822,Division 2,2B, Cardiology
69551,Division 2,2B, Cardiology
73194,Division 2,2B, Cardiology
56323,Division 2,2B, Cardiology
2304,Division 2,2B, Cardiology
61845,Division 2,2B, Cardiology
27663,Division 2,2B, Cardiology
26692,Division 2,2B, Cardiology
56504,Division 2,2B, Cardiology
52116,Division 2,2B, Cardiology
60537,Division 2,2B, Cardiology
84626,Division 2,2B, Cardiology
68747,Division 2,2B, Cardiology
62301,Division 2,2B, Cardiology
78380,Division 2,2B, Cardiology
52378,Division 2,2B, Cardiology
59151,Division 2,2B, Cardiology
42113,Division 2,2B, Cardiology
9005,Division 2,2B, Cardiology
80446,Division 2,2B, Cardiology
80907,Division 2,2B, Cardiology
30868,Division 2,2B, Cardiology
56874,Division 2,2B, Cardiology
67684,Division 2,2B, Cardiology
42913,Division 2,2B, Cardiology
26592,Division 2,2B, Cardiology
75878,Division 2,2B, Cardiology
56914,Division 2,2B, Cardiology
82436,Division 2,2B, Cardiology
61548,Division 2,, Cardiology
77732,Division 2,2B, Cardiology
60265,Division 2,2B, Cardiology
30550,Division 2,2B, Cardiology
78232,Division 2,2B, Cardiology
9489,Division 2,2B, Cardiology
45523,Division 2,2B, Cardiology
80116,Division 2,2B, Cardiology
72582,Division 2,2B, Cardiology
74623,Division 2,2B, Cardiology
61849,Division 2,2B, Cardiology
83133,Division 2,2B, Cardiology
83998,Division 2,295 2A, Dermatology
73216,Division 2,295 2A, Dermatology
78886,Division 2,2A, Dermatology
5499,Division 2,2A, Dermatology
5720,Division 2,2A, Dermatology
75823,Division 2,2A, Dermatology
48433,Division 2,2A, Dermatology
878,Division 2,2A, Dermatology
23048,Division 2,2A, Dermatology
79034,Division 2,2A, Dermatology
29123,Division 2,2A, Dermatology
1205,Division 2,2A, Dermatology
49537,Division 2,2A, Dermatology
49754,Division 2,2A, Dermatology
1474,Division 2,2A, Dermatology
69238,Division 2,2A, Dermatology
60483,Division 2,2A, Dermatology
67733,Division 2,2A, Dermatology
9935,Division 2,2A, Dermatology
50575,Division 2,2A, Dermatology
60508,Division 2,2A, Dermatology
73058,Division 2,2A, Dermatology
51009,Division 2,2A, Dermatology
63100,Division 2,2A, Dermatology
59997,Division 2,2A, Dermatology
13255,Division 2,2A, Dermatology
71925,Division 2,2A, Dermatology
13394,Division 2,2A, Dermatology
62818,Division 2,2A, Dermatology
30282,Division 2,2A, Dermatology
67732,Division 2,2A, Dermatology
60705,Division 2,2A, Dermatology
60730,Division 2,2A, Dermatology
60728,Division 2,2A, Dermatology
83417,Division 2,304 2A, Diabetes And Endocrinology
6920,Division 2,2A, Diabetes And Endocrinology
70251,Division 2,2A, Diabetes And Endocrinology
24026,Division 2,2A, Diabetes And Endocrinology
67612,Division 2,2A, Diabetes And Endocrinology
5322,Division 2,2A, Diabetes And Endocrinology
12426,Division 2,2A, Diabetes And Endocrinology
30607,Division 2,2A, Diabetes And Endocrinology
5513,Division 2,2A, Diabetes And Endocrinology
29077,Division 2,2A, Diabetes And Endocrinology
47235,Division 2,2A, Diabetes And Endocrinology
60466,Division 2,2A, Diabetes And Endocrinology
14631,Division 2,2A, Diabetes And Endocrinology
68129,Division 2,2A, Diabetes And Endocrinology
16262,Division 2,2A, Diabetes And Endocrinology
510,Division 2,2A, Diabetes And Endocrinology
79382,Division 2,2A, Diabetes And Endocrinology
76701,Division 2,2A, Diabetes And Endocrinology
18945,Division 2,2A, Diabetes And Endocrinology
6171,Division 2,2A, Diabetes And Endocrinology
6244,Division 2,2A, Diabetes And Endocrinology
20546,Division 2,2A, Diabetes And Endocrinology
16692,Division 2,2A, Diabetes And Endocrinology
6319,Division 2,2A, Diabetes And Endocrinology
48381,Division 2,2A, Diabetes And Endocrinology
48486,Division 2,2A, Diabetes And Endocrinology
5521,Division 2,2A, Diabetes And Endocrinology
48838,Division 2,2A, Diabetes And Endocrinology
12797,Division 2,2A, Diabetes And Endocrinology
5140,Division 2,2A, Diabetes And Endocrinology
30340,Division 2,2A, Diabetes And Endocrinology
57350,Division 2,2A, Diabetes And Endocrinology
21264,Division 2,2A, Diabetes And Endocrinology
10885,Division 2,2A, Diabetes And Endocrinology
6789,Division 2,2A, Diabetes And Endocrinology
60540,Division 2,2A, Diabetes And Endocrinology
36642,Division 2,2A, Diabetes And Endocrinology
1189,Division 2,2A, Diabetes And Endocrinology
49595,Division 2,2A, Diabetes And Endocrinology
7035,Division 2,2A, Diabetes And Endocrinology
70198,Division 2,2A, Diabetes And Endocrinology
7204,Division 2,2A, Diabetes And Endocrinology
70419,Division 2,2A, Diabetes And Endocrinology
7125,Division 2,2A, Diabetes And Endocrinology
5138,Division 2,2A, Diabetes And Endocrinology
50108,Division 2,2A, Diabetes And Endocrinology
7493,Division 2,2A, Diabetes And Endocrinology
25694,Division 2,2A, Diabetes And Endocrinology
25353,Division 2,2A, Diabetes And Endocrinology
30886,Division 2,2A, Diabetes And Endocrinology
24023,Division 2,2A, Diabetes And Endocrinology
5139,Division 2,2A, Diabetes And Endocrinology
58173,Division 2,2A, Diabetes And Endocrinology
68853,Division 2,2A, Diabetes And Endocrinology
16512,Division 2,2A, Diabetes And Endocrinology
10932,Division 2,2A, Diabetes And Endocrinology
69925,Division 2,2A, Diabetes And Endocrinology
51249,Division 2,2A, Diabetes And Endocrinology
39895,Division 2,2A, Diabetes And Endocrinology
56040,Division 2,2A, Diabetes And Endocrinology
67638,Division 2,2A, Diabetes And Endocrinology
45203,Division 2,2A, Diabetes And Endocrinology
8411,Division 2,2A, Diabetes And Endocrinology
9260,Division 2,2A, Diabetes And Endocrinology
29860,Division 2,2A, Diabetes And Endocrinology
8600,Division 2,2A, Diabetes And Endocrinology
8635,Division 2,2A, Diabetes And Endocrinology
5374,Division 2,2A, Diabetes And Endocrinology
82422,Division 2,2A, Diabetes And Endocrinology
58285,Division 2,2A, Diabetes And Endocrinology
26317,Division 2,2A, Diabetes And Endocrinology
74824,Division 2,2A, Diabetes And Endocrinology
8797,Division 2,2A, Diabetes And Endocrinology
59682,Division 2,2A, Diabetes And Endocrinology
77040,Division 2,2A, Diabetes And Endocrinology
62002,Division 2,2A, Diabetes And Endocrinology
60455,Division 2,2A, Diabetes And Endocrinology
52560,Division 2,2A, Diabetes And Endocrinology
56840,Division 2,2A, Diabetes And Endocrinology
42550,Division 2,2A, Diabetes And Endocrinology
74794,Division 2,2A, Diabetes And Endocrinology
8713,Division 2,2A, Diabetes And Endocrinology
53392,Division 2,2A, Diabetes And Endocrinology
9426,Division 2,2A, Diabetes And Endocrinology
60480,Division 2,2A, Diabetes And Endocrinology
68121,Division 2,2A, Diabetes And Endocrinology
20185,Division 2,2A, Diabetes And Endocrinology
67659,Division 2,2A, Diabetes And Endocrinology
54590,Division 2,2M, Div 2 Management
67615,Division 2,2M, Div 2 Management
65913,Division 2,2M, Div 2 Management
59750,Division 2,2M, Div 2 Management
67290,Division 2,2M, Div 2 Management
41540,Division 2,2M, Div 2 Management
63954,Division 2,, Div 2 Management
56946,Division 2,2M, Div 2 Management
43240,Division 2,2M, Div 2 Management
22534,Division 2,2M, Div 2 Management
57973,Division 2,2B, Liver Medicine
75756,Division 2,2B, Liver Medicine
32086,Division 2,2B, Liver Medicine
60207,Division 2,2B, Liver Medicine
70473,Division 2,2B, Liver Medicine
32888,Division 2,2B, Liver Medicine
47355,Division 2,2B, Liver Medicine
33637,Division 2,2B, Liver Medicine
33644,Division 2,2B, Liver Medicine
60199,Division 2,2B, Liver Medicine
34803,Division 2,2B, Liver Medicine
62239,Division 2,2B, Liver Medicine
55043,Division 2,2B, Liver Medicine
68338,Division 2,2B, Liver Medicine
55091,Division 2,2B, Liver Medicine
61739,Division 2,2B, Liver Medicine
36390,Division 2,2B, Liver Medicine
72104,Division 2,2B, Liver Medicine
60220,Division 2,2B, Liver Medicine
49787,Division 2,2B, Liver Medicine
72109,Division 2,2B, Liver Medicine
66064,Division 2,2B, Liver Medicine
80873,Division 2,2B, Liver Medicine
80555,Division 2,2B, Liver Medicine
51358,Division 2,2B, Liver Medicine
78364,Division 2,2B, Liver Medicine
65192,Division 2,2B, Liver Medicine
51915,Division 2,2B, Liver Medicine
40943,Division 2,2B, Liver Medicine
56338,Division 2,2B, Liver Medicine
52022,Division 2,2B, Liver Medicine
57995,Division 2,2B, Liver Medicine
68770,Division 2,2B, Liver Medicine
83431,Division 2,2B, Liver Medicine
42707,Division 2,2B, Liver Medicine
43840,Division 2,2B, Liver Medicine
43915,Division 2,2B, Liver Medicine
83132,Division 2,2B, Liver Medicine
66002,Division 2,2B, Liver Surgery
32147,Division 2,2B, Liver Surgery
47179,Division 2,2B, Liver Surgery
62745,Division 2,2B, Liver Surgery
79142,Division 2,2B, Liver Surgery
35637,Division 2,2B, Liver Surgery
80323,Division 2,2B, Liver Surgery
57783,Division 2,2B, Liver Surgery
49843,Division 2,2B, Liver Surgery
78978,Division 2,2B, Liver Surgery
37420,Division 2,2B, Liver Surgery
62391,Division 2,2B, Liver Surgery
55819,Division 2,2B, Liver Surgery
51601,Division 2,2B, Liver Surgery
56224,Division 2,2B, Liver Surgery
41401,Division 2,2B, Liver Surgery
75776,Division 2,2B, Liver Surgery
42152,Division 2,2B, Liver Surgery
67420,Division 2,2B, Liver Surgery
78668,Division 2,2B, Liver Surgery
84922,Division 2,295 2B, Renal Medicine
28002,Division 2,2B, Renal Medicine
75759,Division 2,2B, Renal Medicine
32793,Division 2,2B, Renal Medicine
16473,Division 2,2B, Renal Medicine
5656,Division 2,2B, Renal Medicine
47311,Division 2,2B, Renal Medicine
61533,Division 2,2B, Renal Medicine
73786,Division 2,2B, Renal Medicine
5903,Division 2,2B, Renal Medicine
2840,Division 2,2B, Renal Medicine
48001,Division 2,2B, Renal Medicine
6143,Division 2,2B, Renal Medicine
77248,Division 2,2B, Renal Medicine
48368,Division 2,2B, Renal Medicine
66998,Division 2,2B, Renal Medicine
60479,Division 2,2B, Renal Medicine
48843,Division 2,2B, Renal Medicine
68131,Division 2,2B, Renal Medicine
48986,Division 2,2B, Renal Medicine
36141,Division 2,2B, Renal Medicine
36294,Division 2,2B, Renal Medicine
49399,Division 2,2B, Renal Medicine
62374,Division 2,2B, Renal Medicine
36946,Division 2,2B, Renal Medicine
49663,Division 2,2B, Renal Medicine
37167,Division 2,2B, Renal Medicine
67815,Division 2,2B, Renal Medicine
15807,Division 2,2B, Renal Medicine
1504,Division 2,2B, Renal Medicine
7505,Division 2,2B, Renal Medicine
24444,Division 2,2B, Renal Medicine
30813,Division 2,2B, Renal Medicine
65318,Division 2,2B, Renal Medicine
62388,Division 2,2B, Renal Medicine
28861,Division 2,2B, Renal Medicine
26483,Division 2,2B, Renal Medicine
45257,Division 2,2B, Renal Medicine
8101,Division 2,2B, Renal Medicine
51580,Division 2,2B, Renal Medicine
44958,Division 2,2B, Renal Medicine
13310,Division 2,2B, Renal Medicine
61396,Division 2,2B, Renal Medicine
68751,Division 2,2B, Renal Medicine
62402,Division 2,2B, Renal Medicine
31558,Division 2,2B, Renal Medicine
60484,Division 2,2B, Renal Medicine
57990,Division 2,2B, Renal Medicine
12234,Division 2,2B, Renal Medicine
82559,Division 2,2B, Renal Medicine
67814,Division 2,2B, Renal Medicine
75777,Division 2,2B, Renal Medicine
78866,Division 2,2B, Renal Medicine
31626,Division 2,2B, Renal Medicine
8886,Division 2,2B, Renal Medicine
20857,Division 2,2B, Renal Medicine
2502,Division 2,2B, Renal Medicine
2524,Division 2,2B, Renal Medicine
59145,Division 2,2B, Renal Medicine
78820,Division 2,2B, Renal Medicine
78022,Division 2,2B, Renal Medicine
52944,Division 2,2B, Renal Medicine
75188,Division 2,2B, Renal Medicine
75881,Division 2,2B, Renal Medicine
67524,Division 2,2B, Renal Medicine
73219,Division 2,2B, Renal Medicine
53158,Division 2,2B, Renal Medicine
82305,Division 2,2B, Renal Medicine
43395,Division 2,2B, Renal Medicine
57035,Division 2,2B, Renal Medicine
60193,Division 2,2B, Renal Medicine
13716,Division 2,2B, Renal Medicine
69111,Division 2,2B, Renal Medicine
69843,Division 2,2B, Renal Medicine
43972,Division 2,2B, Renal Medicine
44011,Division 2,2B, Renal Medicine
81033,Division 2,2B, Renal Medicine
31118,Division 2,2B, Renal Medicine
31992,Division 2,2B, Renal Surgery
60629,Division 2,2B, Renal Surgery
34317,Division 2,2B, Renal Surgery
34854,Division 2,2B, Renal Surgery
37161,Division 2,2B, Renal Surgery
49701,Division 2,2B, Renal Surgery
51505,Division 2,2B, Renal Surgery
45031,Division 2,2B, Renal Surgery
61402,Division 2,, Renal Surgery
51738,Division 2,2B, Renal Surgery
51938,Division 2,2B, Renal Surgery
41151,Division 2,2B, Renal Surgery
72059,Division 2,2B, Renal Surgery
76858,Division 2,304 2A, Respiratory Medicine
31228,Division 2,2A, Respiratory Medicine
76984,Division 2,2A, Respiratory Medicine
67821,Division 2,2A, Respiratory Medicine
5680,Division 2,2A, Respiratory Medicine
54445,Division 2,2A, Respiratory Medicine
47350,Division 2,2A, Respiratory Medicine
75318,Division 2,2A, Respiratory Medicine
25196,Division 2,2A, Respiratory Medicine
47645,Division 2,2A, Respiratory Medicine
72087,Division 2,2A, Respiratory Medicine
24763,Division 2,2A, Respiratory Medicine
45893,Division 2,2A, Respiratory Medicine
34338,Division 2,2A, Respiratory Medicine
78468,Division 2,2A, Respiratory Medicine
6368,Division 2,2A, Respiratory Medicine
30541,Division 2,2A, Respiratory Medicine
35423,Division 2,2A, Respiratory Medicine
77251,Division 2,2A, Respiratory Medicine
69371,Division 2,2A, Respiratory Medicine
35738,Division 2,2A, Respiratory Medicine
1026,Division 2,2A, Respiratory Medicine
35853,Division 2,2A, Respiratory Medicine
12809,Division 2,2A, Respiratory Medicine
69900,Division 2,2A, Respiratory Medicine
36214,Division 2,2A, Respiratory Medicine
6953,Division 2,2A, Respiratory Medicine
29242,Division 2,2A, Respiratory Medicine
1352,Division 2,2A, Respiratory Medicine
7212,Division 2,2A, Respiratory Medicine
16463,Division 2,2A, Respiratory Medicine
55615,Division 2,2A, Respiratory Medicine
81201,Division 2,2A, Respiratory Medicine
1642,Division 2,2A, Respiratory Medicine
19395,Division 2,2A, Respiratory Medicine
55645,Division 2,2A, Respiratory Medicine
76609,Division 2,2A, Respiratory Medicine
1780,Division 2,2A, Respiratory Medicine
22529,Division 2,2A, Respiratory Medicine
7844,Division 2,2A, Respiratory Medicine
61796,Division 2,2A, Respiratory Medicine
77146,Division 2,2A, Respiratory Medicine
60133,Division 2,2A, Respiratory Medicine
77984,Division 2,2A, Respiratory Medicine
19829,Division 2,2A, Respiratory Medicine
8195,Division 2,2A, Respiratory Medicine
30562,Division 2,2A, Respiratory Medicine
58570,Division 2,2A, Respiratory Medicine
74742,Division 2,2A, Respiratory Medicine
67681,Division 2,2A, Respiratory Medicine
69938,Division 2,2A, Respiratory Medicine
63112,Division 2,2A, Respiratory Medicine
30865,Division 2,2A, Respiratory Medicine
69945,Division 2,2A, Respiratory Medicine
24280,Division 2,2A, Respiratory Medicine
45516,Division 2,2A, Respiratory Medicine
61925,Division 2,2A, Respiratory Medicine
18621,Division 2,2A, Respiratory Medicine
73197,Division 2,2A, Respiratory Medicine
56541,Division 2,2A, Respiratory Medicine
81218,Division 2,2A, Respiratory Medicine
63272,Division 2,2A, Respiratory Medicine
21118,Division 2,2A, Respiratory Medicine
63122,Division 2,2A, Respiratory Medicine
75087,Division 2,2A, Respiratory Medicine
77655,Division 2,2A, Respiratory Medicine
52973,Division 2,2A, Respiratory Medicine
69831,Division 2,2A, Respiratory Medicine
53047,Division 2,2A, Respiratory Medicine
83442,Division 2,2A, Respiratory Medicine
53136,Division 2,2A, Respiratory Medicine
84083,Division 2,2A, Respiratory Medicine
53304,Division 2,2A, Respiratory Medicine
76650,Division 2,2A, Respiratory Medicine
9527,Division 2,2A, Respiratory Medicine
66153,Division 2,2A, Respiratory Medicine
69372,Division 2,2A, Respiratory Medicine
65634,Division 2,2A, Respiratory Medicine
13792,Division 2,2A, Respiratory Medicine
82585,Division 2,2A, Respiratory Medicine
9870,Division 2,2A, Respiratory Medicine
69543,Division 2,2A, Respiratory Medicine
58484,Division 2,2A, Rheumatology
34624,Division 2,2A, Rheumatology
35289,Division 2,2A, Rheumatology
1010,Division 2,2A, Rheumatology
7093,Division 2,2A, Rheumatology
49973,Division 2,2A, Rheumatology
50353,Division 2,2A, Rheumatology
1858,Division 2,2A, Rheumatology
70963,Division 2,2A, Rheumatology
8211,Division 2,2A, Rheumatology
30828,Division 2,2A, Rheumatology
60586,Division 2,2A, Rheumatology
52358,Division 2,2A, Rheumatology
8883,Division 2,2A, Rheumatology
67828,Division 2,2A, Rheumatology
67830,Division 2,2A, Rheumatology
68157,Division 2,2A, Rheumatology
66136,Division 2,2A, Rheumatology
62741,Division 2,, Thoracic Surgery
60460,Division 2,2A, Thoracic Surgery
6373,Division 2,2A, Thoracic Surgery
60909,Division 2,2A, Thoracic Surgery
60561,Division 2,2A, Thoracic Surgery
46563,Division 2,2A, Thoracic Surgery
71823,Division 2,304 2B,
46764,Division 3,3A, 3A Wards
29292,Division 3,3A, 3A Wards
185,Division 3,3A, 3A Wards
59550,Division 3,3A, 3A Wards
58132,Division 3,3B, 3A Wards
47545,Division 3,3A, 3A Wards
70478,Division 3,3A, 3A Wards
47925,Division 3,3A, 3A Wards
72430,Division 3,3A, 3A Wards
720,Division 3,3A, 3A Wards
28237,Division 3,3A, 3A Wards
59588,Division 3,3A, 3A Wards
6341,Division 3,3A, 3A Wards
30901,Division 3,3A, 3A Wards
26032,Division 3,3A, 3A Wards
16734,Division 3,3A, 3A Wards
6734,Division 3,3A, 3A Wards
12851,Division 3,3A, 3A Wards
24548,Division 3,3A, 3A Wards
36414,Division 3,3A, 3A Wards
1156,Division 3,3A, 3A Wards
18667,Division 3,3A, 3A Wards
6832,Division 3,3A, 3A Wards
63285,Division 3,3A, 3A Wards
6861,Division 3,3A, 3A Wards
12894,Division 3,3A, 3A Wards
7039,Division 3,3A, 3A Wards
37037,Division 3,3A, 3A Wards
7119,Division 3,3A, 3A Wards
7344,Division 3,3A, 3A Wards
72239,Division 3,3A, 3A Wards
21152,Division 3,3A, 3A Wards
7643,Division 3,3A, 3A Wards
50552,Division 3,3A, 3A Wards
29458,Division 3,3A, 3A Wards
29864,Division 3,3A, 3A Wards
55733,Division 3,3A, 3A Wards
50805,Division 3,3A, 3A Wards
72954,Division 3,3A, 3A Wards
66183,Division 3,3A, 3A Wards
1951,Division 3,3A, 3A Wards
13201,Division 3,3A, 3A Wards
29759,Division 3,3A, 3A Wards
28013,Division 3,3A, 3A Wards
15212,Division 3,3A, 3A Wards
14241,Division 3,3A, 3A Wards
2175,Division 3,3A, 3A Wards
65880,Division 3,3A, 3A Wards
8319,Division 3,3A, 3A Wards
2206,Division 3,3A, 3A Wards
28439,Division 3,3A, 3A Wards
60001,Division 3,3A, 3A Wards
28985,Division 3,3A, 3A Wards
8563,Division 3,3A, 3A Wards
68531,Division 3,3A, 3A Wards
16092,Division 3,3A, 3A Wards
28059,Division 3,3A, 3A Wards
30076,Division 3,3A, 3A Wards
68367,Division 3,3A, 3A Wards
13518,Division 3,3A, 3A Wards
63420,Division 3,3A, 3A Wards
66447,Division 3,3A, 3A Wards
52957,Division 3,3A, 3A Wards
21124,Division 3,3A, 3A Wards
22569,Division 3,3A, 3A Wards
46405,Division 3,3A, 3A Wards
60014,Division 3,3A, 3A Wards
23538,Division 3,3A, 3A Wards
63127,Division 3,3A, 3A Wards
9473,Division 3,3A, 3A Wards
62421,Division 3,, 3A Wards
66187,Division 3,3A, 3A Wards
73205,Division 3,3A, 3A Wards
72899,Division 3,3A, 3A Wards
13752,Division 3,3A, 3A Wards
13753,Division 3,3A, 3A Wards
2930,Division 3,3A, 3A Wards
72366,Division 3,3A, 3A Wards
27930,Division 3,3A, 3A Wards
44490,Division 3,3A, 3A Wards
63633,Division 3,3A, 3A Wards
73209,Division 3,3A, 3A Wards
65553,Division 3,3A, 3A Wards
31928,Division 3,3B, 3B Wards
54163,Division 3,3B, 3B Wards
66299,Division 3,3B, 3B Wards
45809,Division 3,3B, 3B Wards
22555,Division 3,3B, 3B Wards
72844,Division 3,3B, 3B Wards
70562,Division 3,3B, 3B Wards
47048,Division 3,3B, 3B Wards
28397,Division 3,3B, 3B Wards
27654,Division 3,3B, 3B Wards
269,Division 3,3B, 3B Wards
22994,Division 3,3B, 3B Wards
47239,Division 3,3B, 3B Wards
47253,Division 3,3B, 3B Wards
33074,Division 3,3B, 3B Wards
19595,Division 3,3B, 3B Wards
72196,Division 3,3B, 3B Wards
59236,Division 3,3B, 3B Wards
45589,Division 3,3B, 3B Wards
409,Division 3,3B, 3B Wards
33388,Division 3,3B, 3B Wards
62104,Division 3,3B, 3B Wards
23553,Division 3,3B, 3B Wards
47611,Division 3,3B, 3B Wards
538,Division 3,3B, 3B Wards
33711,Division 3,3B, 3B Wards
33726,Division 3,3B, 3B Wards
70899,Division 3,3B, 3B Wards
27920,Division 3,3B, 3B Wards
62223,Division 3,3B, 3B Wards
33792,Division 3,3B, 3B Wards
26536,Division 3,3B, 3B Wards
22465,Division 3,3B, 3B Wards
62922,Division 3,3B, 3B Wards
27778,Division 3,3B, 3B Wards
62226,Division 3,3B, 3B Wards
62172,Division 3,3B, 3B Wards
21732,Division 3,3B, 3B Wards
72538,Division 3,3B, 3B Wards
12625,Division 3,3B, 3B Wards
68960,Division 3,3B, 3B Wards
48082,Division 3,3B, 3B Wards
34593,Division 3,3B, 3B Wards
48232,Division 3,3B, 3B Wards
71219,Division 3,3B, 3B Wards
60927,Division 3,3B, 3B Wards
60917,Division 3,3B, 3B Wards
68806,Division 3,3B, 3B Wards
61776,Division 3,3B, 3B Wards
35188,Division 3,3B, 3B Wards
70351,Division 3,3B, 3B Wards
66300,Division 3,3B, 3B Wards
46650,Division 3,3B, 3B Wards
55007,Division 3,3B, 3B Wards
68970,Division 3,3B, 3B Wards
26577,Division 3,3B, 3B Wards
47674,Division 3,3B, 3B Wards
59173,Division 3,3B, 3B Wards
70569,Division 3,3B, 3B Wards
33718,Division 3,3B, 3B Wards
68753,Division 3,3B, 3B Wards
561,Division 3,3B, 3B Wards
562,Division 3,3B, 3B Wards
570,Division 3,3B, 3B Wards
71776,Division 3,3B, 3B Wards
86455,Division 3,3B, 3B Wards
667,Division 3,3B, 3B Wards
81741,Division 3,3B, 3B Wards
34713,Division 3,3B, 3B Wards
95230,Division 3,3B, 3B Wards
48362,Division 3,3B, 3B Wards
74481,Division 3,3B, 3B Wards
940,Division 3,3B, 3B Wards
6494,Division 3,3B, 3B Wards
80651,Division 3,3B, 3B Wards
48740,Division 3,3B, 3B Wards
88790,Division 3,3B, 3B Wards
87658,Division 3,3B, 3B Wards
77486,Division 3,3B, 3B Wards
979,Division 3,3B, 3B Wards
994,Division 3,3B, 3B Wards
84151,Division 3,3B, 3B Wards
81188,Division 3,3B, 3B Wards
80653,Division 3,3B, 3B Wards
48916,Division 3,3B, 3B Wards
89354,Division 3,3B, 3B Wards
49084,Division 3,3B, 3B Wards
60046,Division 3,3B, 3B Wards
49193,Division 3,3B, 3B Wards
77742,Division 3,3B, 3B Wards
89167,Division 3,3B, 3B Wards
3148,Division 3,3B, 3B Wards
49322,Division 3,3B, 3B Wards
86098,Division 3,3B, 3B Wards
77374,Division 3,3B, 3B Wards
55205,Division 3,3B, 3B Wards
73640,Division 3,3B, 3B Wards
6838,Division 3,3B, 3B Wards
85690,Division 3,3B, 3B Wards
89086,Division 3,3B, 3B Wards
62372,Division 3,3B, 3B Wards
86958,Division 3,3B, 3B Wards
88864,Division 3,3B, 3B Wards
49678,Division 3,3B, 3B Wards
80858,Division 3,3B, 3B Wards
94503,Division 3,3B, 3B Wards
93718,Division 3,3B, 3B Wards
60195,Division 3,3B, 3B Wards
1418,Division 3,3B, 3B Wards
30767,Division 3,3B, 3B Wards
55527,Division 3,3B, 3B Wards
77802,Division 3,3B, 3B Wards
49887,Division 3,3B, 3B Wards
79974,Division 3,3B, 3B Wards
49979,Division 3,3B, 3B Wards
80764,Division 3,3B, 3B Wards
50075,Division 3,3B, 3B Wards
87410,Division 3,3B, 3B Wards
22128,Division 3,3B, 3B Wards
75986,Division 3,3B, 3B Wards
84597,Division 3,Group O Bank, 3B Wards
86115,Division 3,3B, 3B Wards
50444,Division 3,3B, 3B Wards
84297,Division 3,3B, 3B Wards
84730,Division 3,3B, 3B Wards
88113,Division 3,3B, 3B Wards
25238,Division 3,3B, 3B Wards
75234,Division 3,3B, 3B Wards
76615,Division 3,3B, 3B Wards
90770,Division 3,3B, 3B Wards
23354,Division 3,3B, 3B Wards
73913,Division 3,3B, 3B Wards
55781,Division 3,3B, 3B Wards
39538,Division 3,3B, 3B Wards
1968,Division 3,3B, 3B Wards
1975,Division 3,3B, 3B Wards
646,Division 3,3B, 3B Wards
2409,Division 3,3B, 3B Wards
51333,Division 3,3B, 3B Wards
51375,Division 3,3B, 3B Wards
2136,Division 3,3B, 3B Wards
51448,Division 3,3B, 3B Wards
78791,Division 3,3B, 3B Wards
2185,Division 3,3B, 3B Wards
88450,Division 3,3B, 3B Wards
2187,Division 3,3B, 3B Wards
83554,Division 3,3B, 3B Wards
62399,Division 3,3B, 3B Wards
96797,Division 3,3B, 3B Wards
72350,Division 3,3B, 3B Wards
77517,Division 3,3B, 3B Wards
2201,Division 3,3B, 3B Wards
79943,Division 3,295 3A, Acute And Short Stay Medicine
83596,Division 3,295 3A, Acute And Short Stay Medicine
62146,Division 3,295 3A, Acute And Short Stay Medicine
79903,Division 3,295 3A, Acute And Short Stay Medicine
64884,Division 3,3A, Acute And Short Stay Medicine
79944,Division 3,3A, Acute And Short Stay Medicine
30508,Division 3,3A, Acute And Short Stay Medicine
68947,Division 3,3A, Acute And Short Stay Medicine
68102,Division 3,3A, Acute And Short Stay Medicine
60477,Division 3,3A, Acute And Short Stay Medicine
60476,Division 3,3A, Acute And Short Stay Medicine
76274,Division 3,3A, Acute And Short Stay Medicine
80493,Division 3,3A, Acute And Short Stay Medicine
54314,Division 3,3A, Acute And Short Stay Medicine
79847,Division 3,3A, Acute And Short Stay Medicine
30102,Division 3,3A, Acute And Short Stay Medicine
45579,Division 3,3A, Acute And Short Stay Medicine
32830,Division 3,3A, Acute And Short Stay Medicine
30543,Division 3,3A, Acute And Short Stay Medicine
47266,Division 3,3A, Acute And Short Stay Medicine
64338,Division 3,3A, Acute And Short Stay Medicine
60190,Division 3,3A, Acute And Short Stay Medicine
45021,Division 3,3A, Acute And Short Stay Medicine
29332,Division 3,3A, Acute And Short Stay Medicine
69132,Division 3,3A, Acute And Short Stay Medicine
54435,Division 3,3A, Acute And Short Stay Medicine
47332,Division 3,3A, Acute And Short Stay Medicine
65949,Division 3,3A, Acute And Short Stay Medicine
67907,Division 3,3A, Acute And Short Stay Medicine
62720,Division 3,3A, Acute And Short Stay Medicine
30784,Division 3,3A, Acute And Short Stay Medicine
30687,Division 3,3A, Acute And Short Stay Medicine
47384,Division 3,3A, Acute And Short Stay Medicine
76844,Division 3,3A, Acute And Short Stay Medicine
33409,Division 3,3A, Acute And Short Stay Medicine
59253,Division 3,3A, Acute And Short Stay Medicine
63213,Division 3,3A, Acute And Short Stay Medicine
47805,Division 3,3A, Acute And Short Stay Medicine
34271,Division 3,3A, Acute And Short Stay Medicine
30533,Division 3,3A, Acute And Short Stay Medicine
54858,Division 3,3A, Acute And Short Stay Medicine
31349,Division 3,3A, Acute And Short Stay Medicine
69598,Division 3,3A, Acute And Short Stay Medicine
60998,Division 3,3A, Acute And Short Stay Medicine
65945,Division 3,3A, Acute And Short Stay Medicine
63222,Division 3,3A, Acute And Short Stay Medicine
62931,Division 3,3A, Acute And Short Stay Medicine
83249,Division 3,3A, Acute And Short Stay Medicine
71346,Division 3,3A, Acute And Short Stay Medicine
83666,Division 3,3A, Acute And Short Stay Medicine
60161,Division 3,3A, Acute And Short Stay Medicine
68819,Division 3,3A, Acute And Short Stay Medicine
69770,Division 3,3A, Acute And Short Stay Medicine
58536,Division 3,3A, Acute And Short Stay Medicine
77955,Division 3,3A, Acute And Short Stay Medicine
68080,Division 3,3A, Acute And Short Stay Medicine
74487,Division 3,3A, Acute And Short Stay Medicine
25473,Division 3,3A, Acute And Short Stay Medicine
72054,Division 3,3A, Acute And Short Stay Medicine
71523,Division 3,3A, Acute And Short Stay Medicine
67438,Division 3,3A, Acute And Short Stay Medicine
61837,Division 3,, Acute And Short Stay Medicine
49405,Division 3,3A, Acute And Short Stay Medicine
60145,Division 3,3A, Acute And Short Stay Medicine
49609,Division 3,3A, Acute And Short Stay Medicine
55532,Division 3,3A, Acute And Short Stay Medicine
75106,Division 3,3A, Acute And Short Stay Medicine
63829,Division 3,3A, Acute And Short Stay Medicine
60454,Division 3,3A, Acute And Short Stay Medicine
60157,Division 3,3A, Acute And Short Stay Medicine
45365,Division 3,3A, Acute And Short Stay Medicine
80083,Division 3,3A, Acute And Short Stay Medicine
62264,Division 3,3A, Acute And Short Stay Medicine
67626,Division 3,3A, Acute And Short Stay Medicine
67627,Division 3,3A, Acute And Short Stay Medicine
61862,Division 3,3A, Acute And Short Stay Medicine
30149,Division 3,3A, Acute And Short Stay Medicine
38462,Division 3,3A, Acute And Short Stay Medicine
82534,Division 3,3A, Acute And Short Stay Medicine
78347,Division 3,3A, Acute And Short Stay Medicine
50627,Division 3,3A, Acute And Short Stay Medicine
76762,Division 3,3A, Acute And Short Stay Medicine
1830,Division 3,3A, Acute And Short Stay Medicine
55770,Division 3,3A, Acute And Short Stay Medicine
71526,Division 3,3A, Acute And Short Stay Medicine
73651,Division 3,3A, Acute And Short Stay Medicine
65184,Division 3,3A, Acute And Short Stay Medicine
51189,Division 3,3A, Acute And Short Stay Medicine
51215,Division 3,3A, Acute And Short Stay Medicine
60687,Division 3,3A, Acute And Short Stay Medicine
39660,Division 3,3A, Acute And Short Stay Medicine
69425,Division 3,3A, Acute And Short Stay Medicine
58003,Division 3,3A, Acute And Short Stay Medicine
58317,Division 3,3A, Acute And Short Stay Medicine
51324,Division 3,3A, Acute And Short Stay Medicine
55936,Division 3,3A, Acute And Short Stay Medicine
79732,Division 3,3A, Acute And Short Stay Medicine
58830,Division 3,3A, Acute And Short Stay Medicine
84737,Division 3,3A, Acute And Short Stay Medicine
65857,Division 3,3A, Acute And Short Stay Medicine
60202,Division 3,3A, Acute And Short Stay Medicine
40242,Division 3,3A, Acute And Short Stay Medicine
66009,Division 3,3A, Acute And Short Stay Medicine
63961,Division 3,3A, Acute And Short Stay Medicine
62800,Division 3,3A, Acute And Short Stay Medicine
62801,Division 3,3A, Acute And Short Stay Medicine
56134,Division 3,3A, Acute And Short Stay Medicine
71529,Division 3,3A, Acute And Short Stay Medicine
56145,Division 3,3A, Acute And Short Stay Medicine
24471,Division 3,3A, Acute And Short Stay Medicine
71535,Division 3,3A, Acute And Short Stay Medicine
62405,Division 3,3A, Acute And Short Stay Medicine
67639,Division 3,3A, Acute And Short Stay Medicine
65334,Division 3,3A, Acute And Short Stay Medicine
58292,Division 3,3A, Acute And Short Stay Medicine
66454,Division 3,3A, Acute And Short Stay Medicine
68881,Division 3,3A, Acute And Short Stay Medicine
60737,Division 3,3A, Acute And Short Stay Medicine
60478,Division 3,3A, Acute And Short Stay Medicine
60904,Division 3,3A, Acute And Short Stay Medicine
41524,Division 3,3A, Acute And Short Stay Medicine
67455,Division 3,3A, Acute And Short Stay Medicine
65814,Division 3,3A, Acute And Short Stay Medicine
52387,Division 3,3A, Acute And Short Stay Medicine
67700,Division 3,3A, Acute And Short Stay Medicine
71537,Division 3,3A, Acute And Short Stay Medicine
82432,Division 3,3A, Acute And Short Stay Medicine
58237,Division 3,3A, Acute And Short Stay Medicine
28796,Division 3,3A, Acute And Short Stay Medicine
56739,Division 3,3A, Acute And Short Stay Medicine
73667,Division 3,3A, Acute And Short Stay Medicine
67702,Division 3,3A, Acute And Short Stay Medicine
61950,Division 3,3A, Acute And Short Stay Medicine
23715,Division 3,3A, Acute And Short Stay Medicine
78648,Division 3,3A, Acute And Short Stay Medicine
71538,Division 3,3A, Acute And Short Stay Medicine
67529,Division 3,3A, Acute And Short Stay Medicine
62484,Division 3,3A, Acute And Short Stay Medicine
56827,Division 3,3A, Acute And Short Stay Medicine
60555,Division 3,3A, Acute And Short Stay Medicine
67583,Division 3,3A, Acute And Short Stay Medicine
70697,Division 3,3A, Acute And Short Stay Medicine
83318,Division 3,3A, Acute And Short Stay Medicine
66197,Division 3,3A, Acute And Short Stay Medicine
30206,Division 3,3A, Acute And Short Stay Medicine
61184,Division 3,3A, Acute And Short Stay Medicine
53003,Division 3,3A, Acute And Short Stay Medicine
69341,Division 3,3A, Acute And Short Stay Medicine
46511,Division 3,3A, Acute And Short Stay Medicine
61724,Division 3,3A, Acute And Short Stay Medicine
60164,Division 3,3A, Acute And Short Stay Medicine
71540,Division 3,3A, Acute And Short Stay Medicine
76392,Division 3,3A, Acute And Short Stay Medicine
72272,Division 3,3A, Acute And Short Stay Medicine
53277,Division 3,3A, Acute And Short Stay Medicine
53287,Division 3,3A, Acute And Short Stay Medicine
82438,Division 3,3A, Acute And Short Stay Medicine
66296,Division 3,3A, Acute And Short Stay Medicine
84495,Division 3,3A, Acute And Short Stay Medicine
30502,Division 3,3A, Acute And Short Stay Medicine
61186,Division 3,3A, Acute And Short Stay Medicine
68916,Division 3,3A, Acute And Short Stay Medicine
71543,Division 3,3A, Acute And Short Stay Medicine
80588,Division 3,3A, Acute And Short Stay Medicine
29994,Division 3,3A, Acute And Short Stay Medicine
71822,Division 3,3A, Acute And Short Stay Medicine
53568,Division 3,3A, Acute And Short Stay Medicine
30864,Division 3,3A, Acute And Short Stay Medicine
62985,Division 3,3A, Acute And Short Stay Medicine
74670,Division 3,3A, Acute And Short Stay Medicine
30494,Division 3,3A, Acute And Short Stay Medicine
67701,Division 3,3A, Acute And Short Stay Medicine
64651,Division 3,3A, Acute And Short Stay Medicine
67736,Division 3,3A, Acute And Short Stay Medicine
59158,Division 3,3A, Acute And Short Stay Medicine
62838,Division 3,3A, Acute And Short Stay Medicine
61185,Division 3,3A, Acute And Short Stay Medicine
57273,Division 3,3A, Acute And Short Stay Medicine
60174,Division 3,3A, Acute And Short Stay Medicine
67696,Division 3,3A, Acute And Short Stay Medicine
68911,Division 3,3A, Acute And Short Stay Medicine
61450,Division 3,3A, Acute And Short Stay Medicine
27876,Division 3,3A, Acute And Short Stay Medicine
54037,Division 3,3A, Acute And Short Stay Medicine
78247,Division 3,3A, Acute And Short Stay Medicine
20881,Division 3,3B, Clinical Site Mgt & Discharge Lounge
34078,Division 3,3B, Clinical Site Mgt & Discharge Lounge
34722,Division 3,3B, Clinical Site Mgt & Discharge Lounge
48228,Division 3,3B, Clinical Site Mgt & Discharge Lounge
30246,Division 3,3B, Clinical Site Mgt & Discharge Lounge
11743,Division 3,3B, Clinical Site Mgt & Discharge Lounge
30122,Division 3,3B, Clinical Site Mgt & Discharge Lounge
36917,Division 3,3B, Clinical Site Mgt & Discharge Lounge
71398,Division 3,3B, Clinical Site Mgt & Discharge Lounge
1561,Division 3,3B, Clinical Site Mgt & Discharge Lounge
37863,Division 3,3B, Clinical Site Mgt & Discharge Lounge
8499,Division 3,3B, Clinical Site Mgt & Discharge Lounge
2321,Division 3,3B, Clinical Site Mgt & Discharge Lounge
2807,Division 3,3B, Clinical Site Mgt & Discharge Lounge
2814,Division 3,3B, Clinical Site Mgt & Discharge Lounge
2892,Division 3,3B, Clinical Site Mgt & Discharge Lounge
31145,Division 3,3B, Dental Services
1005,Division 3,3M, Div 3 Management
74157,Division 3,3M, Div 3 Management
9518,Division 3,3M, Div 3 Management
27689,Division 3,3M, Div 3 Management
60437,Division 3,3M, Div 3 Management
7301,Division 3,3M, Div 3 Management
82092,Division 3,3M, Div 3 Management
7860,Division 3,3M, Div 3 Management
24624,Division 3,3M, Div 3 Management
71531,Division 3,4A, Emergency General Surgery
71534,Division 3,4A, Emergency General Surgery
72410,Division 3,295 3A, Emergency Medicine
58288,Division 3,295 3A, Emergency Medicine
20342,Division 3,3A, Emergency Medicine
64988,Division 3,3A, Emergency Medicine
46694,Division 3,3A, Emergency Medicine
60501,Division 3,3A, Emergency Medicine
46656,Division 3,3A, Emergency Medicine
45541,Division 3,3A, Emergency Medicine
66713,Division 3,3A, Emergency Medicine
74760,Division 3,3A, Emergency Medicine
68092,Division 3,3A, Emergency Medicine
60796,Division 3,3A, Emergency Medicine
60903,Division 3,3A, Emergency Medicine
69513,Division 3,3A, Emergency Medicine
59022,Division 3,3A, Emergency Medicine
45016,Division 3,3A, Emergency Medicine
66807,Division 3,3A, Emergency Medicine
83639,Division 3,3A, Emergency Medicine
69042,Division 3,3A, Emergency Medicine
21819,Division 3,3A, Emergency Medicine
29325,Division 3,3A, Emergency Medicine
21455,Division 3,3A, Emergency Medicine
66657,Division 3,3A, Emergency Medicine
61754,Division 3,3A, Emergency Medicine
79131,Division 3,3A, Emergency Medicine
23368,Division 3,3A, Emergency Medicine
32809,Division 3,3A, Emergency Medicine
54378,Division 3,3A, Emergency Medicine
60902,Division 3,3A, Emergency Medicine
64356,Division 3,3A, Emergency Medicine
78460,Division 3,3A, Emergency Medicine
63781,Division 3,3A, Emergency Medicine
57871,Division 3,3A, Emergency Medicine
69544,Division 3,3A, Emergency Medicine
5718,Division 3,3A, Emergency Medicine
60198,Division 3,3A, Emergency Medicine
73777,Division 3,3A, Emergency Medicine
59629,Division 3,3A, Emergency Medicine
67951,Division 3,3A, Emergency Medicine
45869,Division 3,3A, Emergency Medicine
5811,Division 3,3A, Emergency Medicine
82965,Division 3,3A, Emergency Medicine
45872,Division 3,3A, Emergency Medicine
65158,Division 3,3A, Emergency Medicine
24389,Division 3,3A, Emergency Medicine
68078,Division 3,3A, Emergency Medicine
62145,Division 3,3A, Emergency Medicine
28583,Division 3,3A, Emergency Medicine
30547,Division 3,3A, Emergency Medicine
600,Division 3,3A, Emergency Medicine
54650,Division 3,3A, Emergency Medicine
30554,Division 3,3A, Emergency Medicine
46622,Division 3,3A, Emergency Medicine
47962,Division 3,3A, Emergency Medicine
34166,Division 3,3A, Emergency Medicine
23858,Division 3,3A, Emergency Medicine
68076,Division 3,3A, Emergency Medicine
61890,Division 3,3A, Emergency Medicine
24616,Division 3,3A, Emergency Medicine
54851,Division 3,3A, Emergency Medicine
48174,Division 3,3A, Emergency Medicine
45379,Division 3,3A, Emergency Medicine
67954,Division 3,3A, Emergency Medicine
70178,Division 3,3A, Emergency Medicine
31438,Division 3,3A, Emergency Medicine
48452,Division 3,3A, Emergency Medicine
48507,Division 3,3A, Emergency Medicine
28737,Division 3,3A, Emergency Medicine
48583,Division 3,3A, Emergency Medicine
30367,Division 3,3A, Emergency Medicine
60218,Division 3,3A, Emergency Medicine
48738,Division 3,3A, Emergency Medicine
28846,Division 3,3A, Emergency Medicine
60604,Division 3,3A, Emergency Medicine
31452,Division 3,3A, Emergency Medicine
64878,Division 3,3A, Emergency Medicine
36059,Division 3,3A, Emergency Medicine
60507,Division 3,3A, Emergency Medicine
49182,Division 3,3A, Emergency Medicine
31588,Division 3,3A, Emergency Medicine
31575,Division 3,3A, Emergency Medicine
60538,Division 3,, Emergency Medicine
49307,Division 3,3A, Emergency Medicine
55210,Division 3,3A, Emergency Medicine
31254,Division 3,3A, Emergency Medicine
75140,Division 3,3A, Emergency Medicine
75971,Division 3,3A, Emergency Medicine
77707,Division 3,3A, Emergency Medicine
60170,Division 3,3A, Emergency Medicine
25342,Division 3,3A, Emergency Medicine
1310,Division 3,3A, Emergency Medicine
49624,Division 3,3A, Emergency Medicine
68045,Division 3,3A, Emergency Medicine
67187,Division 3,3A, Emergency Medicine
49726,Division 3,3A, Emergency Medicine
74776,Division 3,3A, Emergency Medicine
64887,Division 3,3A, Emergency Medicine
66310,Division 3,3A, Emergency Medicine
21299,Division 3,3A, Emergency Medicine
37935,Division 3,3A, Emergency Medicine
62381,Division 3,3A, Emergency Medicine
1634,Division 3,3A, Emergency Medicine
65363,Division 3,3A, Emergency Medicine
24012,Division 3,3A, Emergency Medicine
50370,Division 3,3A, Emergency Medicine
63313,Division 3,3A, Emergency Medicine
60717,Division 3,3A, Emergency Medicine
64994,Division 3,3A, Emergency Medicine
77626,Division 3,3A, Emergency Medicine
72950,Division 3,3A, Emergency Medicine
64701,Division 3,3A, Emergency Medicine
71999,Division 3,3A, Emergency Medicine
80606,Division 3,3A, Emergency Medicine
57420,Division 3,3A, Emergency Medicine
29056,Division 3,CV, Emergency Medicine
67967,Division 3,3A, Emergency Medicine
23371,Division 3,3A, Emergency Medicine
38907,Division 3,3A, Emergency Medicine
50755,Division 3,3A, Emergency Medicine
55761,Division 3,3A, Emergency Medicine
61053,Division 3,3A, Emergency Medicine
50928,Division 3,3A, Emergency Medicine
69179,Division 3,3A, Emergency Medicine
68079,Division 3,3A, Emergency Medicine
7946,Division 3,3A, Emergency Medicine
51045,Division 3,3A, Emergency Medicine
31846,Division 3,3A, Emergency Medicine
16561,Division 3,3A, Emergency Medicine
1989,Division 3,3A, Emergency Medicine
51182,Division 3,3A, Emergency Medicine
19825,Division 3,3A, Emergency Medicine
70208,Division 3,3A, Emergency Medicine
74404,Division 3,3A, Emergency Medicine
23535,Division 3,3A, Emergency Medicine
16187,Division 3,3A, Emergency Medicine
46594,Division 3,3A, Emergency Medicine
30517,Division 3,3A, Emergency Medicine
13270,Division 3,3A, Emergency Medicine
76622,Division 3,3A, Emergency Medicine
56045,Division 3,3A, Emergency Medicine
57591,Division 3,3A, Emergency Medicine
45110,Division 3,3A, Emergency Medicine
23458,Division 3,3A, Emergency Medicine
74587,Division 3,3A, Emergency Medicine
30023,Division 3,3A, Emergency Medicine
80884,Division 3,3A, Emergency Medicine
66808,Division 3,3A, Emergency Medicine
51764,Division 3,3A, Emergency Medicine
61160,Division 3,, Emergency Medicine
31272,Division 3,3A, Emergency Medicine
51857,Division 3,3A, Emergency Medicine
76204,Division 3,3A, Emergency Medicine
74699,Division 3,3A, Emergency Medicine
2315,Division 3,3A, Emergency Medicine
2348,Division 3,3A, Emergency Medicine
24815,Division 3,3A, Emergency Medicine
62046,Division 3,3A, Emergency Medicine
26196,Division 3,3A, Emergency Medicine
41502,Division 3,3A, Emergency Medicine
2429,Division 3,3A, Emergency Medicine
52238,Division 3,3A, Emergency Medicine
30548,Division 3,3A, Emergency Medicine
52264,Division 3,3A, Emergency Medicine
59562,Division 3,3A, Emergency Medicine
30559,Division 3,3A, Emergency Medicine
23185,Division 3,3A, Emergency Medicine
41723,Division 3,3A, Emergency Medicine
56585,Division 3,3A, Emergency Medicine
57752,Division 3,3A, Emergency Medicine
19762,Division 3,3A, Emergency Medicine
2499,Division 3,3A, Emergency Medicine
31514,Division 3,3A, Emergency Medicine
42209,Division 3,3A, Emergency Medicine
28934,Division 3,3A, Emergency Medicine
63369,Division 3,3A, Emergency Medicine
62055,Division 3,3A, Emergency Medicine
57753,Division 3,3A, Emergency Medicine
68098,Division 3,3A, Emergency Medicine
26305,Division 3,3A, Emergency Medicine
72575,Division 3,3A, Emergency Medicine
20375,Division 3,3A, Emergency Medicine
46359,Division 3,3A, Emergency Medicine
28908,Division 3,3A, Emergency Medicine
42621,Division 3,3A, Emergency Medicine
42646,Division 3,3A, Emergency Medicine
64779,Division 3,, Emergency Medicine
9236,Division 3,3A, Emergency Medicine
74701,Division 3,3A, Emergency Medicine
66165,Division 3,3A, Emergency Medicine
45729,Division 3,3A, Emergency Medicine
43329,Division 3,3A, Emergency Medicine
62064,Division 3,3A, Emergency Medicine
76224,Division 3,3A, Emergency Medicine
75436,Division 3,3A, Emergency Medicine
31389,Division 3,3A, Emergency Medicine
2893,Division 3,3A, Emergency Medicine
44116,Division 3,3A, Emergency Medicine
62317,Division 3,3A, Emergency Medicine
63444,Division 3,3A, Emergency Medicine
31487,Division 3,3A, Emergency Medicine
60528,Division 3,3A, Emergency Medicine
72984,Division 3,3A, Emergency Medicine
46450,Division 3,3A, Emergency Medicine
62188,Division 3,3A, Emergency Medicine
18449,Division 3,3A, Emergency Medicine
29960,Division 3,3A, Emergency Medicine
60475,Division 3,3A, Emergency Medicine
57275,Division 3,3A, Emergency Medicine
73207,Division 3,3A, Emergency Medicine
61008,Division 3,, Emergency Medicine
60901,Division 3,, Emergency Medicine
28892,Division 3,3A, Emergency Medicine
44694,Division 3,3A, Emergency Medicine
74799,Division 3,295 3B, Health Care of Older People
74713,Division 3,304 3B, Health Care of Older People
60908,Division 3,3B, Health Care of Older People
63371,Division 3,3B, Health Care of Older People
45144,Division 3,3B, Health Care of Older People
78998,Division 3,3B, Health Care of Older People
61108,Division 3,3B, Health Care of Older People
61531,Division 3,3B, Health Care of Older People
20941,Division 3,3B, Health Care of Older People
23777,Division 3,3B, Health Care of Older People
61568,Division 3,3B, Health Care of Older People
60456,Division 3,3B, Health Care of Older People
82489,Division 3,3B, Health Care of Older People
30822,Division 3,3B, Health Care of Older People
32457,Division 3,2B, Health Care of Older People
47003,Division 3,3B, Health Care of Older People
75243,Division 3,3B, Health Care of Older People
75005,Division 3,3B, Health Care of Older People
19410,Division 3,3B, Health Care of Older People
59152,Division 3,3B, Health Care of Older People
61544,Division 3,3B, Health Care of Older People
70893,Division 3,3B, Health Care of Older People
60482,Division 3,3B, Health Care of Older People
82649,Division 3,3B, Health Care of Older People
78304,Division 3,3B, Health Care of Older People
60137,Division 3,3B, Health Care of Older People
59350,Division 3,3B, Health Care of Older People
47938,Division 3,3B, Health Care of Older People
47945,Division 3,3B, Health Care of Older People
14355,Division 3,3B, Health Care of Older People
60686,Division 3,3B, Health Care of Older People
67776,Division 3,3B, Health Care of Older People
66696,Division 3,3B, Health Care of Older People
76579,Division 3,3B, Health Care of Older People
22435,Division 3,3B, Health Care of Older People
76907,Division 3,3B, Health Care of Older People
35475,Division 3,3B, Health Care of Older People
46654,Division 3,3B, Health Care of Older People
68138,Division 3,3B, Health Care of Older People
55095,Division 3,3B, Health Care of Older People
25569,Division 3,3B, Health Care of Older People
49225,Division 3,3B, Health Care of Older People
76311,Division 3,3B, Health Care of Older People
65947,Division 3,3B, Health Care of Older People
78327,Division 3,3B, Health Care of Older People
49326,Division 3,3B, Health Care of Older People
79398,Division 3,3B, Health Care of Older People
80976,Division 3,3B, Health Care of Older People
29602,Division 3,3B, Health Care of Older People
60727,Division 3,3B, Health Care of Older People
68742,Division 3,3B, Health Care of Older People
72798,Division 3,3B, Health Care of Older People
75847,Division 3,3B, Health Care of Older People
7317,Division 3,3B, Health Care of Older People
30254,Division 3,3B, Health Care of Older People
9988,Division 3,3B, Health Care of Older People
58235,Division 3,3B, Health Care of Older People
73383,Division 3,3B, Health Care of Older People
62177,Division 3,3B, Health Care of Older People
60205,Division 3,3B, Health Care of Older People
75418,Division 3,3B, Health Care of Older People
68849,Division 3,3B, Health Care of Older People
30778,Division 3,3B, Health Care of Older People
72866,Division 3,3B, Health Care of Older People
61545,Division 3,3B, Health Care of Older People
80602,Division 3,3B, Health Care of Older People
7750,Division 3,3B, Health Care of Older People
65002,Division 3,3B, Health Care of Older People
60162,Division 3,3B, Health Care of Older People
45661,Division 3,3B, Health Care of Older People
71141,Division 3,3B, Health Care of Older People
78782,Division 3,3B, Health Care of Older People
13226,Division 3,3B, Health Care of Older People
16518,Division 3,3B, Health Care of Older People
2072,Division 3,3B, Health Care of Older People
68137,Division 3,3B, Health Care of Older People
51325,Division 3,3B, Health Care of Older People
64105,Division 3,3B, Health Care of Older People
45005,Division 3,3B, Health Care of Older People
69185,Division 3,3B, Health Care of Older People
67928,Division 3,3B, Health Care of Older People
80560,Division 3,3B, Health Care of Older People
62337,Division 3,3B, Health Care of Older People
30743,Division 3,, Health Care of Older People
57626,Division 3,3B, Health Care of Older People
67527,Division 3,3B, Health Care of Older People
66077,Division 3,3B, Health Care of Older People
30568,Division 3,5B, Health Care of Older People
66198,Division 3,3B, Health Care of Older People
65354,Division 3,3B, Health Care of Older People
66684,Division 3,3B, Health Care of Older People
64858,Division 3,3B, Health Care of Older People
62327,Division 3,3B, Health Care of Older People
44750,Division 3,3A, Health Care of Older People
62407,Division 3,3B, Health Care of Older People
68048,Division 3,3B, Health Care of Older People
60521,Division 3,3B, Health Care of Older People
23103,Division 3,3B, Health Care of Older People
76785,Division 3,3B, Health Care of Older People
80573,Division 3,3B, Health Care of Older People
30553,Division 3,3B, Health Care of Older People
64653,Division 3,3B, Health Care of Older People
13272,Division 3,3B, Health Care of Older People
58195,Division 3,3B, Health Care of Older People
67449,Division 3,3B, Health Care of Older People
52352,Division 3,3B, Health Care of Older People
68145,Division 3,3B, Health Care of Older People
8889,Division 3,3B, Health Care of Older People
76021,Division 3,3B, Health Care of Older People
67925,Division 3,3B, Health Care of Older People
60209,Division 3,3B, Health Care of Older People
42317,Division 3,3B, Health Care of Older People
67604,Division 3,3B, Health Care of Older People
70529,Division 3,3B, Health Care of Older People
30523,Division 3,3B, Health Care of Older People
20535,Division 3,3B, Health Care of Older People
68741,Division 3,3B, Health Care of Older People
42682,Division 3,3B, Health Care of Older People
59161,Division 3,3B, Health Care of Older People
68146,Division 3,3B, Health Care of Older People
45266,Division 3,3B, Health Care of Older People
46506,Division 3,3B, Health Care of Older People
67985,Division 3,3B, Health Care of Older People
19511,Division 3,3B, Health Care of Older People
66050,Division 3,3B, Health Care of Older People
85206,Division 3,3B, Health Care of Older People
53418,Division 3,CD, Health Care of Older People
80755,Division 3,3B, Health Care of Older People
82577,Division 3,3B, Health Care of Older People
66076,Division 3,3B, Health Care of Older People
57127,Division 3,3B, Health Care of Older People
73417,Division 3,3B, Health Care of Older People
53797,Division 3,3B, Health Care of Older People
60720,Division 3,3B, Health Care of Older People
60504,Division 3,3B, Health Care of Older People
67433,Division 3,3B, Health Care of Older People
66287,Division 3,3B, Health Care of Older People
84774,Division 3,3B, Health Care of Older People
63635,Division 3,3B, Health Care of Older People
44713,Division 3,3B, Health Care of Older People
20288,Division 3,3B, Solihull Community Services
11555,Division 3,3B, Solihull Community Services
27587,Division 3,3B, Solihull Community Services
6392,Division 3,3B, Stroke Services
76433,Division 3,3B, Stroke Services
28225,Division 3,3B, Stroke Services
75839,Division 3,3B, Stroke Services
50920,Division 3,3B, Stroke Services
76777,Division 3,3B, Stroke Services
25479,Division 3,3B, Stroke Services
8761,Division 3,3B, Stroke Services
80672,Division 3,3B, Stroke Services
68890,Division 3,3B, Stroke Services
67653,Division 3,3B, Stroke Services
36269,Division 3,3B, Stroke Services
78975,Division 3,295 3B, Therapy Services
71190,Division 3,3B, Therapy Services
31875,Division 3,3B, Therapy Services
19404,Division 3,3B, Therapy Services
30766,Division 3,3B, Therapy Services
30646,Division 3,3B, Therapy Services
46783,Division 3,3B, Therapy Services
45794,Division 3,3B, Therapy Services
28837,Division 3,3B, Therapy Services
28485,Division 3,3B, Therapy Services
57534,Division 3,3B, Therapy Services
46800,Division 3,3B, Therapy Services
76145,Division 3,3B, Therapy Services
63203,Division 3,3B, Therapy Services
22044,Division 3,3B, Therapy Services
5425,Division 3,3B, Therapy Services
26288,Division 3,3B, Therapy Services
75273,Division 3,3B, Therapy Services
62344,Division 3,3B, Therapy Services
11405,Division 3,3B, Therapy Services
23644,Division 3,3B, Therapy Services
79702,Division 3,3B, Therapy Services
69387,Division 3,3B, Therapy Services
32420,Division 3,3B, Therapy Services
68949,Division 3,3B, Therapy Services
32450,Division 3,3B, Therapy Services
5487,Division 3,3B, Therapy Services
31220,Division 3,3B, Therapy Services
68324,Division 3,3B, Therapy Services
25851,Division 3,3B, Therapy Services
5507,Division 3,3B, Therapy Services
22467,Division 3,3B, Therapy Services
72916,Division 3,3B, Therapy Services
11697,Division 3,3B, Therapy Services
26691,Division 3,3B, Therapy Services
11700,Division 3,3B, Therapy Services
47182,Division 3,3B, Therapy Services
12506,Division 3,3B, Therapy Services
47200,Division 3,3B, Therapy Services
32820,Division 3,3B, Therapy Services
64599,Division 3,3B, Therapy Services
47228,Division 3,3B, Therapy Services
78458,Division 3,3B, Therapy Services
11340,Division 3,3B, Therapy Services
3481,Division 3,3B, Therapy Services
75941,Division 3,3B, Therapy Services
47279,Division 3,3B, Therapy Services
71771,Division 3,3B, Therapy Services
73358,Division 3,3B, Therapy Services
66642,Division 3,3B, Therapy Services
63782,Division 3,3B, Therapy Services
70260,Division 3,3B, Therapy Services
70114,Division 3,3B, Therapy Services
63302,Division 3,3B, Therapy Services
47454,Division 3,3B, Therapy Services
5764,Division 3,3B, Therapy Services
59786,Division 3,3B, Therapy Services
33393,Division 3,3B, Therapy Services
5805,Division 3,3B, Therapy Services
26321,Division 3,3B, Therapy Services
61761,Division 3,3B, Therapy Services
72597,Division 3,3B, Therapy Services
61762,Division 3,3B, Therapy Services
54580,Division 3,3B, Therapy Services
75814,Division 3,3B, Therapy Services
5832,Division 3,3B, Therapy Services
26388,Division 3,3B, Therapy Services
15300,Division 3,3B, Therapy Services
5870,Division 3,3B, Therapy Services
15558,Division 3,3B, Therapy Services
47681,Division 3,3B, Therapy Services
62107,Division 3,3B, Therapy Services
22292,Division 3,3B, Therapy Services
75125,Division 3,3B, Therapy Services
33742,Division 3,3B, Therapy Services
29357,Division 3,4B, Therapy Services
60947,Division 3,3B, Therapy Services
72166,Division 3,3B, Therapy Services
5953,Division 3,3B, Therapy Services
82071,Division 3,3B, Therapy Services
62225,Division 3,3B, Therapy Services
30629,Division 3,3B, Therapy Services
27639,Division 3,3B, Therapy Services
15934,Division 3,3B, Therapy Services
64372,Division 3,3B, Therapy Services
65791,Division 3,3B, Therapy Services
6035,Division 3,3B, Therapy Services
69515,Division 3,3B, Therapy Services
6059,Division 3,3B, Therapy Services
48003,Division 3,3B, Therapy Services
48011,Division 3,3B, Therapy Services
28802,Division 3,3B, Therapy Services
57762,Division 3,3B, Therapy Services
72924,Division 3,3B, Therapy Services
76723,Division 3,3B, Therapy Services
54733,Division 3,3B, Therapy Services
64807,Division 3,3B, Therapy Services
84415,Division 3,3B, Therapy Services
28716,Division 3,3B, Therapy Services
12648,Division 3,3B, Therapy Services
30014,Division 3,3B, Therapy Services
34515,Division 3,3B, Therapy Services
28633,Division 3,3B, Therapy Services
28867,Division 3,3B, Therapy Services
30055,Division 3,3B, Therapy Services
11744,Division 3,3B, Therapy Services
29231,Division 3,3B, Therapy Services
12703,Division 3,3B, Therapy Services
80648,Division 3,3B, Therapy Services
6361,Division 3,3B, Therapy Services
12709,Division 3,3B, Therapy Services
69400,Division 3,3B, Therapy Services
31255,Division 3,3B, Therapy Services
45615,Division 3,3B, Therapy Services
71870,Division 3,3B, Therapy Services
11837,Division 3,3B, Therapy Services
35102,Division 3,3B, Therapy Services
6420,Division 3,3B, Therapy Services
66387,Division 3,3B, Therapy Services
48498,Division 3,3B, Therapy Services
65166,Division 3,3B, Therapy Services
48518,Division 3,3B, Therapy Services
68437,Division 3,3B, Therapy Services
73632,Division 3,3B, Therapy Services
29178,Division 3,3B, Therapy Services
58726,Division 3,3B, Therapy Services
25679,Division 3,3B, Therapy Services
26354,Division 3,3B, Therapy Services
22423,Division 3,3B, Therapy Services
48564,Division 3,3B, Therapy Services
28814,Division 3,3B, Therapy Services
35237,Division 3,3B, Therapy Services
66701,Division 3,3B, Therapy Services
64350,Division 3,3B, Therapy Services
30294,Division 3,3B, Therapy Services
44778,Division 3,3B, Therapy Services
69077,Division 3,3B, Therapy Services
35278,Division 3,3B, Therapy Services
48640,Division 3,3B, Therapy Services
11383,Division 3,3B, Therapy Services
29737,Division 3,3B, Therapy Services
65303,Division 3,3B, Therapy Services
6493,Division 3,3B, Therapy Services
61972,Division 3,3B, Therapy Services
26006,Division 3,3B, Therapy Services
31207,Division 3,3B, Therapy Services
45616,Division 3,3B, Therapy Services
68813,Division 3,3B, Therapy Services
76438,Division 3,3B, Therapy Services
69895,Division 3,3B, Therapy Services
48823,Division 3,3B, Therapy Services
48825,Division 3,3B, Therapy Services
6544,Division 3,3B, Therapy Services
48896,Division 3,3B, Therapy Services
44771,Division 3,3B, Therapy Services
48925,Division 3,3B, Therapy Services
31290,Division 3,3B, Therapy Services
27780,Division 3,3B, Therapy Services
35814,Division 3,3B, Therapy Services
23878,Division 3,3B, Therapy Services
6641,Division 3,3B, Therapy Services
57533,Division 3,3B, Therapy Services
68442,Division 3,3B, Therapy Services
26584,Division 3,3B, Therapy Services
36058,Division 3,3B, Therapy Services
11613,Division 3,3B, Therapy Services
70927,Division 3,3B, Therapy Services
65395,Division 3,3B, Therapy Services
49104,Division 3,3B, Therapy Services
65305,Division 3,3B, Therapy Services
61783,Division 3,3B, Therapy Services
6701,Division 3,3B, Therapy Services
24441,Division 3,3B, Therapy Services
49169,Division 3,3B, Therapy Services
6717,Division 3,3B, Therapy Services
31234,Division 3,3B, Therapy Services
6729,Division 3,3B, Therapy Services
69772,Division 3,3B, Therapy Services
36283,Division 3,3B, Therapy Services
10964,Division 3,3B, Therapy Services
63592,Division 3,3B, Therapy Services
29196,Division 3,4A, Therapy Services
55176,Division 3,3B, Therapy Services
26571,Division 3,3B, Therapy Services
57503,Division 3,3B, Therapy Services
70286,Division 3,3B, Therapy Services
62485,Division 3,3B, Therapy Services
30486,Division 3,3B, Therapy Services
70193,Division 3,3B, Therapy Services
30487,Division 3,3B, Therapy Services
29948,Division 3,3B, Therapy Services
30816,Division 3,3B, Therapy Services
55276,Division 3,3B, Therapy Services
30653,Division 3,3B, Therapy Services
49461,Division 3,3B, Therapy Services
63841,Division 3,3B, Therapy Services
26441,Division 3,3B, Therapy Services
71078,Division 3,3B, Therapy Services
36941,Division 3,3B, Therapy Services
36851,Division 3,3B, Therapy Services
6981,Division 3,3B, Therapy Services
1258,Division 3,3B, Therapy Services
6992,Division 3,3B, Therapy Services
11417,Division 3,3B, Therapy Services
37050,Division 3,3B, Therapy Services
69163,Division 3,3B, Therapy Services
19807,Division 3,3B, Therapy Services
49712,Division 3,3B, Therapy Services
49715,Division 3,3B, Therapy Services
71884,Division 3,3B, Therapy Services
71399,Division 3,3B, Therapy Services
55434,Division 3,3B, Therapy Services
21288,Division 3,3B, Therapy Services
7142,Division 3,3B, Therapy Services
78761,Division 3,3B, Therapy Services
31274,Division 3,3B, Therapy Services
28982,Division 3,3B, Therapy Services
27941,Division 3,3B, Therapy Services
26027,Division 3,3B, Therapy Services
28554,Division 3,3B, Therapy Services
23707,Division 3,3B, Therapy Services
11807,Division 3,3B, Therapy Services
71995,Division 3,3B, Therapy Services
23563,Division 3,3B, Therapy Services
71086,Division 3,3B, Therapy Services
30991,Division 3,3B, Therapy Services
37817,Division 3,3B, Therapy Services
11814,Division 3,3B, Therapy Services
23362,Division 3,3B, Therapy Services
50116,Division 3,3B, Therapy Services
50124,Division 3,3B, Therapy Services
16576,Division 3,3B, Therapy Services
37937,Division 3,3B, Therapy Services
50155,Division 3,3B, Therapy Services
50170,Division 3,3B, Therapy Services
69418,Division 3,3B, Therapy Services
64822,Division 3,3B, Therapy Services
7517,Division 3,3B, Therapy Services
72673,Division 3,3B, Therapy Services
28639,Division 3,3B, Therapy Services
38146,Division 3,3B, Therapy Services
15667,Division 3,3B, Therapy Services
38207,Division 3,3B, Therapy Services
11828,Division 3,3B, Therapy Services
18181,Division 3,3B, Therapy Services
50384,Division 3,3B, Therapy Services
50409,Division 3,3B, Therapy Services
7623,Division 3,3B, Therapy Services
23875,Division 3,3B, Therapy Services
44868,Division 3,3B, Therapy Services
69173,Division 3,3B, Therapy Services
44980,Division 3,3B, Therapy Services
69226,Division 3,3B, Therapy Services
73054,Division 3,3B, Therapy Services
80170,Division 3,3B, Therapy Services
25114,Division 3,3B, Therapy Services
18394,Division 3,3B, Therapy Services
44769,Division 3,3B, Therapy Services
23428,Division 3,3B, Therapy Services
46157,Division 3,3B, Therapy Services
15899,Division 3,3B, Therapy Services
55737,Division 3,3B, Therapy Services
7765,Division 3,3B, Therapy Services
7784,Division 3,3B, Therapy Services
65316,Division 3,3B, Therapy Services
16010,Division 3,3B, Therapy Services
7805,Division 3,3B, Therapy Services
11389,Division 3,3B, Therapy Services
62960,Division 3,3B, Therapy Services
7893,Division 3,3B, Therapy Services
69305,Division 3,3B, Therapy Services
57515,Division 3,3B, Therapy Services
11632,Division 3,3B, Therapy Services
68410,Division 3,3B, Therapy Services
75856,Division 3,3B, Therapy Services
50931,Division 3,3B, Therapy Services
7911,Division 3,3B, Therapy Services
31064,Division 3,3B, Therapy Services
75422,Division 3,3B, Therapy Services
15340,Division 3,3B, Therapy Services
66590,Division 3,3B, Therapy Services
68993,Division 3,3B, Therapy Services
23351,Division 3,3B, Therapy Services
69178,Division 3,3B, Therapy Services
39284,Division 3,3B, Therapy Services
30155,Division 3,3B, Therapy Services
30972,Division 3,3B, Therapy Services
55821,Division 3,3B, Therapy Services
8045,Division 3,3B, Therapy Services
21063,Division 3,3B, Therapy Services
8055,Division 3,3B, Therapy Services
11714,Division 3,3B, Therapy Services
70432,Division 3,3B, Therapy Services
70209,Division 3,3B, Therapy Services
39781,Division 3,3B, Therapy Services
59826,Division 3,3B, Therapy Services
31275,Division 3,3B, Therapy Services
70210,Division 3,3B, Therapy Services
46556,Division 3,3B, Therapy Services
51399,Division 3,3B, Therapy Services
28850,Division 3,3B, Therapy Services
40215,Division 3,3B, Therapy Services
69097,Division 3,3B, Therapy Services
69001,Division 3,3B, Therapy Services
51549,Division 3,3B, Therapy Services
30817,Division 3,3B, Therapy Services
30438,Division 3,3B, Therapy Services
64635,Division 3,3B, Therapy Services
21896,Division 3,3B, Therapy Services
76476,Division 3,3B, Therapy Services
67015,Division 3,3B, Therapy Services
64366,Division 3,, Therapy Services
64351,Division 3,3B, Therapy Services
8386,Division 3,3B, Therapy Services
20103,Division 3,3B, Therapy Services
69811,Division 3,3B, Therapy Services
40647,Division 3,3B, Therapy Services
56254,Division 3,3B, Therapy Services
59234,Division 3,3B, Therapy Services
11526,Division 3,3B, Therapy Services
13364,Division 3,3B, Therapy Services
22390,Division 3,3B, Therapy Services
16196,Division 3,3B, Therapy Services
30882,Division 3,3B, Therapy Services
29155,Division 3,3B, Therapy Services
25481,Division 3,3B, Therapy Services
70523,Division 3,3B, Therapy Services
65477,Division 3,3B, Therapy Services
66939,Division 3,3B, Therapy Services
75178,Division 3,3B, Therapy Services
71802,Division 3,3B, Therapy Services
31422,Division 3,3B, Therapy Services
11866,Division 3,3B, Therapy Services
29283,Division 3,3B, Therapy Services
8609,Division 3,3B, Therapy Services
56444,Division 3,3B, Therapy Services
18416,Division 3,3B, Therapy Services
8690,Division 3,3B, Therapy Services
21148,Division 3,3B, Therapy Services
64714,Division 3,3B, Therapy Services
63579,Division 3,, Therapy Services
52176,Division 3,3B, Therapy Services
45123,Division 3,3B, Therapy Services
29254,Division 3,3B, Therapy Services
41544,Division 3,3B, Therapy Services
56532,Division 3,3B, Therapy Services
76891,Division 3,3B, Therapy Services
73292,Division 3,3B, Therapy Services
18336,Division 3,3B, Therapy Services
52252,Division 3,3B, Therapy Services
8789,Division 3,3B, Therapy Services
10968,Division 3,3B, Therapy Services
52275,Division 3,3B, Therapy Services
52277,Division 3,3B, Therapy Services
63117,Division 3,3B, Therapy Services
28376,Division 3,3B, Therapy Services
52316,Division 3,3B, Therapy Services
67014,Division 3,3B, Therapy Services
21625,Division 3,3B, Therapy Services
73294,Division 3,3B, Therapy Services
41868,Division 3,3B, Therapy Services
56638,Division 3,3B, Therapy Services
56640,Division 3,3B, Therapy Services
46335,Division 3,3B, Therapy Services
58777,Division 3,3B, Therapy Services
56664,Division 3,3B, Therapy Services
31599,Division 3,3B, Therapy Services
42024,Division 3,3B, Therapy Services
25774,Division 3,3B, Therapy Services
8926,Division 3,3B, Therapy Services
52451,Division 3,3B, Therapy Services
52452,Division 3,3B, Therapy Services
8934,Division 3,3B, Therapy Services
77408,Division 3,3B, Therapy Services
69117,Division 3,3B, Therapy Services
15360,Division 3,3B, Therapy Services
42348,Division 3,3B, Therapy Services
28820,Division 3,3B, Therapy Services
65453,Division 3,3B, Therapy Services
42427,Division 3,3B, Therapy Services
31800,Division 3,3B, Therapy Services
69106,Division 3,3B, Therapy Services
80356,Division 3,3B, Therapy Services
57341,Division 3,3B, Therapy Services
9091,Division 3,3B, Therapy Services
58782,Division 3,3B, Therapy Services
11892,Division 3,3B, Therapy Services
42711,Division 3,3B, Therapy Services
61936,Division 3,, Therapy Services
29041,Division 3,3B, Therapy Services
19225,Division 3,3B, Therapy Services
68483,Division 3,3B, Therapy Services
69507,Division 3,3B, Therapy Services
11343,Division 3,3B, Therapy Services
72362,Division 3,3B, Therapy Services
69011,Division 3,3B, Therapy Services
29021,Division 3,3B, Therapy Services
52998,Division 3,3B, Therapy Services
67512,Division 3,3B, Therapy Services
60986,Division 3,3B, Therapy Services
43048,Division 3,3B, Therapy Services
64370,Division 3,3B, Therapy Services
62982,Division 3,3B, Therapy Services
27664,Division 3,3B, Therapy Services
78957,Division 3,3B, Therapy Services
63860,Division 3,3B, Therapy Services
9270,Division 3,3B, Therapy Services
9275,Division 3,3B, Therapy Services
43207,Division 3,3B, Therapy Services
43254,Division 3,3B, Therapy Services
58214,Division 3,3B, Therapy Services
66319,Division 3,3B, Therapy Services
70115,Division 3,3B, Therapy Services
69018,Division 3,3B, Therapy Services
53303,Division 3,3B, Therapy Services
19754,Division 3,3B, Therapy Services
16709,Division 3,3B, Therapy Services
66441,Division 3,3B, Therapy Services
63306,Division 3,3B, Therapy Services
53372,Division 3,3B, Therapy Services
71002,Division 3,3B, Therapy Services
9443,Division 3,3B, Therapy Services
26431,Division 3,3B, Therapy Services
9520,Division 3,3B, Therapy Services
9529,Division 3,3B, Therapy Services
59537,Division 3,3B, Therapy Services
9582,Division 3,3B, Therapy Services
29668,Division 3,3B, Therapy Services
57156,Division 3,3B, Therapy Services
11276,Division 3,3B, Therapy Services
44099,Division 3,3B, Therapy Services
44125,Division 3,3B, Therapy Services
31605,Division 3,3B, Therapy Services
9662,Division 3,3B, Therapy Services
9688,Division 3,3B, Therapy Services
15015,Division 3,3B, Therapy Services
67510,Division 3,3B, Therapy Services
63821,Division 3,3B, Therapy Services
18909,Division 3,3B, Therapy Services
45750,Division 3,3B, Therapy Services
53834,Division 3,3B, Therapy Services
24908,Division 3,3B, Therapy Services
28805,Division 3,3B, Therapy Services
14849,Division 3,3B, Therapy Services
11686,Division 3,3B, Therapy Services
78043,Division 3,3B, Therapy Services
72587,Division 3,3B, Therapy Services
68293,Division 3,3B, Therapy Services
30650,Division 3,3B, Therapy Services
72026,Division 3,3B, Therapy Services
29734,Division 3,3B, Therapy Services
3394,Division 3,3B, Therapy Services
26279,Division 3,3B, Therapy Services
71521,Division 3,295 3A,
62847,Division 3,295 3A,
67655,Division 3,295 3A,
71542,Division 3,295 3A,
67579,Division 3,295 3A,
71014,Division 3,295 3B,
40644,Division 4,4A, 4A Wards
65332,Division 4,4A, 4A Wards
2250,Division 4,4A, 4A Wards
51840,Division 4,4A, 4A Wards
31102,Division 4,4A, 4A Wards
2283,Division 4,4A, 4A Wards
2302,Division 4,4A, 4A Wards
89816,Division 4,4A, 4A Wards
94537,Division 4,4A, 4A Wards
79643,Division 4,4A, 4A Wards
41153,Division 4,4A, 4A Wards
24645,Division 4,4A, 4A Wards
83890,Division 4,4A, 4A Wards
87295,Division 4,4A, 4A Wards
56520,Division 4,4A, 4A Wards
69539,Division 4,4A, 4A Wards
41479,Division 4,4A, 4A Wards
83894,Division 4,4A, 4A Wards
52400,Division 4,4A, 4A Wards
76017,Division 4,4A, 4A Wards
89626,Division 4,4A, 4A Wards
56701,Division 4,4A, 4A Wards
56706,Division 4,4A, 4A Wards
93527,Division 4,4A, 4A Wards
77650,Division 4,, 4A Wards
2529,Division 4,4A, 4A Wards
52507,Division 4,4A, 4A Wards
77419,Division 4,4A, 4A Wards
59920,Division 4,4A, 4A Wards
79364,Division 4,4A, 4A Wards
88648,Division 4,4A, 4A Wards
95873,Division 4,4A, 4A Wards
66323,Division 4,4A, 4A Wards
61147,Division 4,, 4A Wards
7769,Division 4,4A, 4A Wards
31415,Division 4,4A, 4A Wards
1885,Division 4,4A, 4A Wards
3183,Division 4,4A, 4A Wards
1992,Division 4,4A, 4A Wards
2010,Division 4,4A, 4A Wards
66995,Division 4,4A, 4A Wards
13250,Division 4,4A, 4A Wards
70306,Division 4,4A, 4A Wards
51428,Division 4,4A, 4A Wards
28913,Division 4,4A, 4A Wards
66448,Division 4,4A, 4A Wards
60097,Division 4,4A, 4A Wards
72135,Division 4,4A, 4A Wards
42398,Division 4,4A, 4A Wards
52675,Division 4,4A, 4A Wards
25242,Division 4,4A, 4A Wards
59242,Division 4,4A, 4A Wards
58413,Division 4,4A, 4A Wards
9497,Division 4,4A, 4A Wards
9475,Division 4,4A, 4A Wards
71817,Division 4,4A, 4A Wards
67214,Division 4,4A, 4A Wards
66553,Division 4,4A, 4A Wards
9756,Division 4,4A, 4A Wards
22572,Division 4,4A, 4A Wards
53942,Division 4,4A, 4A Wards
26290,Division 4,4B, 4B Wards
63576,Division 4,4B, 4B Wards
71049,Division 4,4B, 4B Wards
234,Division 4,4B, 4B Wards
28981,Division 4,4B, 4B Wards
24742,Division 4,4B, 4B Wards
29635,Division 4,4B, 4B Wards
63071,Division 4,4B, 4B Wards
58100,Division 4,4B, 4B Wards
62249,Division 4,, 4B Wards
6771,Division 4,4B, 4B Wards
46628,Division 4,4B, 4B Wards
63309,Division 4,, 4B Wards
26728,Division 4,4B, 4B Wards
7562,Division 4,4B, 4B Wards
64700,Division 4,4B, 4B Wards
27616,Division 4,4B, 4B Wards
51029,Division 4,4B, 4B Wards
39672,Division 4,4B, 4B Wards
13335,Division 4,4B, 4B Wards
16194,Division 4,4B, 4B Wards
2320,Division 4,4B, 4B Wards
52324,Division 4,4B, 4B Wards
21951,Division 4,4B, 4B Wards
12354,Division 4,4B, 4B Wards
66829,Division 4,4B, 4B Wards
13624,Division 4,4B, 4B Wards
53108,Division 4,4B, 4B Wards
26271,Division 4,4B, 4B Wards
71920,Division 4,4B, 4B Wards
53686,Division 4,4B, 4B Wards
53753,Division 4,4B, 4B Wards
61079,Division 4,, 4B Wards
66650,Division 4,4M, Div 4 Management
6900,Division 4,4M, Div 4 Management
58114,Division 4,4M, Div 4 Management
77381,Division 4,4M, Div 4 Management
1867,Division 4,4M, Div 4 Management
8170,Division 4,4M, Div 4 Management
80344,Division 4,4M, Div 4 Management
77135,Division 4,4M, Div 4 Management
76369,Division 4,4M, Div 4 Management
76493,Division 4,4M, Div 4 Management
75189,Division 4,4M, Div 4 Management
69654,Division 4,4M, Div 4 Management
71837,Division 4,4B," Ear, Nose And Throat"
58122,Division 4,4B," Ear, Nose And Throat"
76416,Division 4,4B," Ear, Nose And Throat"
15138,Division 4,4B," Ear, Nose And Throat"
19663,Division 4,4B," Ear, Nose And Throat"
46966,Division 4,4B," Ear, Nose And Throat"
78451,Division 4,4B," Ear, Nose And Throat"
62216,Division 4,4B," Ear, Nose And Throat"
32794,Division 4,4B," Ear, Nose And Throat"
23629,Division 4,4B," Ear, Nose And Throat"
60120,Division 4,4B," Ear, Nose And Throat"
44749,Division 4,4B," Ear, Nose And Throat"
69254,Division 4,4B," Ear, Nose And Throat"
34588,Division 4,4B," Ear, Nose And Throat"
69269,Division 4,4B," Ear, Nose And Throat"
29060,Division 4,4B," Ear, Nose And Throat"
35396,Division 4,4B," Ear, Nose And Throat"
60472,Division 4,4B," Ear, Nose And Throat"
49373,Division 4,4B," Ear, Nose And Throat"
62254,Division 4,4B," Ear, Nose And Throat"
19460,Division 4,4B," Ear, Nose And Throat"
79978,Division 4,4B," Ear, Nose And Throat"
50900,Division 4,4B," Ear, Nose And Throat"
20856,Division 4,4B," Ear, Nose And Throat"
60188,Division 4,4B," Ear, Nose And Throat"
67248,Division 4,4B," Ear, Nose And Throat"
65269,Division 4,4B," Ear, Nose And Throat"
2111,Division 4,4B," Ear, Nose And Throat"
58316,Division 4,4B," Ear, Nose And Throat"
11858,Division 4,4B," Ear, Nose And Throat"
76516,Division 4,4B," Ear, Nose And Throat"
69315,Division 4,4B," Ear, Nose And Throat"
74411,Division 4,4B," Ear, Nose And Throat"
60524,Division 4,4B," Ear, Nose And Throat"
51785,Division 4,4B," Ear, Nose And Throat"
51845,Division 4,4B," Ear, Nose And Throat"
62293,Division 4,4B," Ear, Nose And Throat"
60187,Division 4,4B," Ear, Nose And Throat"
64718,Division 4,4B," Ear, Nose And Throat"
60213,Division 4,4B," Ear, Nose And Throat"
67922,Division 4,4B," Ear, Nose And Throat"
56711,Division 4,4B," Ear, Nose And Throat"
60526,Division 4,4B," Ear, Nose And Throat"
52428,Division 4,4B," Ear, Nose And Throat"
65339,Division 4,4B," Ear, Nose And Throat"
70483,Division 4,4B," Ear, Nose And Throat"
52598,Division 4,4B," Ear, Nose And Throat"
52731,Division 4,4B," Ear, Nose And Throat"
21911,Division 4,4B," Ear, Nose And Throat"
60414,Division 4,4B," Ear, Nose And Throat"
71423,Division 4,4B," Ear, Nose And Throat"
68083,Division 4,4B," Ear, Nose And Throat"
65882,Division 4,4B," Ear, Nose And Throat"
57038,Division 4,4B," Ear, Nose And Throat"
78037,Division 4,4B," Ear, Nose And Throat"
74705,Division 4,4B," Ear, Nose And Throat"
30748,Division 4,4B," Ear, Nose And Throat"
53714,Division 4,4B," Ear, Nose And Throat"
69530,Division 4,4B," Ear, Nose And Throat"
9804,Division 4,4B," Ear, Nose And Throat"
53915,Division 4,4B," Ear, Nose And Throat"
60645,Division 4,4B," Ear, Nose And Throat"
44579,Division 4,3B," Ear, Nose And Throat"
44739,Division 4,4B," Ear, Nose And Throat"
44699,Division 4,4B," Ear, Nose And Throat"
79260,Division 4,295 4A, Emergency General Surgery
76350,Division 4,295 4A, Emergency General Surgery
76781,Division 4,295 4A, Emergency General Surgery
74807,Division 4,295 4A, Emergency General Surgery
30557,Division 4,4A, Emergency General Surgery
60142,Division 4,4A, Emergency General Surgery
60491,Division 4,4A, Emergency General Surgery
45787,Division 4,4A, Emergency General Surgery
62737,Division 4,4A, Emergency General Surgery
67613,Division 4,4A, Emergency General Surgery
61026,Division 4,4A, Emergency General Surgery
63329,Division 4,4A, Emergency General Surgery
59170,Division 4,4A, Emergency General Surgery
57950,Division 4,4A, Emergency General Surgery
45816,Division 4,4A, Emergency General Surgery
83779,Division 4,4A, Emergency General Surgery
69389,Division 4,4A, Emergency General Surgery
69252,Division 4,4A, Emergency General Surgery
47549,Division 4,4A, Emergency General Surgery
80398,Division 4,4A, Emergency General Surgery
60175,Division 4,4A, Emergency General Surgery
60166,Division 4,4A, Emergency General Surgery
58334,Division 4,4A, Emergency General Surgery
81279,Division 4,4A, Emergency General Surgery
60217,Division 4,4A, Emergency General Surgery
34711,Division 4,4A, Emergency General Surgery
60210,Division 4,4A, Emergency General Surgery
74966,Division 4,4A, Emergency General Surgery
71522,Division 4,4A, Emergency General Surgery
62240,Division 4,4A, Emergency General Surgery
46517,Division 4,4A, Emergency General Surgery
55058,Division 4,4A, Emergency General Surgery
68066,Division 4,4A, Emergency General Surgery
75966,Division 4,4A, Emergency General Surgery
61969,Division 4,4A, Emergency General Surgery
63292,Division 4,4A, Emergency General Surgery
60899,Division 4,4A, Emergency General Surgery
66364,Division 4,4A, Emergency General Surgery
80655,Division 4,4A, Emergency General Surgery
77265,Division 4,4A, Emergency General Surgery
78758,Division 4,4A, Emergency General Surgery
68053,Division 4,4A, Emergency General Surgery
67550,Division 4,4A, Emergency General Surgery
60131,Division 4,4A, Emergency General Surgery
63599,Division 4,4A, Emergency General Surgery
37778,Division 4,4A, Emergency General Surgery
31028,Division 4,4A, Emergency General Surgery
50263,Division 4,4A, Emergency General Surgery
68843,Division 4,4A, Emergency General Surgery
60191,Division 4,4A, Emergency General Surgery
68065,Division 4,4A, Emergency General Surgery
60897,Division 4,4A, Emergency General Surgery
69421,Division 4,4A, Emergency General Surgery
60182,Division 4,4A, Emergency General Surgery
65660,Division 4,4A, Emergency General Surgery
55943,Division 4,4A, Emergency General Surgery
76474,Division 4,4A, Emergency General Surgery
60219,Division 4,4A, Emergency General Surgery
46231,Division 4,4A, Emergency General Surgery
75041,Division 4,4A, Emergency General Surgery
71530,Division 4,4A, Emergency General Surgery
56158,Division 4,4A, Emergency General Surgery
72808,Division 4,4A, Emergency General Surgery
62290,Division 4,4A, Emergency General Surgery
60151,Division 4,4A, Emergency General Surgery
67598,Division 4,4A, Emergency General Surgery
60173,Division 4,4A, Emergency General Surgery
31131,Division 4,4A, Emergency General Surgery
69529,Division 4,4A, Emergency General Surgery
30324,Division 4,4A, Emergency General Surgery
58287,Division 4,4A, Emergency General Surgery
60876,Division 4,304 4A, Emergency General Surgery
56635,Division 4,4A, Emergency General Surgery
8924,Division 4,4A, Emergency General Surgery
67580,Division 4,4A, Emergency General Surgery
58207,Division 4,4A, Emergency General Surgery
58271,Division 4,4A, Emergency General Surgery
59164,Division 4,4A, Emergency General Surgery
69340,Division 4,4A, Emergency General Surgery
69450,Division 4,4A, Emergency General Surgery
53215,Division 4,4A, Emergency General Surgery
69353,Division 4,4A, Emergency General Surgery
67767,Division 4,4A, Emergency General Surgery
62313,Division 4,4A, Emergency General Surgery
30221,Division 4,4A, Emergency General Surgery
62318,Division 4,4A, Emergency General Surgery
77078,Division 4,4A, Emergency General Surgery
62322,Division 4,, Emergency General Surgery
69359,Division 4,4A, Emergency General Surgery
68921,Division 4,4A, Emergency General Surgery
65659,Division 4,4A, Emergency General Surgery
68912,Division 4,4A, Emergency General Surgery
80191,Division 4,4A, Emergency General Surgery
68915,Division 4,4A, Emergency General Surgery
16264,Division 4,4A, Endoscopy And Gastro Medicine
54139,Division 4,4A, Endoscopy And Gastro Medicine
139,Division 4,4A, Endoscopy And Gastro Medicine
31109,Division 4,4A, Endoscopy And Gastro Medicine
61109,Division 4,4A, Endoscopy And Gastro Medicine
68769,Division 4,4A, Endoscopy And Gastro Medicine
68768,Division 4,4A, Endoscopy And Gastro Medicine
26061,Division 4,3A, Endoscopy And Gastro Medicine
67923,Division 4,4A, Endoscopy And Gastro Medicine
70343,Division 4,4A, Endoscopy And Gastro Medicine
75765,Division 4,4A, Endoscopy And Gastro Medicine
48173,Division 4,4A, Endoscopy And Gastro Medicine
76165,Division 4,4A, Endoscopy And Gastro Medicine
78139,Division 4,4A, Endoscopy And Gastro Medicine
12748,Division 4,4A, Endoscopy And Gastro Medicine
65948,Division 4,4A, Endoscopy And Gastro Medicine
66679,Division 4,4A, Endoscopy And Gastro Medicine
35405,Division 4,4A, Endoscopy And Gastro Medicine
76856,Division 4,4A, Endoscopy And Gastro Medicine
48736,Division 4,4A, Endoscopy And Gastro Medicine
30379,Division 4,4A, Endoscopy And Gastro Medicine
965,Division 4,4A, Endoscopy And Gastro Medicine
61571,Division 4,4A, Endoscopy And Gastro Medicine
24511,Division 4,4A, Endoscopy And Gastro Medicine
64189,Division 4,4A, Endoscopy And Gastro Medicine
61044,Division 4,4A, Endoscopy And Gastro Medicine
65423,Division 4,4A, Endoscopy And Gastro Medicine
49460,Division 4,4A, Endoscopy And Gastro Medicine
1259,Division 4,4A, Endoscopy And Gastro Medicine
30019,Division 4,4A, Endoscopy And Gastro Medicine
74462,Division 4,4A, Endoscopy And Gastro Medicine
1355,Division 4,4A, Endoscopy And Gastro Medicine
24605,Division 4,4A, Endoscopy And Gastro Medicine
50129,Division 4,4A, Endoscopy And Gastro Medicine
27574,Division 4,4A, Endoscopy And Gastro Medicine
3175,Division 4,4A, Endoscopy And Gastro Medicine
70957,Division 4,4A, Endoscopy And Gastro Medicine
65648,Division 4,, Endoscopy And Gastro Medicine
13170,Division 4,4A, Endoscopy And Gastro Medicine
3230,Division 4,4A, Endoscopy And Gastro Medicine
20172,Division 4,4A, Endoscopy And Gastro Medicine
39567,Division 4,4A, Endoscopy And Gastro Medicine
63609,Division 4,, Endoscopy And Gastro Medicine
83057,Division 4,4A, Endoscopy And Gastro Medicine
55990,Division 4,4A, Endoscopy And Gastro Medicine
56100,Division 4,4A, Endoscopy And Gastro Medicine
8320,Division 4,4A, Endoscopy And Gastro Medicine
75774,Division 4,4A, Endoscopy And Gastro Medicine
2326,Division 4,4A, Endoscopy And Gastro Medicine
52081,Division 4,4A, Endoscopy And Gastro Medicine
84749,Division 4,4A, Endoscopy And Gastro Medicine
69819,Division 4,4A, Endoscopy And Gastro Medicine
41484,Division 4,4A, Endoscopy And Gastro Medicine
56549,Division 4,4A, Endoscopy And Gastro Medicine
65636,Division 4,4A, Endoscopy And Gastro Medicine
52727,Division 4,4A, Endoscopy And Gastro Medicine
59321,Division 4,4A, Endoscopy And Gastro Medicine
42702,Division 4,4A, Endoscopy And Gastro Medicine
75743,Division 4,4A, Endoscopy And Gastro Medicine
60160,Division 4,4A, Endoscopy And Gastro Medicine
73111,Division 4,4A, Endoscopy And Gastro Medicine
60905,Division 4,4A, Endoscopy And Gastro Medicine
53746,Division 4,4A, Endoscopy And Gastro Medicine
68908,Division 4,4A, Endoscopy And Gastro Medicine
57599,Division 4,4A, Endoscopy And Gastro Medicine
44546,Division 4,4A, Endoscopy And Gastro Medicine
70374,Division 4,4A, Lower GI Surgery
59751,Division 4,4A, Lower GI Surgery
62141,Division 4,4A, Lower GI Surgery
68791,Division 4,4A, Lower GI Surgery
6431,Division 4,4A, Lower GI Surgery
15864,Division 4,4A, Lower GI Surgery
68872,Division 4,4A, Lower GI Surgery
41150,Division 4,4A, Lower GI Surgery
72363,Division 4,4A, Lower GI Surgery
72154,Division 4,4A, Lower GI Surgery
71362,Division 4,4B, Maxillofacial
45288,Division 4,4B, Maxillofacial
5433,Division 4,4B, Maxillofacial
58328,Division 4,4B, Maxillofacial
54341,Division 4,4B, Maxillofacial
54367,Division 4,4B, Maxillofacial
5570,Division 4,4B, Maxillofacial
68761,Division 4,4B, Maxillofacial
54495,Division 4,4B, Maxillofacial
28621,Division 4,4B, Maxillofacial
75764,Division 4,4B, Maxillofacial
61970,Division 4,4B, Maxillofacial
72510,Division 4,4B, Maxillofacial
48387,Division 4,4B, Maxillofacial
62364,Division 4,4B, Maxillofacial
48992,Division 4,4B, Maxillofacial
69151,Division 4,4B, Maxillofacial
76822,Division 4,4B, Maxillofacial
49204,Division 4,4B, Maxillofacial
6752,Division 4,4B, Maxillofacial
55186,Division 4,4B, Maxillofacial
63144,Division 4,4B, Maxillofacial
36599,Division 4,4B, Maxillofacial
45373,Division 4,4B, Maxillofacial
37091,Division 4,4B, Maxillofacial
7276,Division 4,4B, Maxillofacial
72110,Division 4,4B, Maxillofacial
37729,Division 4,4B, Maxillofacial
50066,Division 4,4B, Maxillofacial
60882,Division 4,4B, Maxillofacial
77629,Division 4,4B, Maxillofacial
62387,Division 4,4B, Maxillofacial
45210,Division 4,4B, Maxillofacial
57596,Division 4,4B, Maxillofacial
68760,Division 4,4B, Maxillofacial
69800,Division 4,4B, Maxillofacial
43489,Division 4,4B, Maxillofacial
65525,Division 4,4B, Maxillofacial
75773,Division 4,4B, Maxillofacial
68922,Division 4,4B, Maxillofacial
68755,Division 4,4B, Maxillofacial
68754,Division 4,4B, Maxillofacial
8864,Division 4,4B, Maxillofacial
62088,Division 4,4B, Maxillofacial
76678,Division 4,4B, Maxillofacial
83104,Division 4,4B, Maxillofacial
61949,Division 4,4B, Maxillofacial
53609,Division 4,4B, Maxillofacial
79347,Division 4,304 4B, Ophthalmology
82992,Division 4,304 4B, Ophthalmology
68300,Division 4,4B, Ophthalmology
75815,Division 4,4B, Ophthalmology
6157,Division 4,4B, Ophthalmology
62927,Division 4,4B, Ophthalmology
36176,Division 4,4B, Ophthalmology
60651,Division 4,, Ophthalmology
74258,Division 4,4B, Ophthalmology
77628,Division 4,4B, Ophthalmology
7718,Division 4,4B, Ophthalmology
28749,Division 4,4B, Ophthalmology
50734,Division 4,4B, Ophthalmology
50988,Division 4,4B, Ophthalmology
62184,Division 4,4B, Ophthalmology
70598,Division 4,4B, Ophthalmology
46214,Division 4,4B, Ophthalmology
65524,Division 4,4B, Ophthalmology
55980,Division 4,4B, Ophthalmology
76195,Division 4,4B, Ophthalmology
78509,Division 4,4B, Ophthalmology
8345,Division 4,4B, Ophthalmology
40441,Division 4,4B, Ophthalmology
68060,Division 4,4B, Ophthalmology
76484,Division 4,4B, Ophthalmology
73085,Division 4,4B, Ophthalmology
80006,Division 4,4B, Ophthalmology
61930,Division 4,4B, Ophthalmology
9123,Division 4,4B, Ophthalmology
9169,Division 4,4B, Ophthalmology
9252,Division 4,4B, Ophthalmology
78091,Division 4,4B, Ophthalmology
53363,Division 4,4B, Ophthalmology
53429,Division 4,4B, Ophthalmology
44140,Division 4,4B, Ophthalmology
74838,Division 4,4B, Ophthalmology
77574,Division 4,4B, Outpatient Clinics
59592,Division 4,4B, Outpatient Clinics
32090,Division 4,4B, Outpatient Clinics
12411,Division 4,4B, Outpatient Clinics
46873,Division 4,4B, Outpatient Clinics
46983,Division 4,4B, Outpatient Clinics
47029,Division 4,4B, Outpatient Clinics
47056,Division 4,4B, Outpatient Clinics
70375,Division 4,4B, Outpatient Clinics
296,Division 4,4B, Outpatient Clinics
47248,Division 4,4B, Outpatient Clinics
80055,Division 4,4B, Outpatient Clinics
67472,Division 4,4B, Outpatient Clinics
47429,Division 4,4B, Outpatient Clinics
46669,Division 4,4B, Outpatient Clinics
54583,Division 4,4B, Outpatient Clinics
47628,Division 4,4B, Outpatient Clinics
34065,Division 4,4B, Outpatient Clinics
29367,Division 4,4B, Outpatient Clinics
69398,Division 4,4B, Outpatient Clinics
6216,Division 4,4B, Outpatient Clinics
48167,Division 4,4B, Outpatient Clinics
34633,Division 4,4B, Outpatient Clinics
34843,Division 4,4B, Outpatient Clinics
48316,Division 4,4B, Outpatient Clinics
48357,Division 4,4B, Outpatient Clinics
48380,Division 4,4B, Outpatient Clinics
6389,Division 4,4B, Outpatient Clinics
12362,Division 4,4B, Outpatient Clinics
35209,Division 4,4B, Outpatient Clinics
35213,Division 4,4B, Outpatient Clinics
35368,Division 4,4B, Outpatient Clinics
75644,Division 4,4B, Outpatient Clinics
28279,Division 4,4B, Outpatient Clinics
16493,Division 4,4B, Outpatient Clinics
35546,Division 4,4B, Outpatient Clinics
35679,Division 4,4B, Outpatient Clinics
35779,Division 4,4B, Outpatient Clinics
6661,Division 4,4B, Outpatient Clinics
81106,Division 4,4B, Outpatient Clinics
69360,Division 4,4B, Outpatient Clinics
49281,Division 4,4B, Outpatient Clinics
66555,Division 4,4B, Outpatient Clinics
6867,Division 4,4B, Outpatient Clinics
69409,Division 4,4B, Outpatient Clinics
49548,Division 4,4B, Outpatient Clinics
49553,Division 4,4B, Outpatient Clinics
49612,Division 4,4B, Outpatient Clinics
37098,Division 4,4B, Outpatient Clinics
57354,Division 4,4B, Outpatient Clinics
55560,Division 4,4B, Outpatient Clinics
1442,Division 4,4B, Outpatient Clinics
7265,Division 4,4B, Outpatient Clinics
7345,Division 4,4B, Outpatient Clinics
65426,Division 4,4B, Outpatient Clinics
1595,Division 4,4B, Outpatient Clinics
50160,Division 4,4B, Outpatient Clinics
38219,Division 4,4B, Outpatient Clinics
79977,Division 4,4B, Outpatient Clinics
19241,Division 4,4B, Outpatient Clinics
38763,Division 4,4B, Outpatient Clinics
38785,Division 4,4B, Outpatient Clinics
38889,Division 4,4B, Outpatient Clinics
38909,Division 4,4B, Outpatient Clinics
19391,Division 4,4B, Outpatient Clinics
7827,Division 4,4B, Outpatient Clinics
39220,Division 4,4B, Outpatient Clinics
77139,Division 4,4B, Outpatient Clinics
81316,Division 4,4B, Outpatient Clinics
51077,Division 4,4B, Outpatient Clinics
11990,Division 4,4B, Outpatient Clinics
8139,Division 4,4B, Outpatient Clinics
31582,Division 4,4B, Outpatient Clinics
40958,Division 4,4B, Outpatient Clinics
8540,Division 4,4B, Outpatient Clinics
52079,Division 4,4B, Outpatient Clinics
20119,Division 4,4B, Outpatient Clinics
29853,Division 4,4B, Outpatient Clinics
25357,Division 4,4B, Outpatient Clinics
8929,Division 4,4B, Outpatient Clinics
67370,Division 4,4B, Outpatient Clinics
20078,Division 4,4B, Outpatient Clinics
9003,Division 4,4B, Outpatient Clinics
52685,Division 4,4B, Outpatient Clinics
52865,Division 4,4B, Outpatient Clinics
2673,Division 4,4B, Outpatient Clinics
43008,Division 4,4B, Outpatient Clinics
53123,Division 4,4B, Outpatient Clinics
3257,Division 4,4B, Outpatient Clinics
31423,Division 4,4B, Outpatient Clinics
43444,Division 4,4B, Outpatient Clinics
53442,Division 4,4B, Outpatient Clinics
9465,Division 4,4B, Outpatient Clinics
43742,Division 4,4B, Outpatient Clinics
9519,Division 4,4B, Outpatient Clinics
30908,Division 4,4B, Outpatient Clinics
3010,Division 4,4B, Outpatient Clinics
53827,Division 4,4B, Outpatient Clinics
53919,Division 4,4B, Outpatient Clinics
53928,Division 4,4B, Outpatient Clinics
44680,Division 4,4B, Outpatient Clinics
54045,Division 4,4B, Outpatient Clinics
75336,Division 4,4A, Upper GI Surgery
5588,Division 4,4A, Upper GI Surgery
55385,Division 4,4A, Upper GI Surgery
55440,Division 4,4A, Upper GI Surgery
16607,Division 4,4A, Upper GI Surgery
46227,Division 4,4A, Upper GI Surgery
8666,Division 4,4A, Upper GI Surgery
67205,Division 4,4A, Upper GI Surgery
73680,Division 4,4A, Upper GI Surgery
65889,Division 4,4A, Upper GI Surgery
72171,Division 4,4B, Urology
69241,Division 4,4B, Urology
76271,Division 4,4B, Urology
54282,Division 4,4B, Urology
65402,Division 4,4B, Urology
21990,Division 4,4B, Urology
584,Division 4,4B, Urology
78550,Division 4,4B, Urology
48138,Division 4,4B, Urology
22136,Division 4,4B, Urology
74156,Division 4,4B, Urology
35619,Division 4,4B, Urology
48891,Division 4,4B, Urology
63591,Division 4,4B, Urology
62443,Division 4,4B, Urology
62764,Division 4,4B, Urology
62253,Division 4,4B, Urology
45142,Division 4,4B, Urology
68519,Division 4,4B, Urology
15986,Division 4,4B, Urology
67966,Division 4,4B, Urology
62275,Division 4,4B, Urology
69427,Division 4,4B, Urology
51623,Division 4,4B, Urology
27545,Division 4,4B, Urology
51988,Division 4,4B, Urology
64345,Division 4,4B, Urology
69438,Division 4,4B, Urology
57635,Division 4,4B, Urology
72134,Division 4,4B, Urology
52797,Division 4,4B, Urology
9215,Division 4,4B, Urology
43168,Division 4,4B, Urology
57246,Division 4,4B, Urology
66110,Division 4,4B, Vascular
85224,Division 4,4B, Vascular
70469,Division 4,4B, Vascular
262,Division 4,4B, Vascular
69885,Division 4,4B, Vascular
75903,Division 4,4B, Vascular
30770,Division 4,4B, Vascular
34344,Division 4,4B, Vascular
78586,Division 4,4B, Vascular
62242,Division 4,, Vascular
80967,Division 4,4B, Vascular
29962,Division 4,4B, Vascular
69084,Division 4,4B, Vascular
49186,Division 4,4B, Vascular
71311,Division 4,4B, Vascular
61855,Division 4,4B, Vascular
49804,Division 4,4B, Vascular
7537,Division 4,4B, Vascular
38246,Division 4,4B, Vascular
7810,Division 4,4B, Vascular
8097,Division 4,4B, Vascular
44994,Division 4,4B, Vascular
61960,Division 4,4B, Vascular
56294,Division 4,4B, Vascular
41823,Division 4,4B, Vascular
60214,Division 4,4B, Vascular
67464,Division 4,4B, Vascular
79196,Division 4,4B, Vascular
60599,Division 4,4B, Vascular
69347,Division 4,4B, Vascular
29969,Division 4,4B, Vascular
25489,Division 4,4B, Vascular
3098,Division 4,4B, Vascular
74809,Division 4,295 4A,
68906,Division 4,295 4A,
69464,Division 4,295 4A,
83391,Division 4,295 4B,
78156,Division 4,295 4A,
69876,Division 5,5A, 5A Wards
29221,Division 5,5A, 5A Wards
59595,Division 5,5A, 5A Wards
70886,Division 5,5A, 5A Wards
22509,Division 5,5A, 5A Wards
32520,Division 5,5A, 5A Wards
66716,Division 5,5A, 5A Wards
32717,Division 5,5A, 5A Wards
68422,Division 5,5A, 5A Wards
5601,Division 5,5A, 5A Wards
47302,Division 5,5A, 5A Wards
473,Division 5,5A, 5A Wards
47684,Division 5,5A, 5A Wards
47913,Division 5,5A, 5A Wards
5997,Division 5,5A, 5A Wards
72427,Division 5,5A, 5A Wards
54715,Division 5,5A, 5A Wards
48233,Division 5,5A, 5A Wards
48430,Division 5,5A, 5A Wards
61892,Division 5,5A, 5A Wards
61896,Division 5,5A, 5A Wards
12772,Division 5,5A, 5A Wards
31442,Division 5,5A, 5A Wards
65173,Division 5,5A, 5A Wards
49347,Division 5,5A, 5A Wards
29843,Division 5,5A, 5A Wards
49457,Division 5,5A, 5A Wards
57906,Division 5,5A, 5A Wards
1217,Division 5,5A, 5A Wards
29115,Division 5,5A, 5A Wards
55590,Division 5,5A, 5A Wards
15098,Division 5,5A, 5A Wards
28282,Division 5,5A, 5A Wards
28040,Division 5,5A, 5A Wards
50258,Division 5,5A, 5A Wards
50529,Division 5,5A, 5A Wards
61794,Division 5,5A, 5A Wards
50820,Division 5,5A, 5A Wards
7831,Division 5,5A, 5A Wards
61983,Division 5,5A, 5A Wards
3233,Division 5,5A, 5A Wards
2160,Division 5,5A, 5A Wards
71406,Division 5,5A, 5A Wards
70212,Division 5,5A, 5A Wards
51729,Division 5,5A, 5A Wards
72128,Division 5,5A, 5A Wards
63804,Division 5,5A, 5A Wards
70445,Division 5,5A, 5A Wards
52027,Division 5,5A, 5A Wards
56468,Division 5,5A, 5A Wards
65871,Division 5,5A, 5A Wards
41473,Division 5,4B, 5A Wards
72480,Division 5,5A, 5A Wards
52469,Division 5,5A, 5A Wards
62517,Division 5,5A, 5A Wards
70222,Division 5,5A, 5A Wards
28180,Division 5,5A, 5A Wards
52835,Division 5,5A, 5A Wards
13617,Division 5,5A, 5A Wards
61075,Division 5,5A, 5A Wards
53009,Division 5,5A, 5A Wards
72976,Division 5,5A, 5A Wards
69209,Division 5,5A, 5A Wards
68538,Division 5,5A, 5A Wards
65813,Division 5,5A, 5A Wards
53808,Division 5,5A, 5A Wards
53898,Division 5,5A, 5A Wards
9824,Division 5,5A, 5A Wards
54066,Division 5,5A, 5A Wards
46760,Division 5,5B, 5B Wards
46786,Division 5,5B, 5B Wards
21816,Division 5,5B, 5B Wards
24977,Division 5,5B, 5B Wards
47385,Division 5,5B, 5B Wards
47386,Division 5,5B, 5B Wards
64344,Division 5,5B, 5B Wards
33268,Division 5,5B, 5B Wards
70021,Division 5,5B, 5B Wards
47564,Division 5,5B, 5B Wards
47758,Division 5,5B, 5B Wards
47804,Division 5,5B, 5B Wards
47819,Division 5,5B, 5B Wards
47994,Division 5,5B, 5B Wards
21742,Division 5,5B, 5B Wards
54700,Division 5,5B, 5B Wards
48111,Division 5,5B, 5B Wards
30375,Division 5,5B, 5B Wards
65494,Division 5,5B, 5B Wards
48500,Division 5,5B, 5B Wards
62119,Division 5,5B, 5B Wards
48629,Division 5,5B, 5B Wards
48653,Division 5,5B, 5B Wards
71067,Division 5,5B, 5B Wards
69604,Division 5,5B, 5B Wards
48832,Division 5,5B, 5B Wards
28283,Division 5,5B, 5B Wards
23092,Division 5,5B, 5B Wards
48932,Division 5,5B, 5B Wards
35742,Division 5,5B, 5B Wards
49099,Division 5,5B, 5B Wards
1078,Division 5,5B, 5B Wards
63593,Division 5,5B, 5B Wards
36463,Division 5,5B, 5B Wards
36668,Division 5,5B, 5B Wards
16737,Division 5,5B, 5B Wards
49464,Division 5,5B, 5B Wards
27917,Division 5,5B, 5B Wards
36892,Division 5,5B, 5B Wards
61901,Division 5,5B, 5B Wards
49723,Division 5,5B, 5B Wards
72943,Division 5,5B, 5B Wards
55475,Division 5,5B, 5B Wards
69417,Division 5,5B, 5B Wards
50198,Division 5,5B, 5B Wards
50208,Division 5,5B, 5B Wards
25026,Division 5,5B, 5B Wards
67491,Division 5,5B, 5B Wards
50605,Division 5,5B, 5B Wards
65179,Division 5,5B, 5B Wards
50609,Division 5,5B, 5B Wards
50823,Division 5,5B, 5B Wards
39054,Division 5,5B, 5B Wards
39202,Division 5,5B, 5B Wards
50977,Division 5,5B, 5B Wards
51015,Division 5,5B, 5B Wards
68996,Division 5,5B, 5B Wards
65521,Division 5,5B, 5B Wards
67353,Division 5,5B, 5B Wards
51117,Division 5,5B, 5B Wards
2076,Division 5,5B, 5B Wards
14238,Division 5,5B, 5B Wards
51469,Division 5,5B, 5B Wards
51480,Division 5,5B, 5B Wards
62279,Division 5,5B, 5B Wards
61157,Division 5,5B, 5B Wards
63262,Division 5,, 5B Wards
69194,Division 5,5B, 5B Wards
56334,Division 5,5B, 5B Wards
65530,Division 5,5B, 5B Wards
23543,Division 5,5B, 5B Wards
58720,Division 5,, 5B Wards
28318,Division 5,5B, 5B Wards
56494,Division 5,5B, 5B Wards
23998,Division 5,5B, 5B Wards
52430,Division 5,5B, 5B Wards
25433,Division 5,5B, 5B Wards
52595,Division 5,5B, 5B Wards
63121,Division 5,5B, 5B Wards
52818,Division 5,5B, 5B Wards
63274,Division 5,5B, 5B Wards
63812,Division 5,5B, 5B Wards
68283,Division 5,5B, 5B Wards
42947,Division 5,5B, 5B Wards
72888,Division 5,5B, 5B Wards
43158,Division 5,5B, 5B Wards
53181,Division 5,5B, 5B Wards
53274,Division 5,5B, 5B Wards
59734,Division 5,5B, 5B Wards
44961,Division 5,5B, 5B Wards
31579,Division 5,5B, 5B Wards
53487,Division 5,5B, 5B Wards
62510,Division 5,5B, 5B Wards
57115,Division 5,5B, 5B Wards
65350,Division 5,5B, 5B Wards
3041,Division 5,5B, 5B Wards
62836,Division 5,5B, 5B Wards
5704,Division 5,5A, Breast
639,Division 5,5A, Breast
851,Division 5,5A, Breast
6795,Division 5,5A, Breast
23895,Division 5,5A, Breast
49649,Division 5,5A, Breast
67496,Division 5,5A, Breast
66000,Division 5,5A, Burns
43897,Division 5,5A, Burns
59690,Division 5,5M, Div 5 Management
34890,Division 5,5M, Div 5 Management
48674,Division 5,5M, Div 5 Management
80837,Division 5,5M, Div 5 Management
24008,Division 5,5M, Div 5 Management
36580,Division 5,5M, Div 5 Management
49425,Division 5,5M, Div 5 Management
49807,Division 5,5M, Div 5 Management
50043,Division 5,5M, Div 5 Management
75671,Division 5,5M, Div 5 Management
38469,Division 5,5M, Div 5 Management
50963,Division 5,5M, Div 5 Management
51504,Division 5,5M, Div 5 Management
52681,Division 5,5M, Div 5 Management
46573,Division 5,5B, Haematology
60677,Division 5,, Haematology
69129,Division 5,5B, Haematology
68155,Division 5,5B, Haematology
45847,Division 5,5B, Haematology
54468,Division 5,5B, Haematology
29784,Division 5,5B, Haematology
14518,Division 5,5B, Haematology
33440,Division 5,5B, Haematology
73367,Division 5,5B, Haematology
61567,Division 5,5B, Haematology
48150,Division 5,5B, Haematology
69762,Division 5,5B, Haematology
75288,Division 5,5B, Haematology
49144,Division 5,5B, Haematology
30974,Division 5,5B, Haematology
60676,Division 5,, Haematology
60678,Division 5,5B, Haematology
49557,Division 5,5B, Haematology
1290,Division 5,5B, Haematology
15981,Division 5,5B, Haematology
49834,Division 5,5B, Haematology
79975,Division 5,5B, Haematology
77621,Division 5,5B, Haematology
76871,Division 5,5B, Haematology
1794,Division 5,5B, Haematology
21677,Division 5,5B, Haematology
55836,Division 5,5B, Haematology
67355,Division 5,5B, Haematology
68467,Division 5,5B, Haematology
81003,Division 5,5B, Haematology
63951,Division 5,5B, Haematology
56536,Division 5,5B, Haematology
41673,Division 5,5B, Haematology
8811,Division 5,5B, Haematology
75360,Division 5,5B, Haematology
68887,Division 5,5B, Haematology
78813,Division 5,5B, Haematology
56812,Division 5,5B, Haematology
71284,Division 5,5B, Haematology
42686,Division 5,5B, Haematology
73408,Division 5,5B, Haematology
2675,Division 5,5B, Haematology
28571,Division 5,5B, Haematology
56920,Division 5,5B, Haematology
75744,Division 5,5B, Haematology
31029,Division 5,5B, Haematology
61559,Division 5,5B, Haematology
83742,Division 5,5B, Haematology
43977,Division 5,5B, Haematology
65357,Division 5,5B, Haematology
82730,Division 5,5B, Haematology
60920,Division 5,5B, Neurology
60688,Division 5,5B, Neurology
47070,Division 5,5B, Neurology
41187,Division 5,5B, Neurology
67792,Division 5,5B, Neurology
33645,Division 5,5B, Neurology
60766,Division 5,5B, Neurology
47947,Division 5,5B, Neurology
80311,Division 5,5B, Neurology
67791,Division 5,5B, Neurology
60457,Division 5,5B, Neurology
64617,Division 5,5B, Neurology
36133,Division 5,5B, Neurology
36465,Division 5,5B, Neurology
36563,Division 5,5B, Neurology
49713,Division 5,5B, Neurology
60732,Division 5,5B, Neurology
38510,Division 5,5B, Neurology
62385,Division 5,5B, Neurology
50774,Division 5,5B, Neurology
75421,Division 5,5B, Neurology
50979,Division 5,5B, Neurology
51051,Division 5,5B, Neurology
55845,Division 5,5B, Neurology
79733,Division 5,5B, Neurology
67788,Division 5,5B, Neurology
8343,Division 5,5B, Neurology
74753,Division 5,5B, Neurology
79341,Division 5,5B, Neurology
60664,Division 5,5B, Neurology
74722,Division 5,5B, Neurology
59313,Division 5,5B, Neurology
42188,Division 5,5B, Neurology
60665,Division 5,, Neurology
52735,Division 5,5B, Neurology
75779,Division 5,5B, Neurology
76498,Division 5,5B, Neurology
67785,Division 5,5B, Neurology
43583,Division 5,5B, Neurology
44224,Division 5,5B, Neurology
71352,Division 5,5B, Neurology
79319,Division 5,5B, Neurology
70466,Division 5,5B, Neurology
72397,Division 5,5B, Neurosurgery
54173,Division 5,5B, Neurosurgery
84009,Division 5,5B, Neurosurgery
34981,Division 5,5B, Neurosurgery
83250,Division 5,5B, Neurosurgery
48679,Division 5,5B, Neurosurgery
67423,Division 5,5B, Neurosurgery
49016,Division 5,5B, Neurosurgery
49248,Division 5,5B, Neurosurgery
82467,Division 5,5B, Neurosurgery
60656,Division 5,5B, Neurosurgery
55241,Division 5,5B, Neurosurgery
60657,Division 5,5B, Neurosurgery
55609,Division 5,5B, Neurosurgery
55688,Division 5,5B, Neurosurgery
50661,Division 5,5B, Neurosurgery
40306,Division 5,5B, Neurosurgery
41017,Division 5,5B, Neurosurgery
71553,Division 5,5B, Neurosurgery
61871,Division 5,, Neurosurgery
52684,Division 5,5B, Neurosurgery
56858,Division 5,5B, Neurosurgery
60611,Division 5,5B, Neurosurgery
43164,Division 5,5B, Neurosurgery
61747,Division 5,5B, Neurosurgery
59840,Division 5,5B, Neurosurgery
57050,Division 5,5B, Neurosurgery
74728,Division 5,5B, Neurosurgery
57189,Division 5,5B, Neurosurgery
72862,Division 5,295 5B, Oncology & Palliative Care
80045,Division 5,5B, Oncology & Palliative Care
54221,Division 5,5B, Oncology & Palliative Care
47024,Division 5,5B, Oncology & Palliative Care
32797,Division 5,5B, Oncology & Palliative Care
80294,Division 5,5B, Oncology & Palliative Care
66473,Division 5,5B, Oncology & Palliative Care
75117,Division 5,5B, Oncology & Palliative Care
72058,Division 5,5B, Oncology & Palliative Care
54470,Division 5,5B, Oncology & Palliative Care
60212,Division 5,5B, Oncology & Palliative Care
67877,Division 5,5B, Oncology & Palliative Care
80392,Division 5,5B, Oncology & Palliative Care
62754,Division 5,, Oncology & Palliative Care
557,Division 5,5B, Oncology & Palliative Care
47851,Division 5,5B, Oncology & Palliative Care
48175,Division 5,5B, Oncology & Palliative Care
34700,Division 5,5B, Oncology & Palliative Care
48270,Division 5,5B, Oncology & Palliative Care
19315,Division 5,5B, Oncology & Palliative Care
77005,Division 5,5B, Oncology & Palliative Care
54957,Division 5,5B, Oncology & Palliative Care
69755,Division 5,5B, Oncology & Palliative Care
36166,Division 5,5B, Oncology & Palliative Care
29593,Division 5,5B, Oncology & Palliative Care
55207,Division 5,5B, Oncology & Palliative Care
62772,Division 5,, Oncology & Palliative Care
29875,Division 5,5B, Oncology & Palliative Care
7184,Division 5,5B, Oncology & Palliative Care
55507,Division 5,5B, Oncology & Palliative Care
62782,Division 5,, Oncology & Palliative Care
1622,Division 5,5B, Oncology & Palliative Care
50276,Division 5,5B, Oncology & Palliative Care
66468,Division 5,5B, Oncology & Palliative Care
62789,Division 5,, Oncology & Palliative Care
69379,Division 5,5B, Oncology & Palliative Care
1786,Division 5,5B, Oncology & Palliative Care
66471,Division 5,5B, Oncology & Palliative Care
66472,Division 5,5B, Oncology & Palliative Care
39273,Division 5,5B, Oncology & Palliative Care
80370,Division 5,5B, Oncology & Palliative Care
30967,Division 5,5B, Oncology & Palliative Care
23793,Division 5,5B, Oncology & Palliative Care
51414,Division 5,5B, Oncology & Palliative Care
62396,Division 5,5B, Oncology & Palliative Care
60194,Division 5,5B, Oncology & Palliative Care
73069,Division 5,5B, Oncology & Palliative Care
69814,Division 5,5B, Oncology & Palliative Care
41174,Division 5,5B, Oncology & Palliative Care
56479,Division 5,5B, Oncology & Palliative Care
81630,Division 5,5B, Oncology & Palliative Care
56758,Division 5,5B, Oncology & Palliative Care
80354,Division 5,5B, Oncology & Palliative Care
52641,Division 5,5B, Oncology & Palliative Care
73096,Division 5,5B, Oncology & Palliative Care
68486,Division 5,5B, Oncology & Palliative Care
2831,Division 5,5B, Oncology & Palliative Care
2868,Division 5,5B, Oncology & Palliative Care
57080,Division 5,5B, Oncology & Palliative Care
69842,Division 5,5B, Oncology & Palliative Care
2933,Division 5,5B, Oncology & Palliative Care
62835,Division 5,, Oncology & Palliative Care
3050,Division 5,5B, Oncology & Palliative Care
54047,Division 5,5B, Oncology & Palliative Care
75075,Division 5,304 5A, Plastics
60633,Division 5,5A, Plastics
60697,Division 5,5A, Plastics
32372,Division 5,5A, Plastics
71356,Division 5,5A, Plastics
47479,Division 5,5A, Plastics
60640,Division 5,5A, Plastics
60636,Division 5,5A, Plastics
35009,Division 5,5A, Plastics
35496,Division 5,5A, Plastics
80413,Division 5,5A, Plastics
67960,Division 5,5A, Plastics
36753,Division 5,5A, Plastics
36936,Division 5,5A, Plastics
37009,Division 5,5A, Plastics
73907,Division 5,5A, Plastics
38404,Division 5,5A, Plastics
38442,Division 5,5A, Plastics
76182,Division 5,5A, Plastics
77278,Division 5,5A, Plastics
78797,Division 5,5A, Plastics
78521,Division 5,5A, Plastics
52876,Division 5,5A, Plastics
43490,Division 5,5A, Plastics
60643,Division 5,5A, Plastics
60635,Division 5,5A, Plastics
54656,Division 5,5B, Radiotherapy
54888,Division 5,5B, Radiotherapy
65415,Division 5,5B, Radiotherapy
35739,Division 5,5B, Radiotherapy
44768,Division 5,5B, Radiotherapy
80983,Division 5,5B, Radiotherapy
50225,Division 5,5B, Radiotherapy
38559,Division 5,5B, Radiotherapy
68867,Division 5,5B, Radiotherapy
51878,Division 5,5B, Radiotherapy
67369,Division 5,5B, Radiotherapy
52349,Division 5,5B, Radiotherapy
42021,Division 5,5B, Radiotherapy
52834,Division 5,5B, Radiotherapy
43476,Division 5,5B, Radiotherapy
43643,Division 5,5B, Radiotherapy
43771,Division 5,5B, Radiotherapy
64654,Division 5,5B, Radiotherapy
53700,Division 5,5B, Radiotherapy
53958,Division 5,5B, Radiotherapy
54001,Division 5,5B, Radiotherapy
71471,Division 5,5B, Radiotherapy
75073,Division 5,304 5A, Trauma & Orthopaedics
82158,Division 5,304 5A, Trauma & Orthopaedics
68298,Division 5,5A, Trauma & Orthopaedics
68297,Division 5,5A, Trauma & Orthopaedics
46704,Division 5,5A, Trauma & Orthopaedics
71759,Division 5,5A, Trauma & Orthopaedics
60674,Division 5,5A, Trauma & Orthopaedics
58527,Division 5,5A, Trauma & Orthopaedics
62185,Division 5,5A, Trauma & Orthopaedics
60671,Division 5,5A, Trauma & Orthopaedics
62729,Division 5,5A, Trauma & Orthopaedics
77723,Division 5,5A, Trauma & Orthopaedics
62350,Division 5,5A, Trauma & Orthopaedics
67836,Division 5,5A, Trauma & Orthopaedics
63209,Division 5,5A, Trauma & Orthopaedics
16429,Division 5,5A, Trauma & Orthopaedics
60900,Division 5,5A, Trauma & Orthopaedics
60500,Division 5,5A, Trauma & Orthopaedics
45899,Division 5,5A, Trauma & Orthopaedics
54666,Division 5,5A, Trauma & Orthopaedics
60584,Division 5,, Trauma & Orthopaedics
80404,Division 5,5A, Trauma & Orthopaedics
62334,Division 5,5A, Trauma & Orthopaedics
60704,Division 5,5A, Trauma & Orthopaedics
62357,Division 5,5A, Trauma & Orthopaedics
63075,Division 5,5A, Trauma & Orthopaedics
54990,Division 5,5A, Trauma & Orthopaedics
68816,Division 5,5A, Trauma & Orthopaedics
62365,Division 5,, Trauma & Orthopaedics
67609,Division 5,5A, Trauma & Orthopaedics
6684,Division 5,5A, Trauma & Orthopaedics
61780,Division 5,5A, Trauma & Orthopaedics
69537,Division 5,5A, Trauma & Orthopaedics
49277,Division 5,5A, Trauma & Orthopaedics
63307,Division 5,5A, Trauma & Orthopaedics
80939,Division 5,5A, Trauma & Orthopaedics
71373,Division 5,5A, Trauma & Orthopaedics
1245,Division 5,5A, Trauma & Orthopaedics
1246,Division 5,5A, Trauma & Orthopaedics
80722,Division 5,5A, Trauma & Orthopaedics
45310,Division 5,5A, Trauma & Orthopaedics
62525,Division 5,5A, Trauma & Orthopaedics
7201,Division 5,5A, Trauma & Orthopaedics
1479,Division 5,5A, Trauma & Orthopaedics
7306,Division 5,5A, Trauma & Orthopaedics
49945,Division 5,5A, Trauma & Orthopaedics
61954,Division 5,5A, Trauma & Orthopaedics
55629,Division 5,5A, Trauma & Orthopaedics
27451,Division 5,5A, Trauma & Orthopaedics
71358,Division 5,5A, Trauma & Orthopaedics
72162,Division 5,5A, Trauma & Orthopaedics
79663,Division 5,5A, Trauma & Orthopaedics
61489,Division 5,, Trauma & Orthopaedics
60886,Division 5,5A, Trauma & Orthopaedics
19770,Division 5,5A, Trauma & Orthopaedics
80693,Division 5,5A, Trauma & Orthopaedics
70712,Division 5,5A, Trauma & Orthopaedics
67833,Division 5,5A, Trauma & Orthopaedics
1974,Division 5,5A, Trauma & Orthopaedics
8032,Division 5,5A, Trauma & Orthopaedics
60172,Division 5,5A, Trauma & Orthopaedics
60138,Division 5,5A, Trauma & Orthopaedics
57576,Division 5,5A, Trauma & Orthopaedics
18405,Division 5,5A, Trauma & Orthopaedics
60606,Division 5,, Trauma & Orthopaedics
65263,Division 5,5A, Trauma & Orthopaedics
62207,Division 5,5A, Trauma & Orthopaedics
74412,Division 5,5A, Trauma & Orthopaedics
62799,Division 5,5A, Trauma & Orthopaedics
74789,Division 5,5A, Trauma & Orthopaedics
66003,Division 5,5A, Trauma & Orthopaedics
51759,Division 5,5A, Trauma & Orthopaedics
29995,Division 5,5A, Trauma & Orthopaedics
30503,Division 5,5A, Trauma & Orthopaedics
60922,Division 5,5A, Trauma & Orthopaedics
62406,Division 5,5A, Trauma & Orthopaedics
60383,Division 5,, Trauma & Orthopaedics
83721,Division 5,5A, Trauma & Orthopaedics
61953,Division 5,5A, Trauma & Orthopaedics
67806,Division 5,5A, Trauma & Orthopaedics
60155,Division 5,5A, Trauma & Orthopaedics
60585,Division 5,, Trauma & Orthopaedics
68888,Division 5,5A, Trauma & Orthopaedics
52859,Division 5,5A, Trauma & Orthopaedics
53137,Division 5,5A, Trauma & Orthopaedics
43173,Division 5,5A, Trauma & Orthopaedics
53359,Division 5,5A, Trauma & Orthopaedics
43657,Division 5,5A, Trauma & Orthopaedics
2858,Division 5,5A, Trauma & Orthopaedics
19384,Division 5,5A, Trauma & Orthopaedics
67989,Division 5,5A, Trauma & Orthopaedics
78234,Division 5,5A, Trauma & Orthopaedics
67843,Division 5,5A, Trauma & Orthopaedics
71140,Division 5,5A, Trauma & Orthopaedics
67844,Division 5,5A, Trauma & Orthopaedics
72833,Division 5,5A, Trauma & Orthopaedics
44033,Division 5,304 5M,
69122,Division 6,6A, 6A Wards
29625,Division 6,6A, 6A Wards
281,Division 6,6A, 6A Wards
70173,Division 6,6A, 6A Wards
5766,Division 6,6A, 6A Wards
27809,Division 6,6A, 6A Wards
29236,Division 6,6A, 6A Wards
59035,Division 6,6A, 6A Wards
15952,Division 6,6A, 6A Wards
59798,Division 6,6A, 6A Wards
72614,Division 6,6A, 6A Wards
63368,Division 6,6A, 6A Wards
58943,Division 6,RD, 6A Wards
21240,Division 6,6A, 6A Wards
12763,Division 6,6A, 6A Wards
26709,Division 6,6A, 6A Wards
28371,Division 6,6A, 6A Wards
13914,Division 6,6A, 6A Wards
28380,Division 6,6A, 6A Wards
30021,Division 6,6A, 6A Wards
30380,Division 6,6A, 6A Wards
1083,Division 6,6A, 6A Wards
16149,Division 6,6A, 6A Wards
63392,Division 6,6A, 6A Wards
59812,Division 6,, 6A Wards
65991,Division 6,6A, 6A Wards
1481,Division 6,6A, 6A Wards
29956,Division 6,6A, 6A Wards
29702,Division 6,6A, 6A Wards
7725,Division 6,6A, 6A Wards
1769,Division 6,6A, 6A Wards
1893,Division 6,6A, 6A Wards
1977,Division 6,6A, 6A Wards
22475,Division 6,6A, 6A Wards
69933,Division 6,6A, 6A Wards
2134,Division 6,6A, 6A Wards
25722,Division 6,6A, 6A Wards
20517,Division 6,6A, 6A Wards
52307,Division 6,6A, 6A Wards
63271,Division 6,6A, 6A Wards
13544,Division 6,6A, 6A Wards
16536,Division 6,6A, 6A Wards
65540,Division 6,6A, 6A Wards
28374,Division 6,6A, 6A Wards
25440,Division 6,6A, 6A Wards
18437,Division 6,6A, 6A Wards
2723,Division 6,6A, 6A Wards
13643,Division 6,6A, 6A Wards
65543,Division 6,6A, 6A Wards
69349,Division 6,6A, 6A Wards
9419,Division 6,6A, 6A Wards
21430,Division 6,6A, 6A Wards
25613,Division 6,6A, 6A Wards
30452,Division 6,6A, 6A Wards
64733,Division 6,6A, 6A Wards
28607,Division 6,6M, Div 6 Management
29506,Division 6,6M, Div 6 Management
69833,Division 6,6M, Div 6 Management
64732,Division 6,6M, Div 6 Management
26372,Division 6,6M, Div 6 Management
26429,Division 6,6M, Div 6 Management
83989,Division 6,295 6A, Gynaecology
78455,Division 6,6A, Gynaecology
411,Division 6,6A, Gynaecology
471,Division 6,6A, Gynaecology
15304,Division 6,6A, Gynaecology
66904,Division 6,6A, Gynaecology
28132,Division 6,6A, Gynaecology
21464,Division 6,6A, Gynaecology
20062,Division 6,6A, Gynaecology
60434,Division 6,6A, Gynaecology
1242,Division 6,6A, Gynaecology
6961,Division 6,6A, Gynaecology
12999,Division 6,6A, Gynaecology
31382,Division 6,6A, Gynaecology
76332,Division 6,6A, Gynaecology
23890,Division 6,6A, Gynaecology
29588,Division 6,6A, Gynaecology
9064,Division 6,6A, Gynaecology
9247,Division 6,6A, Gynaecology
20636,Division 6,6A, Gynaecology
32564,Division 6,6A, HIV
623,Division 6,6A, HIV
37106,Division 6,6A, HIV
1401,Division 6,6A, HIV
1499,Division 6,6A, HIV
37858,Division 6,6A, HIV
39149,Division 6,6A, HIV
528,Division 6,6A, Immunology And Allergy
34716,Division 6,6A, Immunology And Allergy
58293,Division 6,295 6A, Infectious Diseases
77697,Division 6,6A, Infectious Diseases
77740,Division 6,6A, Infectious Diseases
74808,Division 6,6A, Infectious Diseases
29343,Division 6,1B, Infectious Diseases
73033,Division 6,6A, Infectious Diseases
48504,Division 6,6A, Infectious Diseases
77366,Division 6,6A, Infectious Diseases
78142,Division 6,6A, Infectious Diseases
64940,Division 6,6A, Infectious Diseases
30709,Division 6,6A, Infectious Diseases
45626,Division 6,6A, Infectious Diseases
29416,Division 6,6A, Infectious Diseases
30531,Division 6,6A, Infectious Diseases
6872,Division 6,6A, Infectious Diseases
30319,Division 6,6A, Infectious Diseases
29454,Division 6,6A, Infectious Diseases
13120,Division 6,6A, Infectious Diseases
30491,Division 6,6A, Infectious Diseases
8145,Division 6,6A, Infectious Diseases
44761,Division 6,6A, Infectious Diseases
77646,Division 6,6A, Infectious Diseases
66836,Division 6,6A, Infectious Diseases
43976,Division 6,6A, Infectious Diseases
66755,Division 6,6A, Infectious Diseases
68101,Division 6,6A, Infectious Diseases
30753,Division 6,6A, Infectious Diseases
68106,Division 6,6A, Infectious Diseases
60147,Division 6,295 6A, Obstetrics
77096,Division 6,295 6A, Obstetrics
84365,Division 6,295 6A, Obstetrics
70487,Division 6,6A, Obstetrics
46733,Division 6,6A, Obstetrics
84390,Division 6,6A, Obstetrics
67170,Division 6,6A, Obstetrics
30604,Division 6,6A, Obstetrics
46766,Division 6,6A, Obstetrics
75391,Division 6,6A, Obstetrics
25033,Division 6,6A, Obstetrics
78885,Division 6,6A, Obstetrics
69127,Division 6,6A, Obstetrics
58954,Division 6,6A, Obstetrics
29918,Division 6,6A, Obstetrics
72285,Division 6,6A, Obstetrics
47186,Division 6,6A, Obstetrics
25579,Division 6,6A, Obstetrics
74775,Division 6,6A, Obstetrics
72085,Division 6,6A, Obstetrics
461,Division 6,6A, Obstetrics
64601,Division 6,6A, Obstetrics
24677,Division 6,6A, Obstetrics
58946,Division 6,6A, Obstetrics
70674,Division 6,6A, Obstetrics
638,Division 6,6A, Obstetrics
81913,Division 6,6A, Obstetrics
79147,Division 6,6A, Obstetrics
28177,Division 6,6A, Obstetrics
776,Division 6,6A, Obstetrics
6311,Division 6,6A, Obstetrics
18884,Division 6,6A, Obstetrics
72609,Division 6,6A, Obstetrics
839,Division 6,6A, Obstetrics
875,Division 6,6A, Obstetrics
60552,Division 6,, Obstetrics
64353,Division 6,6A, Obstetrics
71782,Division 6,6A, Obstetrics
29386,Division 6,6A, Obstetrics
72931,Division 6,6A, Obstetrics
29082,Division 6,6A, Obstetrics
60591,Division 6,6A, Obstetrics
72098,Division 6,6A, Obstetrics
68151,Division 6,6A, Obstetrics
48915,Division 6,6A, Obstetrics
30576,Division 6,6A, Obstetrics
29883,Division 6,6A, Obstetrics
1038,Division 6,6A, Obstetrics
61134,Division 6,6A, Obstetrics
64328,Division 6,6A, Obstetrics
18552,Division 6,6A, Obstetrics
72684,Division 6,6A, Obstetrics
68976,Division 6,6A, Obstetrics
49391,Division 6,6A, Obstetrics
60510,Division 6,6A, Obstetrics
1192,Division 6,6A, Obstetrics
16308,Division 6,6A, Obstetrics
28986,Division 6,6A, Obstetrics
26366,Division 6,6A, Obstetrics
58951,Division 6,RD, Obstetrics
7026,Division 6,6A, Obstetrics
72679,Division 6,6A, Obstetrics
1314,Division 6,6A, Obstetrics
23611,Division 6,6A, Obstetrics
49745,Division 6,6A, Obstetrics
58947,Division 6,RD, Obstetrics
66309,Division 6,, Obstetrics
12129,Division 6,6A, Obstetrics
7247,Division 6,6A, Obstetrics
81299,Division 6,6A, Obstetrics
68114,Division 6,6A, Obstetrics
23263,Division 6,6A, Obstetrics
69911,Division 6,6A, Obstetrics
7506,Division 6,6A, Obstetrics
62262,Division 6,6A, Obstetrics
60576,Division 6,6A, Obstetrics
30406,Division 6,6A, Obstetrics
1683,Division 6,6A, Obstetrics
30281,Division 6,6A, Obstetrics
19819,Division 6,6A, Obstetrics
68117,Division 6,6A, Obstetrics
25712,Division 6,6A, Obstetrics
58722,Division 6,6A, Obstetrics
50852,Division 6,6A, Obstetrics
28012,Division 6,6A, Obstetrics
68011,Division 6,6A, Obstetrics
30586,Division 6,6A, Obstetrics
61971,Division 6,6A, Obstetrics
8021,Division 6,6A, Obstetrics
67631,Division 6,6A, Obstetrics
74784,Division 6,6A, Obstetrics
60575,Division 6,6A, Obstetrics
72164,Division 6,6A, Obstetrics
62967,Division 6,, Obstetrics
8241,Division 6,6A, Obstetrics
12084,Division 6,6A, Obstetrics
24411,Division 6,6A, Obstetrics
60973,Division 6,6A, Obstetrics
74823,Division 6,6A, Obstetrics
83071,Division 6,6A, Obstetrics
8368,Division 6,6A, Obstetrics
14758,Division 6,6A, Obstetrics
59302,Division 6,6A, Obstetrics
81620,Division 6,6A, Obstetrics
29508,Division 6,6A, Obstetrics
70521,Division 6,6A, Obstetrics
23873,Division 6,6A, Obstetrics
70062,Division 6,6A, Obstetrics
67362,Division 6,6A, Obstetrics
44900,Division 6,6A, Obstetrics
20518,Division 6,6A, Obstetrics
68140,Division 6,6A, Obstetrics
51898,Division 6,6A, Obstetrics
28355,Division 6,6A, Obstetrics
66821,Division 6,6A, Obstetrics
72130,Division 6,6A, Obstetrics
8559,Division 6,6A, Obstetrics
16625,Division 6,6A, Obstetrics
29086,Division 6,6A, Obstetrics
29252,Division 6,6A, Obstetrics
75274,Division 6,6A, Obstetrics
72137,Division 6,6A, Obstetrics
8904,Division 6,6A, Obstetrics
21640,Division 6,6A, Obstetrics
2516,Division 6,6A, Obstetrics
78817,Division 6,6A, Obstetrics
67208,Division 6,6A, Obstetrics
26838,Division 6,6A, Obstetrics
72646,Division 6,6A, Obstetrics
14645,Division 6,6A, Obstetrics
2616,Division 6,6A, Obstetrics
44956,Division 6,6A, Obstetrics
30614,Division 6,6A, Obstetrics
30544,Division 6,6A, Obstetrics
68152,Division 6,6A, Obstetrics
72529,Division 6,6A, Obstetrics
57363,Division 6,6A, Obstetrics
25350,Division 6,6A, Obstetrics
60543,Division 6,6A, Obstetrics
31507,Division 6,6A, Obstetrics
2785,Division 6,6A, Obstetrics
57046,Division 6,6A, Obstetrics
44760,Division 6,6A, Obstetrics
2830,Division 6,6A, Obstetrics
2867,Division 6,6A, Obstetrics
2869,Division 6,6A, Obstetrics
11977,Division 6,6A, Obstetrics
2881,Division 6,6A, Obstetrics
18444,Division 6,6A, Obstetrics
68120,Division 6,6A, Obstetrics
30581,Division 6,3B, Obstetrics
28173,Division 6,6A, Obstetrics
16772,Division 6,6A, Obstetrics
16241,Division 6,6A, Obstetrics
3022,Division 6,6A, Obstetrics
62987,Division 6,6A, Obstetrics
69358,Division 6,6A, Obstetrics
69503,Division 6,6A, Obstetrics
66178,Division 6,6A, Obstetrics
25741,Division 6,6A, Obstetrics
81369,Division 6,295 6A, Paediatrics
75828,Division 6,295 6A, Paediatrics
75838,Division 6,295 6A, Paediatrics
75874,Division 6,295 6A, Paediatrics
61551,Division 6,6A, Paediatrics
79252,Division 6,6A, Paediatrics
68504,Division 6,6A, Paediatrics
65572,Division 6,6A, Paediatrics
59859,Division 6,6A, Paediatrics
11583,Division 6,6A, Paediatrics
68141,Division 6,6A, Paediatrics
66390,Division 6,6A, Paediatrics
152,Division 6,6A, Paediatrics
58750,Division 6,6A, Paediatrics
59157,Division 6,6A, Paediatrics
57781,Division 6,6A, Paediatrics
305,Division 6,6A, Paediatrics
68109,Division 6,6A, Paediatrics
69070,Division 6,6A, Paediatrics
71519,Division 6,6A, Paediatrics
31015,Division 6,6A, Paediatrics
72421,Division 6,6A, Paediatrics
75812,Division 6,6A, Paediatrics
64813,Division 6,6A, Paediatrics
68795,Division 6,6A, Paediatrics
28641,Division 6,6A, Paediatrics
67331,Division 6,6A, Paediatrics
68958,Division 6,6A, Paediatrics
66818,Division 6,6A, Paediatrics
6003,Division 6,6A, Paediatrics
58786,Division 6,6A, Paediatrics
20266,Division 6,6A, Paediatrics
19791,Division 6,6A, Paediatrics
78261,Division 6,6A, Paediatrics
6207,Division 6,6A, Paediatrics
68511,Division 6,6A, Paediatrics
734,Division 6,6A, Paediatrics
68804,Division 6,6A, Paediatrics
65651,Division 6,6A, Paediatrics
61560,Division 6,6A, Paediatrics
880,Division 6,6A, Paediatrics
26098,Division 6,6A, Paediatrics
70395,Division 6,6A, Paediatrics
29658,Division 6,6A, Paediatrics
75830,Division 6,6A, Paediatrics
72693,Division 6,6A, Paediatrics
63613,Division 6,6A, Paediatrics
61478,Division 6,6A, Paediatrics
69079,Division 6,6A, Paediatrics
60523,Division 6,6A, Paediatrics
65566,Division 6,6A, Paediatrics
11068,Division 6,6A, Paediatrics
6554,Division 6,6A, Paediatrics
72936,Division 6,6A, Paediatrics
58708,Division 6,6A, Paediatrics
25768,Division 6,6A, Paediatrics
60956,Division 6,6A, Paediatrics
64618,Division 6,6A, Paediatrics
16378,Division 6,6A, Paediatrics
67184,Division 6,6A, Paediatrics
21589,Division 6,6A, Paediatrics
79286,Division 6,6A, Paediatrics
20616,Division 6,6A, Paediatrics
71375,Division 6,6A, Paediatrics
72442,Division 6,6A, Paediatrics
58312,Division 6,6A, Paediatrics
69408,Division 6,6A, Paediatrics
3177,Division 6,6A, Paediatrics
1255,Division 6,6A, Paediatrics
1277,Division 6,6A, Paediatrics
61961,Division 6,6A, Paediatrics
66733,Division 6,6A, Paediatrics
58113,Division 6,6A, Paediatrics
12923,Division 6,6A, Paediatrics
20584,Division 6,6A, Paediatrics
75843,Division 6,6A, Paediatrics
61791,Division 6,6A, Paediatrics
45545,Division 6,6A, Paediatrics
49739,Division 6,3A, Paediatrics
64695,Division 6,6A, Paediatrics
72234,Division 6,6A, Paediatrics
7356,Division 6,6A, Paediatrics
68838,Division 6,6A, Paediatrics
69912,Division 6,6A, Paediatrics
69615,Division 6,6A, Paediatrics
1665,Division 6,6A, Paediatrics
75851,Division 6,6A, Paediatrics
68848,Division 6,6A, Paediatrics
68988,Division 6,6A, Paediatrics
21163,Division 6,6A, Paediatrics
23184,Division 6,6A, Paediatrics
26581,Division 6,6A, Paediatrics
72666,Division 6,6A, Paediatrics
1758,Division 6,6A, Paediatrics
75853,Division 6,6A, Paediatrics
76333,Division 6,6A, Paediatrics
21645,Division 6,6A, Paediatrics
61536,Division 6,6A, Paediatrics
68154,Division 6,6A, Paediatrics
68998,Division 6,6A, Paediatrics
16184,Division 6,6A, Paediatrics
30316,Division 6,6A, Paediatrics
11423,Division 6,6A, Paediatrics
75858,Division 6,6A, Paediatrics
60140,Division 6,6A, Paediatrics
60541,Division 6,3B, Paediatrics
69000,Division 6,6A, Paediatrics
65189,Division 6,6A, Paediatrics
46238,Division 6,6A, Paediatrics
30802,Division 6,6A, Paediatrics
26178,Division 6,6A, Paediatrics
2253,Division 6,6A, Paediatrics
2241,Division 6,6A, Paediatrics
75865,Division 6,6A, Paediatrics
61553,Division 6,6A, Paediatrics
76365,Division 6,6A, Paediatrics
30776,Division 6,6A, Paediatrics
21793,Division 6,6A, Paediatrics
61537,Division 6,6A, Paediatrics
67640,Division 6,6A, Paediatrics
13464,Division 6,6A, Paediatrics
29531,Division 6,3B, Paediatrics
28622,Division 6,6A, Paediatrics
29538,Division 6,CV, Paediatrics
70990,Division 6,6A, Paediatrics
26987,Division 6,6A, Paediatrics
65204,Division 6,6A, Paediatrics
79437,Division 6,6A, Paediatrics
62057,Division 6,6A, Paediatrics
67255,Division 6,6A, Paediatrics
2798,Division 6,6A, Paediatrics
69210,Division 6,6A, Paediatrics
14326,Division 6,6A, Paediatrics
2821,Division 6,6A, Paediatrics
67654,Division 6,6A, Paediatrics
68905,Division 6,6A, Paediatrics
70535,Division 6,6A, Paediatrics
60515,Division 6,6A, Paediatrics
65573,Division 6,6A, Paediatrics
75885,Division 6,6A, Paediatrics
11544,Division 6,6A, Paediatrics
9738,Division 6,6A, Paediatrics
3138,Division 6,6A, Paediatrics
72279,Division 6,6A, Paediatrics
73119,Division 6,6A, Paediatrics
68913,Division 6,6A, Paediatrics
64316,Division 6,6A, Paediatrics
31872,Division 6,, Sexual Health
70488,Division 6,6A, Sexual Health
32401,Division 6,6A, Sexual Health
73155,Division 6,6A, Sexual Health
59955,Division 6,6A, Sexual Health
46544,Division 6,6A, Sexual Health
48071,Division 6,6A, Sexual Health
54710,Division 6,6A, Sexual Health
34669,Division 6,6A, Sexual Health
48254,Division 6,6A, Sexual Health
78469,Division 6,6A, Sexual Health
35035,Division 6,6A, Sexual Health
48743,Division 6,6A, Sexual Health
35690,Division 6,6A, Sexual Health
71396,Division 6,6A, Sexual Health
55089,Division 6,6A, Sexual Health
36167,Division 6,6A, Sexual Health
36343,Division 6,6A, Sexual Health
49408,Division 6,6A, Sexual Health
36633,Division 6,6A, Sexual Health
61048,Division 6,6A, Sexual Health
70038,Division 6,6A, Sexual Health
36736,Division 6,6A, Sexual Health
55326,Division 6,6A, Sexual Health
36903,Division 6,6A, Sexual Health
49620,Division 6,6A, Sexual Health
49703,Division 6,6A, Sexual Health
37173,Division 6,6A, Sexual Health
37328,Division 6,6A, Sexual Health
37368,Division 6,6A, Sexual Health
46636,Division 6,6A, Sexual Health
50037,Division 6,6A, Sexual Health
38183,Division 6,6A, Sexual Health
38266,Division 6,6A, Sexual Health
68986,Division 6,6A, Sexual Health
38445,Division 6,6A, Sexual Health
39028,Division 6,6A, Sexual Health
39168,Division 6,6A, Sexual Health
51050,Division 6,6A, Sexual Health
39689,Division 6,6A, Sexual Health
45515,Division 6,6A, Sexual Health
69429,Division 6,6A, Sexual Health
40469,Division 6,6A, Sexual Health
40770,Division 6,6A, Sexual Health
40810,Division 6,6A, Sexual Health
45384,Division 6,6A, Sexual Health
57536,Division 6,6A, Sexual Health
56366,Division 6,6A, Sexual Health
60683,Division 6,6A, Sexual Health
41532,Division 6,6A, Sexual Health
52256,Division 6,6A, Sexual Health
42156,Division 6,6A, Sexual Health
42255,Division 6,6A, Sexual Health
57489,Division 6,6A, Sexual Health
42699,Division 6,6A, Sexual Health
42997,Division 6,6A, Sexual Health
43126,Division 6,6A, Sexual Health
74289,Division 6,6A, Sexual Health
43733,Division 6,6A, Sexual Health
43836,Division 6,6A, Sexual Health
53603,Division 6,6A, Sexual Health
44026,Division 6,6A, Sexual Health
44106,Division 6,6A, Sexual Health
53702,Division 6,6A, Sexual Health
44495,Division 6,6A, Sexual Health
72080,Division 6,295 6A,
72121,Division 6,295 6A,
80155,Division 7,304 Group O Bank, Admin and Clerical
75795,Division 7,304 Group O Bank, Admin and Clerical
57684,Division 7,304 Group O Bank, Admin and Clerical
68778,Division 7,304 Group O Bank, Admin and Clerical
65249,Division 7,304 Group O Bank, Admin and Clerical
75800,Division 7,304 Group O Bank, Admin and Clerical
58127,Division 7,304 Group O Bank, Admin and Clerical
71768,Division 7,304 Group O Bank, Admin and Clerical
75806,Division 7,304 Group O Bank, Admin and Clerical
61507,Division 7,304 Group O Bank, Admin and Clerical
61495,Division 7,304 Group O Bank, Admin and Clerical
59600,Division 7,304 Group O Bank, Admin and Clerical
61033,Division 7,304 Group O Bank, Admin and Clerical
59800,Division 7,304 Group O Bank, Admin and Clerical
57638,Division 7,304 Group O Bank, Admin and Clerical
73635,Division 7,304 Group O Bank, Admin and Clerical
76732,Division 7,304 Group O Bank, Admin and Clerical
84373,Division 7,304 Group O Bank, Admin and Clerical
82664,Division 7,304 Group O Bank, Admin and Clerical
61700,Division 7,304 Group O Bank, Admin and Clerical
77261,Division 7,304 Group O Bank, Admin and Clerical
70583,Division 7,304 Group O Bank, Admin and Clerical
75027,Division 7,304 Group O Bank, Admin and Clerical
82526,Division 7,304 Group O Bank, Admin and Clerical
59818,Division 7,304 Group O Bank, Admin and Clerical
62784,Division 7,304 Group O Bank, Admin and Clerical
68458,Division 7,304 Group O Bank, Admin and Clerical
75160,Division 7,304 Group O Bank, Admin and Clerical
75240,Division 7,304 Group O Bank, Admin and Clerical
62147,Division 7,304 Group O Bank, Admin and Clerical
75013,Division 7,304 Group O Bank, Admin and Clerical
67309,Division 7,304 Group O Bank, Admin and Clerical
72470,Division 7,304 Group O Bank, Admin and Clerical
65784,Division 7,304 Group O Bank, Admin and Clerical
59827,Division 7,304 Group O Bank, Admin and Clerical
61923,Division 7,304 Group O Bank, Admin and Clerical
61161,Division 7,304 Group O Bank, Admin and Clerical
62295,Division 7,304 Group O Bank, Admin and Clerical
59308,Division 7,304 Group O Bank, Admin and Clerical
59107,Division 7,304 Group O Bank, Admin and Clerical
77166,Division 7,304 Group O Bank, Admin and Clerical
57372,Division 7,304 Group O Bank, Admin and Clerical
75871,Division 7,304 Group O Bank, Admin and Clerical
62308,Division 7,304 Group O Bank, Admin and Clerical
63527,Division 7,304 Group O Bank, Admin and Clerical
83324,Division 7,304 Group O Bank, Admin and Clerical
61366,Division 7,304 Group O Bank, Admin and Clerical
58723,Division 7,304 Group O Bank, Admin and Clerical
59738,Division 7,304 Group O Bank, Admin and Clerical
65892,Division 7,304 Group O Bank, Admin and Clerical
66866,Division 7,304 Group O Bank, Admin and Clerical
64441,Division 7,304 Group O Bank, Admin and Clerical
74625,Division 7,304 Group O Bank, Admin and Clerical
75390,Division 7,Group O Bank, Allied Health Professionals
59496,Division 7,304 Group O Bank, Allied Health Professionals
59740,Division 7,304 Group O Bank, Allied Health Professionals
11780,Division 7,7B, Dental Services
72107,Division 7,7B, Dental Services
71993,Division 7,7B, Dental Services
11873,Division 7,7B, Dental Services
2444,Division 7,3B, Dental Services
23462,Division 7,7B, Dental Services
11534,Division 7,7B, Dental Services
26446,Division 7,7B, Dental Services
11521,Division 7,7B, Dental Services
82235,Division 7,7B, Discharge Lounge
64246,Division 7,7B, Discharge Lounge
20850,Division 7,7B, Discharge Lounge
7662,Division 7,3B, Discharge Lounge
58736,Division 7,7B, Discharge Lounge
7757,Division 7,7B, Discharge Lounge
66896,Division 7,7B, Discharge Lounge
59080,Division 7,3B, Discharge Lounge
30461,Division 7,7B, Discharge Lounge
21356,Division 7,3B, Discharge Lounge
70360,Division 7,7B, Discharge Lounge
19760,Division 7,7B, Discharge Lounge
30387,Division 7,3B, Discharge Lounge
53694,Division 7,7B, Discharge Lounge
58228,Division 7,7B, Discharge Lounge
71952,Division 7,304 7M, Div 7 Management
49996,Division 7,7M, Div 7 Management
78921,Division 7,7M, Division 7 Management
59598,Division 7,304 Group O Bank, Estates & Ancillary
59782,Division 7,304 Group O Bank, Estates & Ancillary
61493,Division 7,304 Group O Bank, Estates & Ancillary
61116,Division 7,304 Group O Bank, Estates & Ancillary
60243,Division 7,304 Group O Bank, Estates & Ancillary
60245,Division 7,304 Group O Bank, Estates & Ancillary
60247,Division 7,304 Group O Bank, Estates & Ancillary
58972,Division 7,304 Group O Bank, Estates & Ancillary
77256,Division 7,304 Group O Bank, Estates & Ancillary
59892,Division 7,304 Group O Bank, Estates & Ancillary
82524,Division 7,304 Group O Bank, Estates & Ancillary
61903,Division 7,304 Group O Bank, Estates & Ancillary
59905,Division 7,304 Group O Bank, Estates & Ancillary
64775,Division 7,304 Group O Bank, Estates & Ancillary
75348,Division 7,304 Group O Bank, Estates & Ancillary
59727,Division 7,304 Group O Bank, Estates & Ancillary
59324,Division 7,304 Group O Bank, Estates & Ancillary
60260,Division 7,304 Group O Bank, Estates & Ancillary
62164,Division 7,304 Group O Bank, Estates & Ancillary
61948,Division 7,304 Group O Bank, Estates & Ancillary
76807,Division 7,304 Group O Bank, Estates & Ancillary
76661,Division 7,304 Group O Bank, Estates & Ancillary
77260,Division 7,304 Group O Bank, Healthcare Scientist & Technic
80177,Division 7,304 Group O Bank, Healthcare Scientist & Technician
12618,Division 7,7B, Intermediate Care
2168,Division 7,7B, Intermediate Care
30191,Division 7,7B, Intermediate Care
79945,Division 7,7B, Intermediate Care Beds
75269,Division 7,7B, Intermediate Care Beds
84586,Division 7,7B, Intermediate Care Beds
76644,Division 7,7B, Intermediate Care Beds
76096,Division 7,304 Group O Bank, Nursing HCSW ODO & ODP
59596,Division 7,304 Group O Bank, Nursing HCSW ODO & ODP
60938,Division 7,304 Group O Bank, Nursing HCSW ODO & ODP
76419,Division 7,304 Group O Bank, Nursing HCSW ODO & ODP
63057,Division 7,304 Group O Bank, Nursing HCSW ODO & ODP
59787,Division 7,304 Group O Bank, Nursing HCSW ODO & ODP
84998,Division 7,304 Group O Bank, Nursing HCSW ODO & ODP
76284,Division 7,304 Group O Bank, Nursing HCSW ODO & ODP
58140,Division 7,304 Group O Bank, Nursing HCSW ODO & ODP
66379,Division 7,304 Group O Bank, Nursing HCSW ODO & ODP
76430,Division 7,304 Group O Bank, Nursing HCSW ODO & ODP
60059,Division 7,304 Group O Bank, Nursing HCSW ODO & ODP
68436,Division 7,Group O Bank, Nursing HCSW ODO & ODP
59978,Division 7,304 Group O Bank, Nursing HCSW ODO & ODP
75407,Division 7,304 Group O Bank, Nursing HCSW ODO & ODP
76166,Division 7,304 Group O Bank, Nursing HCSW ODO & ODP
75832,Division 7,304 Group O Bank, Nursing HCSW ODO & ODP
75964,Division 7,304 Group O Bank, Nursing HCSW ODO & ODP
77011,Division 7,304 Group O Bank, Nursing HCSW ODO & ODP
57939,Division 7,304 Group O Bank, Nursing HCSW ODO & ODP
82375,Division 7,304 Group O Bank, Nursing HCSW ODO & ODP
76177,Division 7,304 Group O Bank, Nursing HCSW ODO & ODP
66500,Division 7,304 Group O Bank, Nursing HCSW ODO & ODP
60963,Division 7,304 Group O Bank, Nursing HCSW ODO & ODP
76453,Division 7,304 Group O Bank, Nursing HCSW ODO & ODP
80980,Division 7,304 Group O Bank, Nursing HCSW ODO & ODP
63237,Division 7,304 Group O Bank, Nursing HCSW ODO & ODP
76868,Division 7,304 Group O Bank, Nursing HCSW ODO & ODP
75674,Division 7,304 Group O Bank, Nursing HCSW ODO & ODP
63863,Division 7,304 Group O Bank, Nursing HCSW ODO & ODP
60088,Division 7,304 Group O Bank, Nursing HCSW ODO & ODP
70827,Division 7,304 Group O Bank, Nursing HCSW ODO & ODP
77033,Division 7,304 Group O Bank, Nursing HCSW ODO & ODP
63320,Division 7,304 Group O Bank, Nursing HCSW ODO & ODP
63113,Division 7,304 Group O Bank, Nursing HCSW ODO & ODP
74594,Division 7,304 Group O Bank, Nursing HCSW ODO & ODP
58460,Division 7,304 Group O Bank, Nursing HCSW ODO & ODP
75698,Division 7,304 Group O Bank, Nursing HCSW ODO & ODP
79312,Division 7,304 Group O Bank, Nursing HCSW ODO & ODP
59249,Division 7,304 Group O Bank, Nursing HCSW ODO & ODP
58559,Division 7,304 Group O Bank, Nursing HCSW ODO & ODP
69500,Division 7,304 Group O Bank, Nursing HCSW ODO & ODP
75261,Division 7,Group O Bank, Nursing HCSW ODO & ODP
75242,Division 7,Group O Bank, Nursing HCSW ODO & ODP
81019,Division 7,304 Group O Bank, Nursing HCSW ODO & ODP
82573,Division 7,304 Group O Bank, Nursing HCSW ODO & ODP
67499,Division 7,304 Group O Bank, Nursing HCSW ODO & ODP
42962,Division 7,Group O Bank, Nursing HCSW ODO & ODP
58653,Division 7,304 Group O Bank, Nursing HCSW ODO & ODP
66831,Division 7,304 Group O Bank, Nursing HCSW ODO & ODP
64339,Division 7,304 Group O Bank, Nursing HCSW ODO & ODP
76649,Division 7,304 Group O Bank, Nursing HCSW ODO & ODP
59923,Division 7,304 Group O Bank, Nursing HCSW ODO & ODP
69215,Division 7,304 Group O Bank, Nursing HCSW ODO & ODP
82583,Division 7,304 Group O Bank, Nursing HCSW ODO & ODP
82315,Division 7,304 Group O Bank, Nursing HCSW ODO & ODP
82588,Division 7,304 Group O Bank, Nursing HCSW ODO & ODP
66340,Division 7,304 Group O Bank, Nursing HCSW ODO & ODP
81682,Division 7,304 Group O Bank, Pharmacy
81548,Division 7,304 Group O Bank, Pharmacy
58179,Division 7,304 Group O Bank, Pharmacy
82111,Division 7,304 Group O Bank, Pharmacy
81709,Division 7,304 Group O Bank, Pharmacy
67246,Division 7,7A, Primary Care Services
66664,Division 7,7A, Primary Care Services
61045,Division 7,7A, Primary Care Services
79722,Division 7,7A, Primary Care Services
62580,Division 7,304 Group O Bank, Professional and Technical
70638,Division 7,304 Group O Bank, Professional and Technical
65018,Division 7,304 Group O Bank, Professional and Technical
70639,Division 7,304 Group O Bank, Professional and Technical
65940,Division 7,304 Group O Bank, Professional and Technical
82327,Division 7,304 Group O Bank, Professional and Technical
70962,Division 7,304 Group O Bank, Professional and Technical
64228,Division 7,304 Group O Bank, Professional and Technical
63955,Division 7,304 Group O Bank, Professional and Technical
63126,Division 7,304 Group O Bank, Professional and Technical
61345,Division 7,304 Group O Bank, Professional and Technical
28688,Division 7,7B, Solihull Community Services
30988,Division 7,7B, Solihull Community Services
20399,Division 7,7B, Solihull Community Services
73628,Division 7,7B, Solihull Community Services
20289,Division 7,7B, Solihull Community Services
21754,Division 7,7B, Solihull Community Services
22517,Division 7,7B, Solihull Community Services
11757,Division 7,7B, Solihull Community Services
30130,Division 7,7B, Solihull Community Services
31325,Division 7,7B, Solihull Community Services
62031,Division 7,7B, Solihull Community Services
11421,Division 7,7B, Solihull Community Services
74164,Division 7,7B, Solihull Community Services
11545,Division 7,3B, Solihull Community Services
11242,Division 7,7B, Solihull Community Services
25096,Division 7,7B, Solihull Community Services
50072,Division 7,7B, Solihull Community Services
11819,Division 7,7B, Solihull Community Services
63008,Division 7,7B, Solihull Community Services
28262,Division 7,7B, Solihull Community Services
11630,Division 7,7B, Solihull Community Services
28623,Division 7,7B, Solihull Community Services
68460,Division 7,7B, Solihull Community Services
73649,Division 7,7B, Solihull Community Services
68525,Division 7,7B, Solihull Community Services
23666,Division 7,7B, Solihull Community Services
11857,Division 7,7B, Solihull Community Services
26449,Division 7,7B, Solihull Community Services
11938,Division 7,7B, Solihull Community Services
11424,Division 7,7B, Solihull Community Services
67005,Division 7,7B, Solihull Community Services
65655,Division 7,7B, Solihull Community Services
83430,Division 7,7B, Solihull Community Services
30027,Division 7,7B, Solihull Community Services
13527,Division 7,7B, Solihull Community Services
25330,Division 7,7B, Solihull Community Services
2701,Division 7,7B, Solihull Community Services
63426,Division 7,7B, Solihull Community Services
11912,Division 7,7B, Solihull Community Services
27761,Division 7,7B, Solihull Community Services
70461,Division 7,7B, Solihull Community Services
23110,Division 7,7B, Solihull Community Services
68292,Division 7,7B, Solihull Community Services
73744,Division 7,304 Group O Bank,
74323,Division 7,304 Group O Bank,
65153,Division 7,304 Group O Bank,
73464,Division 7,304 Group O Bank,
74335,Division 7,304 Group O Bank,
63060,Division 7,304 Group O Bank,
74339,Division 7,304 Group O Bank,
64527,Division 7,304 Group O Bank,
65391,Division 7,304 Group O Bank,
63658,Division 7,304 Group O Bank,
74460,Division 7,,
64304,Division 7,304 Group O Bank,
76999,Division 7,304 Group O Bank,
63737,Division 7,304 Group O Bank,
66781,Division 7,304 Group O Bank,
76306,Division 7,304 Group O Honorary,
76238,Division 7,304 Group O Bank,
76310,Division 7,304 Group 3 Finance,
74378,Division 7,304 Group O Bank,
76743,Division 7,304 Group O Bank,
65176,Division 7,304 Group O Honorary,
64587,Division 7,304 Group O Bank,
59987,Division 7,304 Group O Bank,
72183,Division 7,304 Group O Bank,
67098,Division 7,304 Group O Bank,
76763,Division 7,304 Group O Bank,
74393,Division 7,304 Group O Bank,
76188,Division 7,304 Group O Bank,
76771,Division 7,304 Group O Bank,
69312,Division 7,304 Group O Bank,
69120,Division 7,304 Group O Bank,
76263,Division 7,304 Group O Bank,
65856,Division 7,304 Group O Bank,
77035,Division 7,304 Group O Bank,
69005,Division 7,304 Group O Bank,
60005,Division 7,304 Group O Bank,
70146,Division 7,304 Group O Bank,
76634,Division 7,304 Group O Bank,
73560,Division 7,304 Group O Bank,
73565,Division 7,304 Group O Bank,
73566,Division 7,304 Group O Bank,
63523,Division 7,304 Group O Bank,
63986,Division 7,304 Group O Bank,
58274,Division 7,304 Group O Honorary,
76790,Division 7,304 Group O Bank,
73577,Division 7,304 Group O Bank,
59669,Division 7,304 Group O Bank,
73590,Division 7,304 Group O Bank,
67213,Division 7,304 Group O Bank,
76803,Division 7,304 Group O Bank,
76239,Division 7,304 Group O Bank,
62424,Division 7,304 Group O Bank,
67087,Division 7,304 Group O Bank,
68295,Division 7,304 Group O Bank,
44758,Division L,Group T,
33659,Division L,Group T,
64801,Division L,Group T,
66987,Division L,Group T,
48094,Division L,Group T,
80063,Division L,Group T,
44763,Division L,Group T,
66272,Division L,Group T,
35318,Division L,Group T,
72508,Division L,Group T,
71956,Division L,Group T,
71073,Division L,Group T,
36007,Division L,Group T,
74485,Division L,Group T,
49164,Division L,Group T,
49966,Division L,Group T,
37730,Division L,Group T,
44759,Division L,Group T,
51167,Division L,Group T,
65435,Division L,Group T,
67493,Division L,Group T,
52012,Division L,Group T,
66330,Division L,Group T,
33196,Division L,Group T,
44775,Division L,Group T,
67641,Division L,Group T,
52539,Division L,Group T,
66295,Division L,Group T,
63628,Division L,Group T,
62168,Division L,Group T,
68775,Division Z,Group O Bank, Admin and Clerical
72409,Division Z,Group O Bank, Admin and Clerical
60422,Division Z,, Admin and Clerical
58807,Division Z,Group O Bank, Admin and Clerical
71764,Division Z,Group O Bank, Admin and Clerical
58967,Division Z,Group O Bank, Admin and Clerical
74073,Division Z,Group O Bank, Admin and Clerical
59073,Division Z,Group O Bank, Admin and Clerical
66043,Division Z,Group O Bank, Admin and Clerical
70881,Division Z,Group O Bank, Admin and Clerical
32329,Division Z,Group O Bank, Admin and Clerical
62099,Division Z,Group O Bank, Admin and Clerical
59094,Division Z,Group O Bank, Admin and Clerical
73734,Division Z,Group O Bank, Admin and Clerical
59514,Division Z,Group O Bank, Admin and Clerical
58980,Division Z,Group O Bank, Admin and Clerical
58522,Division Z,Group O Bank, Admin and Clerical
47160,Division Z,Group O Bank, Admin and Clerical
59104,Division Z,Group O Bank, Admin and Clerical
32854,Division Z,Group O Bank, Admin and Clerical
61378,Division Z,Group O Bank, Admin and Clerical
69733,Division Z,Group O Bank, Admin and Clerical
81173,Division Z,Group O Bank, Admin and Clerical
62450,Division Z,Group O Bank, Admin and Clerical
45543,Division Z,Group O Bank, Admin and Clerical
70378,Division Z,Group O Bank, Admin and Clerical
62101,Division Z,Group O Bank, Admin and Clerical
68954,Division Z,Group O Bank, Admin and Clerical
58788,Division Z,Group O Bank, Admin and Clerical
58816,Division Z,Group O Bank, Admin and Clerical
45861,Division Z,Group O Bank, Admin and Clerical
45304,Division Z,Group O Bank, Admin and Clerical
54532,Division Z,Group O Bank, Admin and Clerical
58531,Division Z,Group O Bank, Admin and Clerical
47496,Division Z,Group O Bank, Admin and Clerical
80640,Division Z,Group O Bank, Admin and Clerical
73782,Division Z,Group O Bank, Admin and Clerical
33397,Division Z,Group O Bank, Admin and Clerical
74350,Division Z,Group O Bank, Admin and Clerical
59100,Division Z,Group O Bank, Admin and Clerical
33516,Division Z,Group O Bank, Admin and Clerical
61886,Division Z,Group O Bank, Admin and Clerical
66279,Division Z,Group O Bank, Admin and Clerical
77720,Division Z,Group O Bank, Admin and Clerical
33706,Division Z,Group O Bank, Admin and Clerical
72203,Division Z,Group O Bank, Admin and Clerical
62093,Division Z,Group O Bank, Admin and Clerical
65492,Division Z,Group O Bank, Admin and Clerical
33773,Division Z,Group O Bank, Admin and Clerical
66131,Division Z,Group O Bank, Admin and Clerical
58814,Division Z,Group O Bank, Admin and Clerical
68430,Division Z,Group O Bank, Admin and Clerical
33852,Division Z,Group O Bank, Admin and Clerical
67616,Division Z,Group O Bank, Admin and Clerical
77787,Division Z,Group O Bank, Admin and Clerical
72090,Division Z,Group O Bank, Admin and Clerical
78130,Division Z,Group O Bank, Admin and Clerical
78725,Division Z,Group O Bank, Admin and Clerical
61120,Division Z,Group O Bank, Admin and Clerical
61888,Division Z,Group O Bank, Admin and Clerical
73161,Division Z,Group O Bank, Admin and Clerical
54647,Division Z,Group O Bank, Admin and Clerical
75127,Division Z,Group O Bank, Admin and Clerical
59254,Division Z,Group O Bank, Admin and Clerical
34173,Division Z,Group O Bank, Admin and Clerical
70272,Division Z,Group O Bank, Admin and Clerical
72540,Division Z,Group O Bank, Admin and Clerical
58806,Division Z,Group O Bank, Admin and Clerical
58532,Division Z,Group O Bank, Admin and Clerical
70571,Division Z,Group O Bank, Admin and Clerical
65846,Division Z,Group O Bank, Admin and Clerical
54844,Division Z,Group O Bank, Admin and Clerical
62113,Division Z,Group O Bank, Admin and Clerical
62114,Division Z,Group O Bank, Admin and Clerical
34725,Division Z,Group O Bank, Admin and Clerical
59259,Division Z,Group O Bank, Admin and Clerical
54908,Division Z,Group O Bank, Admin and Clerical
48347,Division Z,Group O Bank, Admin and Clerical
62232,Division Z,Group O Bank, Admin and Clerical
67335,Division Z,Group O Bank, Admin and Clerical
54945,Division Z,Group O Bank, Admin and Clerical
58534,Division Z,Group O Bank, Admin and Clerical
35039,Division Z,Group O Bank, Admin and Clerical
70392,Division Z,Group O Bank, Admin and Clerical
57380,Division Z,Group O Bank, Admin and Clerical
59261,Division Z,Group O Bank, Admin and Clerical
58535,Division Z,Group O Bank, Admin and Clerical
61777,Division Z,, Admin and Clerical
66140,Division Z,Group O Bank, Admin and Clerical
64543,Division Z,Group O Bank, Admin and Clerical
59264,Division Z,Group O Bank, Admin and Clerical
71980,Division Z,Group O Bank, Admin and Clerical
66160,Division Z,Group O Bank, Admin and Clerical
35393,Division Z,Group O Bank, Admin and Clerical
74361,Division Z,Group O Bank, Admin and Clerical
82515,Division Z,Group O Bank, Admin and Clerical
54995,Division Z,Group O Bank, Admin and Clerical
64501,Division Z,Group O Bank, Admin and Clerical
75134,Division Z,Group O Bank, Admin and Clerical
58994,Division Z,, Admin and Clerical
63244,Division Z,Group O Bank, Admin and Clerical
35794,Division Z,Group O Bank, Admin and Clerical
58802,Division Z,Group O Bank, Admin and Clerical
60251,Division Z,Group O Bank, Admin and Clerical
59108,Division Z,Group O Bank, Admin and Clerical
61133,Division Z,Group O Bank, Admin and Clerical
79795,Division Z,Group O Bank, Admin and Clerical
57725,Division Z,Group O Bank, Admin and Clerical
58537,Division Z,Group O Bank, Admin and Clerical
65421,Division Z,, Admin and Clerical
55140,Division Z,Group O Bank, Admin and Clerical
55143,Division Z,1B, Admin and Clerical
58810,Division Z,Group O Bank, Admin and Clerical
75285,Division Z,Group O Bank, Admin and Clerical
72793,Division Z,Group O Bank, Admin and Clerical
57716,Division Z,, Admin and Clerical
58747,Division Z,Group O Bank, Admin and Clerical
69901,Division Z,Group O Bank, Admin and Clerical
74252,Division Z,Group O Bank, Admin and Clerical
49371,Division Z,Group O Bank, Admin and Clerical
58539,Division Z,Group O Bank, Admin and Clerical
67275,Division Z,Group O Bank, Admin and Clerical
75142,Division Z,Group O Bank, Admin and Clerical
58258,Division Z,Group O Bank, Admin and Clerical
59747,Division Z,Group O Bank, Admin and Clerical
78158,Division Z,Group O Bank, Admin and Clerical
49532,Division Z,Group O Bank, Admin and Clerical
80721,Division Z,Group O Bank, Admin and Clerical
70412,Division Z,Group O Bank, Admin and Clerical
59518,Division Z,Group O Bank, Admin and Clerical
62133,Division Z,Group O Bank, Admin and Clerical
58528,Division Z,Group O Bank, Admin and Clerical
58757,Division Z,Group O Bank, Admin and Clerical
37193,Division Z,Group O Bank, Admin and Clerical
49744,Division Z,Group O Bank, Admin and Clerical
68031,Division Z,Group O Bank, Admin and Clerical
58732,Division Z,Group O Bank, Admin and Clerical
81114,Division Z,Group O Bank, Admin and Clerical
72072,Division Z,Group O Bank, Admin and Clerical
73645,Division Z,Group O Bank, Admin and Clerical
66760,Division Z,Group O Bank, Admin and Clerical
73176,Division Z,Group O Bank, Admin and Clerical
37745,Division Z,Group O Bank, Admin and Clerical
66022,Division Z,Group O Bank, Admin and Clerical
71087,Division Z,Group O Bank, Admin and Clerical
58731,Division Z,Group O Bank, Admin and Clerical
37878,Division Z,Group O Bank, Admin and Clerical
79052,Division Z,Group O Bank, Admin and Clerical
70295,Division Z,Group O Bank, Admin and Clerical
68840,Division Z,Group O Bank, Admin and Clerical
74572,Division Z,Group O Bank, Admin and Clerical
67191,Division Z,Group O Bank, Admin and Clerical
50365,Division Z,Group O Bank, Admin and Clerical
50403,Division Z,Group O Bank, Admin and Clerical
65516,Division Z,Group O Bank, Admin and Clerical
58374,Division Z,Group O Bank, Admin and Clerical
58546,Division Z,Group O Bank, Admin and Clerical
69915,Division Z,Group O Bank, Admin and Clerical
59284,Division Z,Group O Bank, Admin and Clerical
50583,Division Z,Group O Bank, Admin and Clerical
50611,Division Z,Group O Bank, Admin and Clerical
73530,Division Z,Group O Bank, Admin and Clerical
50679,Division Z,Group O Bank, Admin and Clerical
58547,Division Z,Group O Bank, Admin and Clerical
72000,Division Z,Group O Bank, Admin and Clerical
63853,Division Z,Group O Bank, Admin and Clerical
58175,Division Z,Group O Bank, Admin and Clerical
72803,Division Z,Group O Bank, Admin and Clerical
57659,Division Z,Group O Bank, Admin and Clerical
67236,Division Z,Group O Bank, Admin and Clerical
77743,Division Z,Group O Bank, Admin and Clerical
79808,Division Z,Group O Bank, Admin and Clerical
67197,Division Z,Group O Bank, Admin and Clerical
69422,Division Z,Group O Bank, Admin and Clerical
61918,Division Z,Group O Bank, Admin and Clerical
51259,Division Z,Group O Bank, Admin and Clerical
39629,Division Z,4A, Admin and Clerical
78090,Division Z,Group O Bank, Admin and Clerical
57643,Division Z,Group O Bank, Admin and Clerical
75036,Division Z,Group O Bank, Admin and Clerical
39754,Division Z,Group O Bank, Admin and Clerical
71465,Division Z,Group O Bank, Admin and Clerical
58986,Division Z,Group O Bank, Admin and Clerical
61058,Division Z,Group O Bank, Admin and Clerical
75037,Division Z,Group O Bank, Admin and Clerical
40088,Division Z,Group O Bank, Admin and Clerical
65938,Division Z,Group O Bank, Admin and Clerical
59748,Division Z,Group O Bank, Admin and Clerical
59296,Division Z,Group O Bank, Admin and Clerical
75892,Division Z,Group O Bank, Admin and Clerical
70310,Division Z,Group O Bank, Admin and Clerical
58918,Division Z,, Admin and Clerical
62284,Division Z,Group O Bank, Admin and Clerical
59614,Division Z,Group O Bank, Admin and Clerical
61064,Division Z,Group O Bank, Admin and Clerical
61158,Division Z,Group O Bank, Admin and Clerical
59102,Division Z,Group O Bank, Admin and Clerical
66146,Division Z,Group O Bank, Admin and Clerical
65527,Division Z,Group O Bank, Admin and Clerical
65529,Division Z,Group O Bank, Admin and Clerical
59101,Division Z,Group O Bank, Admin and Clerical
58724,Division Z,Group O Bank, Admin and Clerical
58796,Division Z,Group O Bank, Admin and Clerical
74174,Division Z,Group O Bank, Admin and Clerical
52003,Division Z,Group O Bank, Admin and Clerical
68471,Division Z,Group O Bank, Admin and Clerical
58767,Division Z,Group O Bank, Admin and Clerical
70066,Division Z,Group O Bank, Admin and Clerical
59507,Division Z,Group O Bank, Admin and Clerical
41211,Division Z,Group O Bank, Admin and Clerical
41234,Division Z,Group O Bank, Admin and Clerical
59617,Division Z,Group O Bank, Admin and Clerical
58784,Division Z,Group O Bank, Admin and Clerical
41266,Division Z,Group O Bank, Admin and Clerical
66148,Division Z,Group O Bank, Admin and Clerical
64432,Division Z,Group O Bank, Admin and Clerical
41420,Division Z,Group O Bank, Admin and Clerical
67204,Division Z,Group O Bank, Admin and Clerical
59312,Division Z,Group O Bank, Admin and Clerical
70606,Division Z,Group O Bank, Admin and Clerical
59618,Division Z,Group O Bank, Admin and Clerical
61929,Division Z,Group O Bank, Admin and Clerical
80439,Division Z,Group O Bank, Admin and Clerical
59619,Division Z,Group O Bank, Admin and Clerical
72257,Division Z,Group O Bank, Admin and Clerical
68478,Division Z,Group O Bank, Admin and Clerical
58988,Division Z,Group O Bank, Admin and Clerical
59732,Division Z,Group O Bank, Admin and Clerical
61166,Division Z,Group O Bank, Admin and Clerical
65623,Division Z,Group O Bank, Admin and Clerical
66666,Division Z,Group O Bank, Admin and Clerical
72606,Division Z,Group O Bank, Admin and Clerical
69336,Division Z,Group O Bank, Admin and Clerical
72018,Division Z,Group O Bank, Admin and Clerical
52567,Division Z,Group O Bank, Admin and Clerical
52576,Division Z,Group O Bank, Admin and Clerical
65340,Division Z,Group O Bank, Admin and Clerical
73300,Division Z,Group O Bank, Admin and Clerical
74653,Division Z,Group O Bank, Admin and Clerical
42543,Division Z,Group O Bank, Admin and Clerical
58209,Division Z,Group O Bank, Admin and Clerical
74654,Division Z,Group O Bank, Admin and Clerical
72973,Division Z,Group O Bank, Admin and Clerical
42953,Division Z,Group O Bank, Admin and Clerical
58769,Division Z,Group O Bank, Admin and Clerical
59323,Division Z,Group O Bank, Admin and Clerical
62163,Division Z,Group O Bank, Admin and Clerical
68900,Division Z,Group O Bank, Admin and Clerical
77658,Division Z,Group O Bank, Admin and Clerical
61675,Division Z,Group O Bank, Admin and Clerical
74183,Division Z,Group O Bank, Admin and Clerical
58721,Division Z,Group O Bank, Admin and Clerical
74032,Division Z,Group O Bank, Admin and Clerical
72894,Division Z,Group O Bank, Admin and Clerical
69020,Division Z,Group O Bank, Admin and Clerical
53435,Division Z,Group O Bank, Admin and Clerical
53526,Division Z,Group O Bank, Admin and Clerical
59626,Division Z,Group O Bank, Admin and Clerical
58566,Division Z,Group O Bank, Admin and Clerical
59741,Division Z,Group O Bank, Admin and Clerical
65544,Division Z,Group O Bank, Admin and Clerical
75059,Division Z,Group O Bank, Admin and Clerical
74622,Division Z,Group O Bank, Admin and Clerical
57148,Division Z,Group O Bank, Admin and Clerical
72286,Division Z,Group O Bank, Admin and Clerical
53717,Division Z,Group O Bank, Admin and Clerical
72155,Division Z,Group O Bank, Admin and Clerical
65592,Division Z,Group O Bank, Admin and Clerical
53802,Division Z,Group O Bank, Admin and Clerical
70339,Division Z,Group O Bank, Admin and Clerical
61825,Division Z,Group O Bank, Admin and Clerical
72380,Division Z,Group O Bank, Admin and Clerical
45773,Division Z,Group O Bank, Admin and Clerical
70340,Division Z,Group O Bank, Admin and Clerical
65462,Division Z,Group O Bank, Admin and Clerical
57265,Division Z,Group O Bank, Admin and Clerical
63437,Division Z,Group O Bank, Admin and Clerical
79095,Division Z,Group O Bank, Admin and Clerical
72368,Division Z,Group O Bank, Admin and Clerical
65631,Division Z,Group O Bank, Admin and Clerical
59500,Division Z,Group O Bank, Allied Health Professionals
37831,Division Z,Group O Bank, Allied Health Professionals
50417,Division Z,Group O Bank, Allied Health Professionals
59501,Division Z,Group O Bank, Allied Health Professionals
55915,Division Z,Group O Bank, Allied Health Professionals
59502,Division Z,Group O Bank, Allied Health Professionals
52873,Division Z,Group O Bank, Allied Health Professionals
71965,Division Z,Group O Bank, Estates & Ancillary
61492,Division Z,Group O Bank, Estates & Ancillary
60233,Division Z,, Estates & Ancillary
59775,Division Z,Group O Bank, Estates & Ancillary
66917,Division Z,Group O Bank, Estates & Ancillary
69729,Division Z,Group O Bank, Estates & Ancillary
63287,Division Z,Group O Bank, Estates & Ancillary
65008,Division Z,Group O Bank, Estates & Ancillary
77161,Division Z,Group O Bank, Estates & Ancillary
71857,Division Z,Group O Bank, Estates & Ancillary
60426,Division Z,Group O Bank, Estates & Ancillary
59103,Division Z,, Estates & Ancillary
59092,Division Z,Group O Bank, Estates & Ancillary
70172,Division Z,Group O Bank, Estates & Ancillary
59111,Division Z,Group O Bank, Estates & Ancillary
66985,Division Z,Group O Bank, Estates & Ancillary
66361,Division Z,Group O Bank, Estates & Ancillary
58530,Division Z,Group O Bank, Estates & Ancillary
59967,Division Z,Group O Bank, Estates & Ancillary
64776,Division Z,Group O Bank, Estates & Ancillary
60240,Division Z,Group O Bank, Estates & Ancillary
72198,Division Z,Group O Bank, Estates & Ancillary
67129,Division Z,Group O Bank, Estates & Ancillary
40232,Division Z,Group O Bank, Estates & Ancillary
47687,Division Z,Group O Bank, Estates & Ancillary
77358,Division Z,Group O Bank, Estates & Ancillary
59009,Division Z,Group O Bank, Estates & Ancillary
47840,Division Z,Group O Bank, Estates & Ancillary
79789,Division Z,Group O Bank, Estates & Ancillary
47876,Division Z,Group O Bank, Estates & Ancillary
70024,Division Z,Group O Bank, Estates & Ancillary
66360,Division Z,Group O Bank, Estates & Ancillary
70495,Division Z,Group O Bank, Estates & Ancillary
34287,Division Z,Group O Bank, Estates & Ancillary
77788,Division Z,Group O Bank, Estates & Ancillary
59010,Division Z,Group O Bank, Estates & Ancillary
61123,Division Z,Group O Bank, Estates & Ancillary
57402,Division Z,Group O Bank, Estates & Ancillary
54859,Division Z,Group O Bank, Estates & Ancillary
61035,Division Z,Group O Bank, Estates & Ancillary
59691,Division Z,, Estates & Ancillary
59801,Division Z,Group O Bank, Estates & Ancillary
58985,Division Z,Group O Bank, Estates & Ancillary
62116,Division Z,Group O Bank, Estates & Ancillary
79031,Division Z,Group O Bank, Estates & Ancillary
59505,Division Z,Group O Bank, Estates & Ancillary
69756,Division Z,Group O Bank, Estates & Ancillary
69603,Division Z,Group O Bank, Estates & Ancillary
69761,Division Z,Group O Bank, Estates & Ancillary
78740,Division Z,Group O Bank, Estates & Ancillary
59696,Division Z,Group O Bank, Estates & Ancillary
77613,Division Z,Group O Bank, Estates & Ancillary
60250,Division Z,, Estates & Ancillary
70280,Division Z,Group O Bank, Estates & Ancillary
79036,Division Z,Group O Bank, Estates & Ancillary
70281,Division Z,Group O Bank, Estates & Ancillary
66013,Division Z,Group O Bank, Estates & Ancillary
73263,Division Z,Group O Bank, Estates & Ancillary
59347,Division Z,Group O Bank, Estates & Ancillary
60958,Division Z,Group O Bank, Estates & Ancillary
58781,Division Z,Group O Bank, Estates & Ancillary
59891,Division Z,Group O Bank, Estates & Ancillary
70580,Division Z,Group O Bank, Estates & Ancillary
25778,Division Z,Group O Bank, Estates & Ancillary
55253,Division Z,Group O Bank, Estates & Ancillary
75334,Division Z,Group O Bank, Estates & Ancillary
62373,Division Z,Group O Bank, Estates & Ancillary
71235,Division Z,Group O Bank, Estates & Ancillary
59814,Division Z,Group O Bank, Estates & Ancillary
60827,Division Z,Group O Bank, Estates & Ancillary
61789,Division Z,Group O Bank, Estates & Ancillary
65861,Division Z,Group O Bank, Estates & Ancillary
49642,Division Z,Group O Bank, Estates & Ancillary
70197,Division Z,Group O Bank, Estates & Ancillary
69607,Division Z,Group O Bank, Estates & Ancillary
65615,Division Z,Group O Bank, Estates & Ancillary
58989,Division Z,, Estates & Ancillary
65854,Division Z,Group O Bank, Estates & Ancillary
31466,Division Z,Group O Bank, Estates & Ancillary
57358,Division Z,Group O Bank, Estates & Ancillary
59986,Division Z,Group O Bank, Estates & Ancillary
69791,Division Z,Group O Bank, Estates & Ancillary
59099,Division Z,Group O Bank, Estates & Ancillary
49999,Division Z,Group O Bank, Estates & Ancillary
58372,Division Z,Group O Bank, Estates & Ancillary
59988,Division Z,Group O Bank, Estates & Ancillary
71791,Division Z,Group O Bank, Estates & Ancillary
50248,Division Z,Group O Bank, Estates & Ancillary
66129,Division Z,Group O Bank, Estates & Ancillary
78494,Division Z,Group O Bank, Estates & Ancillary
59091,Division Z,Group O Bank, Estates & Ancillary
61506,Division Z,Group O Bank, Estates & Ancillary
61911,Division Z,Group O Bank, Estates & Ancillary
64766,Division Z,Group O Bank, Estates & Ancillary
68847,Division Z,Group O Bank, Estates & Ancillary
50555,Division Z,Group O Bank, Estates & Ancillary
61149,Division Z,Group O Bank, Estates & Ancillary
70595,Division Z,Group O Bank, Estates & Ancillary
67285,Division Z,Group O Bank, Estates & Ancillary
65845,Division Z,Group O Bank, Estates & Ancillary
50954,Division Z,Group O Bank, Estates & Ancillary
59994,Division Z,Group O Bank, Estates & Ancillary
59720,Division Z,, Estates & Ancillary
78626,Division Z,Group O Bank, Estates & Ancillary
72635,Division Z,Group O Bank, Estates & Ancillary
77143,Division Z,Group O Bank, Estates & Ancillary
70965,Division Z,Group O Bank, Estates & Ancillary
59825,Division Z,Group O Bank, Estates & Ancillary
77391,Division Z,Group O Bank, Estates & Ancillary
63257,Division Z,Group O Bank, Estates & Ancillary
59612,Division Z,Group O Bank, Estates & Ancillary
65436,Division Z,Group O Bank, Estates & Ancillary
59340,Division Z,, Estates & Ancillary
67244,Division Z,Group O Bank, Estates & Ancillary
59294,Division Z,Group O Bank, Estates & Ancillary
60257,Division Z,Group O Bank, Estates & Ancillary
65853,Division Z,Group O Bank, Estates & Ancillary
73287,Division Z,Group O Bank, Estates & Ancillary
72125,Division Z,Group O Bank, Estates & Ancillary
51595,Division Z,Group O Bank, Estates & Ancillary
78513,Division Z,Group O Bank, Estates & Ancillary
59304,Division Z,Group O Bank, Estates & Ancillary
63280,Division Z,Group O Bank, Estates & Ancillary
59728,Division Z,Group O Bank, Estates & Ancillary
64767,Division Z,Group O Bank, Estates & Ancillary
72475,Division Z,Group O Bank, Estates & Ancillary
70065,Division Z,Group O Bank, Estates & Ancillary
69947,Division Z,Group O Bank, Estates & Ancillary
73396,Division Z,Group O Bank, Estates & Ancillary
64768,Division Z,Group O Bank, Estates & Ancillary
59334,Division Z,Group O Bank, Estates & Ancillary
65200,Division Z,Group O Bank, Estates & Ancillary
65338,Division Z,Group O Bank, Estates & Ancillary
58968,Division Z,Group O Bank, Estates & Ancillary
70992,Division Z,Group O Bank, Estates & Ancillary
60229,Division Z,Group O Bank, Estates & Ancillary
70993,Division Z,Group O Bank, Estates & Ancillary
65203,Division Z,Group O Bank, Estates & Ancillary
62156,Division Z,Group O Bank, Estates & Ancillary
52586,Division Z,Group O Bank, Estates & Ancillary
72140,Division Z,Group O Bank, Estates & Ancillary
42936,Division Z,Group O Bank, Estates & Ancillary
59838,Division Z,Group O Bank, Estates & Ancillary
58401,Division Z,Group O Bank, Estates & Ancillary
71469,Division Z,Group O Bank, Estates & Ancillary
67500,Division Z,Group O Bank, Estates & Ancillary
75054,Division Z,Group O Bank, Estates & Ancillary
58993,Division Z,Group O Bank, Estates & Ancillary
72820,Division Z,Group O Bank, Estates & Ancillary
58737,Division Z,Group O Bank, Estates & Ancillary
62420,Division Z,Group O Bank, Estates & Ancillary
72822,Division Z,Group O Bank, Estates & Ancillary
74037,Division Z,Group O Bank, Estates & Ancillary
66754,Division Z,Group O Bank, Estates & Ancillary
60016,Division Z,Group O Bank, Estates & Ancillary
59627,Division Z,Group O Bank, Estates & Ancillary
61177,Division Z,, Estates & Ancillary
72277,Division Z,Group O Bank, Estates & Ancillary
44054,Division Z,Group O Bank, Estates & Ancillary
66362,Division Z,Group O Bank, Estates & Ancillary
78843,Division Z,Group O Bank, Estates & Ancillary
60995,Division Z,Group O Bank, Estates & Ancillary
66280,Division Z,Group O Bank, Estates & Ancillary
66430,Division Z,Group O Bank, Estates & Ancillary
44369,Division Z,Group O Bank, Estates & Ancillary
59844,Division Z,Group O Bank, Estates & Ancillary
57817,Division Z,Group O Bank, Estates & Ancillary
77446,Division Z,Group O Bank, Estates & Ancillary
59847,Division Z,Group O Bank, Estates & Ancillary
47969,Division Z,Group O Bank, Healthcare Scientist & Technician
72960,Division Z,Group O Bank, Healthcare Scientist & Technician
58915,Division Z,Group O Bank, Nursing HCSW ODO & ODP
79251,Division Z,Group O Bank, Nursing HCSW ODO & ODP
65396,Division Z,Group O Bank, Nursing HCSW ODO & ODP
69872,Division Z,Group O Bank, Nursing HCSW ODO & ODP
31929,Division Z,1B, Nursing HCSW ODO & ODP
77573,Division Z,Group O Bank, Nursing HCSW ODO & ODP
62912,Division Z,Group O Bank, Nursing HCSW ODO & ODP
79121,Division Z,Group O Bank, Nursing HCSW ODO & ODP
58442,Division Z,Group O Bank, Nursing HCSW ODO & ODP
69584,Division Z,Group O Bank, Nursing HCSW ODO & ODP
71042,Division Z,Group O Bank, Nursing HCSW ODO & ODP
60794,Division Z,Group O Bank, Nursing HCSW ODO & ODP
32093,Division Z,Group O Bank, Nursing HCSW ODO & ODP
66714,Division Z,Group O Bank, Nursing HCSW ODO & ODP
69126,Division Z,Group O Bank, Nursing HCSW ODO & ODP
46777,Division Z,Group O Bank, Nursing HCSW ODO & ODP
72191,Division Z,Group O Bank, Nursing HCSW ODO & ODP
60787,Division Z,Group O Bank, Nursing HCSW ODO & ODP
54232,Division Z,Group O Bank, Nursing HCSW ODO & ODP
57444,Division Z,Group O Bank, Nursing HCSW ODO & ODP
64677,Division Z,Group O Bank, Nursing HCSW ODO & ODP
59778,Division Z,Group O Bank, Nursing HCSW ODO & ODP
60050,Division Z,Group O Bank, Nursing HCSW ODO & ODP
65399,Division Z,Group O Bank, Nursing HCSW ODO & ODP
59779,Division Z,Group O Bank, Nursing HCSW ODO & ODP
59633,Division Z,Group O Bank, Nursing HCSW ODO & ODP
66812,Division Z,Group O Bank, Nursing HCSW ODO & ODP
77460,Division Z,Group O Bank, Nursing HCSW ODO & ODP
65400,Division Z,Group O Bank, Nursing HCSW ODO & ODP
46984,Division Z,Group O Bank, Nursing HCSW ODO & ODP
76275,Division Z,Group O Bank, Nursing HCSW ODO & ODP
47042,Division Z,Group O Bank, Nursing HCSW ODO & ODP
59662,Division Z,5B, Nursing HCSW ODO & ODP
72194,Division Z,Group O Bank, Nursing HCSW ODO & ODP
67327,Division Z,Group O Bank, Nursing HCSW ODO & ODP
73614,Division Z,Group O Bank, Nursing HCSW ODO & ODP
58129,Division Z,Group O Bank, Nursing HCSW ODO & ODP
32698,Division Z,Group O Bank, Nursing HCSW ODO & ODP
80054,Division Z,Group O Bank, Nursing HCSW ODO & ODP
72416,Division Z,Group O Bank, Nursing HCSW ODO & ODP
60052,Division Z,Group O Bank, Nursing HCSW ODO & ODP
47226,Division Z,Group O Bank, Nursing HCSW ODO & ODP
66345,Division Z,Group O Bank, Nursing HCSW ODO & ODP
32985,Division Z,Group O Bank, Nursing HCSW ODO & ODP
63205,Division Z,Group O Bank, Nursing HCSW ODO & ODP
33082,Division Z,Group O Bank, Nursing HCSW ODO & ODP
59679,Division Z,Group O Bank, Nursing HCSW ODO & ODP
63942,Division Z,Group O Bank, Nursing HCSW ODO & ODP
47376,Division Z,Group O Bank, Nursing HCSW ODO & ODP
64364,Division Z,Group O Bank, Nursing HCSW ODO & ODP
71054,Division Z,Group O Bank, Nursing HCSW ODO & ODP
60054,Division Z,Group O Bank, Nursing HCSW ODO & ODP
57671,Division Z,Group O Bank, Nursing HCSW ODO & ODP
57710,Division Z,Group O Bank, Nursing HCSW ODO & ODP
47460,Division Z,Group O Bank, Nursing HCSW ODO & ODP
79709,Division Z,Group O Bank, Nursing HCSW ODO & ODP
33301,Division Z,Group O Bank, Nursing HCSW ODO & ODP
54541,Division Z,Group O Bank, Nursing HCSW ODO & ODP
76282,Division Z,Group O Bank, Nursing HCSW ODO & ODP
74539,Division Z,Group O Bank, Nursing HCSW ODO & ODP
33383,Division Z,Group O Bank, Nursing HCSW ODO & ODP
54552,Division Z,Group O Bank, Nursing HCSW ODO & ODP
59758,Division Z,Group O Bank, Nursing HCSW ODO & ODP
77745,Division Z,Group O Bank, Nursing HCSW ODO & ODP
33431,Division Z,Group O Bank, Nursing HCSW ODO & ODP
68228,Division Z,Group O Bank, Nursing HCSW ODO & ODP
59876,Division Z,Group O Bank, Nursing HCSW ODO & ODP
58839,Division Z,Group O Bank, Nursing HCSW ODO & ODP
60944,Division Z,Group O Bank, Nursing HCSW ODO & ODP
47642,Division Z,Group O Bank, Nursing HCSW ODO & ODP
62753,Division Z,Group O Bank, Nursing HCSW ODO & ODP
77241,Division Z,Group O Bank, Nursing HCSW ODO & ODP
33610,Division Z,Group O Bank, Nursing HCSW ODO & ODP
59970,Division Z,Group O Bank, Nursing HCSW ODO & ODP
33619,Division Z,Group O Bank, Nursing HCSW ODO & ODP
47692,Division Z,1B, Nursing HCSW ODO & ODP
47736,Division Z,Group O Bank, Nursing HCSW ODO & ODP
47760,Division Z,Group O Bank, Nursing HCSW ODO & ODP
57629,Division Z,Group O Bank, Nursing HCSW ODO & ODP
33769,Division Z,Group O Bank, Nursing HCSW ODO & ODP
68509,Division Z,Group O Bank, Nursing HCSW ODO & ODP
33842,Division Z,Group O Bank, Nursing HCSW ODO & ODP
68798,Division Z,Group O Bank, Nursing HCSW ODO & ODP
72204,Division Z,Group O Bank, Nursing HCSW ODO & ODP
58335,Division Z,Group O Bank, Nursing HCSW ODO & ODP
63214,Division Z,Group O Bank, Nursing HCSW ODO & ODP
47850,Division Z,Group O Bank, Nursing HCSW ODO & ODP
59005,Division Z,Group O Bank, Nursing HCSW ODO & ODP
47867,Division Z,Group O Bank, Nursing HCSW ODO & ODP
33920,Division Z,Group O Bank, Nursing HCSW ODO & ODP
66722,Division Z,Group O Bank, Nursing HCSW ODO & ODP
47879,Division Z,Group O Bank, Nursing HCSW ODO & ODP
62353,Division Z,Group O Bank, Nursing HCSW ODO & ODP
57683,Division Z,Group O Bank, Nursing HCSW ODO & ODP
59559,Division Z,Group O Bank, Nursing HCSW ODO & ODP
31851,Division Z,Group O Bank, Nursing HCSW ODO & ODP
69256,Division Z,Group O Bank, Nursing HCSW ODO & ODP
59082,Division Z,, Nursing HCSW ODO & ODP
34194,Division Z,Group O Bank, Nursing HCSW ODO & ODP
48039,Division Z,Group O Bank, Nursing HCSW ODO & ODP
45602,Division Z,Group O Bank, Nursing HCSW ODO & ODP
54681,Division Z,Group O Bank, Nursing HCSW ODO & ODP
74478,Division Z,Group O Bank, Nursing HCSW ODO & ODP
66336,Division Z,Group O Bank, Nursing HCSW ODO & ODP
62016,Division Z,Group O Bank, Nursing HCSW ODO & ODP
66723,Division Z,Group O Bank, Nursing HCSW ODO & ODP
34295,Division Z,3B, Nursing HCSW ODO & ODP
72207,Division Z,Group O Bank, Nursing HCSW ODO & ODP
72208,Division Z,Group O Bank, Nursing HCSW ODO & ODP
34401,Division Z,Group O Bank, Nursing HCSW ODO & ODP
48124,Division Z,Group O Bank, Nursing HCSW ODO & ODP
59526,Division Z,Group O Bank, Nursing HCSW ODO & ODP
71779,Division Z,Group O Bank, Nursing HCSW ODO & ODP
48165,Division Z,Group O Bank, Nursing HCSW ODO & ODP
48166,Division Z,Group O Bank, Nursing HCSW ODO & ODP
59972,Division Z,, Nursing HCSW ODO & ODP
59881,Division Z,Group O Bank, Nursing HCSW ODO & ODP
34742,Division Z,Group O Bank, Nursing HCSW ODO & ODP
34749,Division Z,Group O Bank, Nursing HCSW ODO & ODP
68803,Division Z,Group O Bank, Nursing HCSW ODO & ODP
58798,Division Z,Group O Bank, Nursing HCSW ODO & ODP
48279,Division Z,Group O Bank, Nursing HCSW ODO & ODP
58533,Division Z,Group O Bank, Nursing HCSW ODO & ODP
34947,Division Z,Group O Bank, Nursing HCSW ODO & ODP
71978,Division Z,Group O Bank, Nursing HCSW ODO & ODP
54932,Division Z,Group O Bank, Nursing HCSW ODO & ODP
61036,Division Z,, Nursing HCSW ODO & ODP
57657,Division Z,Group O Bank, Nursing HCSW ODO & ODP
34974,Division Z,Group O Bank, Nursing HCSW ODO & ODP
48377,Division Z,Group O Bank, Nursing HCSW ODO & ODP
63945,Division Z,Group O Bank, Nursing HCSW ODO & ODP
78735,Division Z,Group O Bank, Nursing HCSW ODO & ODP
68966,Division Z,Group O Bank, Nursing HCSW ODO & ODP
72433,Division Z,Group O Bank, Nursing HCSW ODO & ODP
35170,Division Z,Group O Bank, Nursing HCSW ODO & ODP
80517,Division Z,Group O Bank, Nursing HCSW ODO & ODP
71781,Division Z,Group O Bank, Nursing HCSW ODO & ODP
77703,Division Z,Group O Bank, Nursing HCSW ODO & ODP
48575,Division Z,Group O Bank, Nursing HCSW ODO & ODP
65167,Division Z,Group O Bank, Nursing HCSW ODO & ODP
48602,Division Z,Group O Bank, Nursing HCSW ODO & ODP
58465,Division Z,Group O Bank, Nursing HCSW ODO & ODP
59975,Division Z,, Nursing HCSW ODO & ODP
68513,Division Z,Group O Bank, Nursing HCSW ODO & ODP
68237,Division Z,Group O Bank, Nursing HCSW ODO & ODP
60061,Division Z,Group O Bank, Nursing HCSW ODO & ODP
35366,Division Z,Group O Bank, Nursing HCSW ODO & ODP
74552,Division Z,Group O Bank, Nursing HCSW ODO & ODP
58468,Division Z,Group O Bank, Nursing HCSW ODO & ODP
48724,Division Z,Group O Bank, Nursing HCSW ODO & ODP
62023,Division Z,Group O Bank, Nursing HCSW ODO & ODP
35463,Division Z,Group O Bank, Nursing HCSW ODO & ODP
66431,Division Z,Group O Bank, Nursing HCSW ODO & ODP
48781,Division Z,Group O Bank, Nursing HCSW ODO & ODP
59804,Division Z,Group O Bank, Nursing HCSW ODO & ODP
79035,Division Z,Group O Bank, Nursing HCSW ODO & ODP
35521,Division Z,Group O Bank, Nursing HCSW ODO & ODP
71984,Division Z,Group O Bank, Nursing HCSW ODO & ODP
35560,Division Z,Group O Bank, Nursing HCSW ODO & ODP
68335,Division Z,Group O Bank, Nursing HCSW ODO & ODP
35642,Division Z,Group O Bank, Nursing HCSW ODO & ODP
48887,Division Z,Group O Bank, Nursing HCSW ODO & ODP
45979,Division Z,Group O Bank, Nursing HCSW ODO & ODP
65864,Division Z,Group O Bank, Nursing HCSW ODO & ODP
78744,Division Z,Group O Bank, Nursing HCSW ODO & ODP
35737,Division Z,Group O Bank, Nursing HCSW ODO & ODP
65641,Division Z,Group O Bank, Nursing HCSW ODO & ODP
59982,Division Z,Group O Bank, Nursing HCSW ODO & ODP
59755,Division Z,Group O Bank, Nursing HCSW ODO & ODP
59566,Division Z,Group O Bank, Nursing HCSW ODO & ODP
35820,Division Z,Group O Bank, Nursing HCSW ODO & ODP
48957,Division Z,Group O Bank, Nursing HCSW ODO & ODP
35833,Division Z,Group O Bank, Nursing HCSW ODO & ODP
68818,Division Z,Group O Bank, Nursing HCSW ODO & ODP
73374,Division Z,Group O Bank, Nursing HCSW ODO & ODP
65418,Division Z,Group O Bank, Nursing HCSW ODO & ODP
79155,Division Z,Group O Bank, Nursing HCSW ODO & ODP
57867,Division Z,, Nursing HCSW ODO & ODP
66383,Division Z,Group O Bank, Nursing HCSW ODO & ODP
36035,Division Z,Group O Bank, Nursing HCSW ODO & ODP
49068,Division Z,Group O Bank, Nursing HCSW ODO & ODP
68244,Division Z,Group O Bank, Nursing HCSW ODO & ODP
62941,Division Z,Group O Bank, Nursing HCSW ODO & ODP
59889,Division Z,Group O Bank, Nursing HCSW ODO & ODP
36067,Division Z,Group O Bank, Nursing HCSW ODO & ODP
57690,Division Z,Group O Bank, Nursing HCSW ODO & ODP
57439,Division Z,Group O Bank, Nursing HCSW ODO & ODP
49138,Division Z,5B, Nursing HCSW ODO & ODP
73639,Division Z,Group O Bank, Nursing HCSW ODO & ODP
59632,Division Z,Group O Bank, Nursing HCSW ODO & ODP
57852,Division Z,Group O Bank, Nursing HCSW ODO & ODP
59272,Division Z,Group O Bank, Nursing HCSW ODO & ODP
57860,Division Z,Group O Bank, Nursing HCSW ODO & ODP
36224,Division Z,Group O Bank, Nursing HCSW ODO & ODP
67134,Division Z,Group O Bank, Nursing HCSW ODO & ODP
57935,Division Z,Group O Bank, Nursing HCSW ODO & ODP
57687,Division Z,Group O Bank, Nursing HCSW ODO & ODP
49214,Division Z,Group O Bank, Nursing HCSW ODO & ODP
36272,Division Z,Group O Bank, Nursing HCSW ODO & ODP
71879,Division Z,Group O Bank, Nursing HCSW ODO & ODP
76441,Division Z,Group O Bank, Nursing HCSW ODO & ODP
58538,Division Z,Group O Bank, Nursing HCSW ODO & ODP
49276,Division Z,Group O Bank, Nursing HCSW ODO & ODP
49291,Division Z,Group O Bank, Nursing HCSW ODO & ODP
49304,Division Z,Group O Bank, Nursing HCSW ODO & ODP
36412,Division Z,Group O Bank, Nursing HCSW ODO & ODP
36450,Division Z,Group O Bank, Nursing HCSW ODO & ODP
61534,Division Z,Group O Bank, Nursing HCSW ODO & ODP
59810,Division Z,Group O Bank, Nursing HCSW ODO & ODP
36533,Division Z,Group O Bank, Nursing HCSW ODO & ODP
36538,Division Z,Group O Bank, Nursing HCSW ODO & ODP
70732,Division Z,Group O Bank, Nursing HCSW ODO & ODP
49401,Division Z,Group O Bank, Nursing HCSW ODO & ODP
49404,Division Z,Group O Bank, Nursing HCSW ODO & ODP
69904,Division Z,Group O Bank, Nursing HCSW ODO & ODP
58300,Division Z,Group O Bank, Nursing HCSW ODO & ODP
57674,Division Z,Group O Bank, Nursing HCSW ODO & ODP
49444,Division Z,Group O Bank, Nursing HCSW ODO & ODP
58841,Division Z,Group O Bank, Nursing HCSW ODO & ODP
49468,Division Z,Group O Bank, Nursing HCSW ODO & ODP
36704,Division Z,Group O Bank, Nursing HCSW ODO & ODP
58302,Division Z,Group O Bank, Nursing HCSW ODO & ODP
59581,Division Z,Group O Bank, Nursing HCSW ODO & ODP
74459,Division Z,Group O Bank, Nursing HCSW ODO & ODP
62479,Division Z,Group O Bank, Nursing HCSW ODO & ODP
36957,Division Z,Group O Bank, Nursing HCSW ODO & ODP
36955,Division Z,Group O Bank, Nursing HCSW ODO & ODP
74565,Division Z,Group O Bank, Nursing HCSW ODO & ODP
68449,Division Z,Group O Bank, Nursing HCSW ODO & ODP
59186,Division Z,, Nursing HCSW ODO & ODP
77966,Division Z,Group O Bank, Nursing HCSW ODO & ODP
37056,Division Z,Group O Bank, Nursing HCSW ODO & ODP
63597,Division Z,Group O Bank, Nursing HCSW ODO & ODP
72231,Division Z,Group O Bank, Nursing HCSW ODO & ODP
69411,Division Z,Group O Bank, Nursing HCSW ODO & ODP
78276,Division Z,Group O Bank, Nursing HCSW ODO & ODP
62776,Division Z,Group O Bank, Nursing HCSW ODO & ODP
60074,Division Z,, Nursing HCSW ODO & ODP
67485,Division Z,Group O Bank, Nursing HCSW ODO & ODP
59817,Division Z,Group O Bank, Nursing HCSW ODO & ODP
71786,Division Z,Group O Bank, Nursing HCSW ODO & ODP
58905,Division Z,Group O Bank, Nursing HCSW ODO & ODP
58970,Division Z,Group O Bank, Nursing HCSW ODO & ODP
59708,Division Z,Group O Bank, Nursing HCSW ODO & ODP
74568,Division Z,Group O Bank, Nursing HCSW ODO & ODP
37247,Division Z,Group O Bank, Nursing HCSW ODO & ODP
62377,Division Z,Group O Bank, Nursing HCSW ODO & ODP
49835,Division Z,Group O Bank, Nursing HCSW ODO & ODP
37373,Division Z,Group O Bank, Nursing HCSW ODO & ODP
37387,Division Z,Group O Bank, Nursing HCSW ODO & ODP
49868,Division Z,Group O Bank, Nursing HCSW ODO & ODP
66953,Division Z,Group O Bank, Nursing HCSW ODO & ODP
37527,Division Z,Group O Bank, Nursing HCSW ODO & ODP
49879,Division Z,Group O Bank, Nursing HCSW ODO & ODP
37581,Division Z,Group O Bank, Nursing HCSW ODO & ODP
60076,Division Z,Group O Bank, Nursing HCSW ODO & ODP
37641,Division Z,Group O Bank, Nursing HCSW ODO & ODP
59819,Division Z,, Nursing HCSW ODO & ODP
73382,Division Z,Group O Bank, Nursing HCSW ODO & ODP
50082,Division Z,Group O Bank, Nursing HCSW ODO & ODP
50097,Division Z,Group O Bank, Nursing HCSW ODO & ODP
67137,Division Z,Group O Bank, Nursing HCSW ODO & ODP
59346,Division Z,Group O Bank, Nursing HCSW ODO & ODP
50138,Division Z,Group O Bank, Nursing HCSW ODO & ODP
71243,Division Z,Group O Bank, Nursing HCSW ODO & ODP
37999,Division Z,Group O Bank, Nursing HCSW ODO & ODP
50177,Division Z,Group O Bank, Nursing HCSW ODO & ODP
59198,Division Z,Group O Bank, Nursing HCSW ODO & ODP
65177,Division Z,Group O Bank, Nursing HCSW ODO & ODP
38056,Division Z,Group O Bank, Nursing HCSW ODO & ODP
50217,Division Z,Group O Bank, Nursing HCSW ODO & ODP
38080,Division Z,Group O Bank, Nursing HCSW ODO & ODP
50251,Division Z,Group O Bank, Nursing HCSW ODO & ODP
38110,Division Z,Group O Bank, Nursing HCSW ODO & ODP
50259,Division Z,Group O Bank, Nursing HCSW ODO & ODP
62448,Division Z,Group O Bank, Nursing HCSW ODO & ODP
72450,Division Z,Group O Bank, Nursing HCSW ODO & ODP
38177,Division Z,Group O Bank, Nursing HCSW ODO & ODP
38193,Division Z,Group O Bank, Nursing HCSW ODO & ODP
66449,Division Z,Group O Bank, Nursing HCSW ODO & ODP
50311,Division Z,Group O Bank, Nursing HCSW ODO & ODP
78768,Division Z,Group O Bank, Nursing HCSW ODO & ODP
55649,Division Z,Group O Bank, Nursing HCSW ODO & ODP
72336,Division Z,Group O Bank, Nursing HCSW ODO & ODP
64326,Division Z,Group O Bank, Nursing HCSW ODO & ODP
63601,Division Z,Group O Bank, Nursing HCSW ODO & ODP
50354,Division Z,Group O Bank, Nursing HCSW ODO & ODP
50359,Division Z,Group O Bank, Nursing HCSW ODO & ODP
38321,Division Z,Group O Bank, Nursing HCSW ODO & ODP
38330,Division Z,Group O Bank, Nursing HCSW ODO & ODP
50382,Division Z,Group O Bank, Nursing HCSW ODO & ODP
67351,Division Z,Group O Bank, Nursing HCSW ODO & ODP
38379,Division Z,Group O Bank, Nursing HCSW ODO & ODP
38393,Division Z,Group O Bank, Nursing HCSW ODO & ODP
38412,Division Z,Group O Bank, Nursing HCSW ODO & ODP
73180,Division Z,Group O Bank, Nursing HCSW ODO & ODP
60968,Division Z,, Nursing HCSW ODO & ODP
50449,Division Z,Group O Bank, Nursing HCSW ODO & ODP
38502,Division Z,Group O Bank, Nursing HCSW ODO & ODP
62953,Division Z,Group O Bank, Nursing HCSW ODO & ODP
72452,Division Z,Group O Bank, Nursing HCSW ODO & ODP
68010,Division Z,Group O Bank, Nursing HCSW ODO & ODP
66207,Division Z,Group O Bank, Nursing HCSW ODO & ODP
50488,Division Z,1B, Nursing HCSW ODO & ODP
60119,Division Z,Group O Bank, Nursing HCSW ODO & ODP
57836,Division Z,Group O Bank, Nursing HCSW ODO & ODP
50519,Division Z,Group O Bank, Nursing HCSW ODO & ODP
72949,Division Z,Group O Bank, Nursing HCSW ODO & ODP
59749,Division Z,Group O Bank, Nursing HCSW ODO & ODP
50538,Division Z,Group O Bank, Nursing HCSW ODO & ODP
73181,Division Z,Group O Bank, Nursing HCSW ODO & ODP
38627,Division Z,Group O Bank, Nursing HCSW ODO & ODP
38650,Division Z,Group O Bank, Nursing HCSW ODO & ODP
73529,Division Z,Group O Bank, Nursing HCSW ODO & ODP
50624,Division Z,Group O Bank, Nursing HCSW ODO & ODP
57721,Division Z,Group O Bank, Nursing HCSW ODO & ODP
79979,Division Z,Group O Bank, Nursing HCSW ODO & ODP
69176,Division Z,Group O Bank, Nursing HCSW ODO & ODP
59063,Division Z,Group O Bank, Nursing HCSW ODO & ODP
38838,Division Z,Group O Bank, Nursing HCSW ODO & ODP
69796,Division Z,Group O Bank, Nursing HCSW ODO & ODP
50712,Division Z,Group O Bank, Nursing HCSW ODO & ODP
50715,Division Z,3B, Nursing HCSW ODO & ODP
38865,Division Z,Group O Bank, Nursing HCSW ODO & ODP
50724,Division Z,Group O Bank, Nursing HCSW ODO & ODP
38899,Division Z,Group O Bank, Nursing HCSW ODO & ODP
59029,Division Z,Group O Bank, Nursing HCSW ODO & ODP
50767,Division Z,Group O Bank, Nursing HCSW ODO & ODP
50827,Division Z,Group O Bank, Nursing HCSW ODO & ODP
39127,Division Z,Group O Bank, Nursing HCSW ODO & ODP
58321,Division Z,, Nursing HCSW ODO & ODP
50915,Division Z,2B, Nursing HCSW ODO & ODP
62988,Division Z,, Nursing HCSW ODO & ODP
39177,Division Z,Group O Bank, Nursing HCSW ODO & ODP
78926,Division Z,Group O Bank, Nursing HCSW ODO & ODP
55780,Division Z,Group O Bank, Nursing HCSW ODO & ODP
74661,Division Z,Group O Bank, Nursing HCSW ODO & ODP
58178,Division Z,Group O Bank, Nursing HCSW ODO & ODP
60970,Division Z,Group O Bank, Nursing HCSW ODO & ODP
39274,Division Z,Group O Bank, Nursing HCSW ODO & ODP
39282,Division Z,Group O Bank, Nursing HCSW ODO & ODP
73650,Division Z,Group O Bank, Nursing HCSW ODO & ODP
59576,Division Z,Group O Bank, Nursing HCSW ODO & ODP
66540,Division Z,Group O Bank, Nursing HCSW ODO & ODP
62962,Division Z,Group O Bank, Nursing HCSW ODO & ODP
71255,Division Z,Group O Bank, Nursing HCSW ODO & ODP
59823,Division Z,Group O Bank, Nursing HCSW ODO & ODP
51111,Division Z,Group O Bank, Nursing HCSW ODO & ODP
59722,Division Z,, Nursing HCSW ODO & ODP
58262,Division Z,Group O Bank, Nursing HCSW ODO & ODP
51200,Division Z,Group O Bank, Nursing HCSW ODO & ODP
62963,Division Z,Group O Bank, Nursing HCSW ODO & ODP
51213,Division Z,Group O Bank, Nursing HCSW ODO & ODP
39579,Division Z,Group O Bank, Nursing HCSW ODO & ODP
77277,Division Z,Group O Bank, Nursing HCSW ODO & ODP
73186,Division Z,Group O Bank, Nursing HCSW ODO & ODP
78356,Division Z,Group O Bank, Nursing HCSW ODO & ODP
39686,Division Z,Group O Bank, Nursing HCSW ODO & ODP
39690,Division Z,Group O Bank, Nursing HCSW ODO & ODP
39733,Division Z,Group O Bank, Nursing HCSW ODO & ODP
64631,Division Z,Group O Bank, Nursing HCSW ODO & ODP
39751,Division Z,Group O Bank, Nursing HCSW ODO & ODP
77800,Division Z,Group O Bank, Nursing HCSW ODO & ODP
37771,Division Z,Group O Bank, Nursing HCSW ODO & ODP
39784,Division Z,Group O Bank, Nursing HCSW ODO & ODP
51326,Division Z,Group O Bank, Nursing HCSW ODO & ODP
68263,Division Z,Group O Bank, Nursing HCSW ODO & ODP
58461,Division Z,Group O Bank, Nursing HCSW ODO & ODP
51382,Division Z,3A, Nursing HCSW ODO & ODP
51383,Division Z,Group O Bank, Nursing HCSW ODO & ODP
77986,Division Z,Group O Bank, Nursing HCSW ODO & ODP
51401,Division Z,Group O Bank, Nursing HCSW ODO & ODP
59908,Division Z,Group O Bank, Nursing HCSW ODO & ODP
51432,Division Z,Group O Bank, Nursing HCSW ODO & ODP
66651,Division Z,Group O Bank, Nursing HCSW ODO & ODP
58842,Division Z,Group O Bank, Nursing HCSW ODO & ODP
51439,Division Z,Group O Bank, Nursing HCSW ODO & ODP
74266,Division Z,Group O Bank, Nursing HCSW ODO & ODP
51502,Division Z,Group O Bank, Nursing HCSW ODO & ODP
40198,Division Z,Group O Bank, Nursing HCSW ODO & ODP
51554,Division Z,Group O Bank, Nursing HCSW ODO & ODP
40260,Division Z,Group O Bank, Nursing HCSW ODO & ODP
56101,Division Z,Group O Bank, Nursing HCSW ODO & ODP
66335,Division Z,Group O Bank, Nursing HCSW ODO & ODP
40367,Division Z,Group O Bank, Nursing HCSW ODO & ODP
40369,Division Z,Group O Bank, Nursing HCSW ODO & ODP
80566,Division Z,Group O Bank, Nursing HCSW ODO & ODP
56146,Division Z,Group O Bank, Nursing HCSW ODO & ODP
72668,Division Z,Group O Bank, Nursing HCSW ODO & ODP
40454,Division Z,Group O Bank, Nursing HCSW ODO & ODP
51648,Division Z,Group O Bank, Nursing HCSW ODO & ODP
59911,Division Z,Group O Bank, Nursing HCSW ODO & ODP
40500,Division Z,Group O Bank, Nursing HCSW ODO & ODP
51692,Division Z,Group O Bank, Nursing HCSW ODO & ODP
51697,Division Z,Group O Bank, Nursing HCSW ODO & ODP
65329,Division Z,Group O Bank, Nursing HCSW ODO & ODP
72567,Division Z,Group O Bank, Nursing HCSW ODO & ODP
40549,Division Z,Group O Bank, Nursing HCSW ODO & ODP
40583,Division Z,Group O Bank, Nursing HCSW ODO & ODP
51770,Division Z,Group O Bank, Nursing HCSW ODO & ODP
51773,Division Z,Group O Bank, Nursing HCSW ODO & ODP
51775,Division Z,Group O Bank, Nursing HCSW ODO & ODP
51793,Division Z,Group O Bank, Nursing HCSW ODO & ODP
68877,Division Z,Group O Bank, Nursing HCSW ODO & ODP
51842,Division Z,Group O Bank, Nursing HCSW ODO & ODP
76480,Division Z,Group O Bank, Nursing HCSW ODO & ODP
40834,Division Z,Group O Bank, Nursing HCSW ODO & ODP
58463,Division Z,Group O Bank, Nursing HCSW ODO & ODP
58966,Division Z,Group O Bank, Nursing HCSW ODO & ODP
61525,Division Z,, Nursing HCSW ODO & ODP
51963,Division Z,Group O Bank, Nursing HCSW ODO & ODP
67363,Division Z,Group O Bank, Nursing HCSW ODO & ODP
62469,Division Z,Group O Bank, Nursing HCSW ODO & ODP
62505,Division Z,Group O Bank, Nursing HCSW ODO & ODP
61514,Division Z,Group O Bank, Nursing HCSW ODO & ODP
69944,Division Z,Group O Bank, Nursing HCSW ODO & ODP
80200,Division Z,Group O Bank, Nursing HCSW ODO & ODP
65962,Division Z,Group O Bank, Nursing HCSW ODO & ODP
41120,Division Z,Group O Bank, Nursing HCSW ODO & ODP
56374,Division Z,Group O Bank, Nursing HCSW ODO & ODP
41202,Division Z,Group O Bank, Nursing HCSW ODO & ODP
79070,Division Z,Group O Bank, Nursing HCSW ODO & ODP
41347,Division Z,Group O Bank, Nursing HCSW ODO & ODP
52118,Division Z,Group O Bank, Nursing HCSW ODO & ODP
52120,Division Z,Group O Bank, Nursing HCSW ODO & ODP
65199,Division Z,Group O Bank, Nursing HCSW ODO & ODP
46664,Division Z,Group O Bank, Nursing HCSW ODO & ODP
58193,Division Z,Group O Bank, Nursing HCSW ODO & ODP
65447,Division Z,, Nursing HCSW ODO & ODP
41487,Division Z,Group O Bank, Nursing HCSW ODO & ODP
41505,Division Z,Group O Bank, Nursing HCSW ODO & ODP
57526,Division Z,, Nursing HCSW ODO & ODP
41539,Division Z,Group O Bank, Nursing HCSW ODO & ODP
67365,Division Z,Group O Bank, Nursing HCSW ODO & ODP
67366,Division Z,Group O Bank, Nursing HCSW ODO & ODP
52239,Division Z,Group O Bank, Nursing HCSW ODO & ODP
78010,Division Z,Group O Bank, Nursing HCSW ODO & ODP
52242,Division Z,Group O Bank, Nursing HCSW ODO & ODP
56577,Division Z,Group O Bank, Nursing HCSW ODO & ODP
41665,Division Z,Group O Bank, Nursing HCSW ODO & ODP
72384,Division Z,Group O Bank, Nursing HCSW ODO & ODP
77289,Division Z,Group O Bank, Nursing HCSW ODO & ODP
41694,Division Z,Group O Bank, Nursing HCSW ODO & ODP
66437,Division Z,Group O Bank, Nursing HCSW ODO & ODP
52320,Division Z,Group O Bank, Nursing HCSW ODO & ODP
59563,Division Z,Group O Bank, Nursing HCSW ODO & ODP
41761,Division Z,5A, Nursing HCSW ODO & ODP
52336,Division Z,Group O Bank, Nursing HCSW ODO & ODP
64639,Division Z,Group O Bank, Nursing HCSW ODO & ODP
78809,Division Z,Group O Bank, Nursing HCSW ODO & ODP
46332,Division Z,Group O Bank, Nursing HCSW ODO & ODP
52364,Division Z,Group O Bank, Nursing HCSW ODO & ODP
78943,Division Z,Group O Bank, Nursing HCSW ODO & ODP
52388,Division Z,Group O Bank, Nursing HCSW ODO & ODP
52391,Division Z,Group O Bank, Nursing HCSW ODO & ODP
41997,Division Z,Group O Bank, Nursing HCSW ODO & ODP
52404,Division Z,Group O Bank, Nursing HCSW ODO & ODP
63009,Division Z,Group O Bank, Nursing HCSW ODO & ODP
52418,Division Z,Group O Bank, Nursing HCSW ODO & ODP
42038,Division Z,Group O Bank, Nursing HCSW ODO & ODP
42084,Division Z,Group O Bank, Nursing HCSW ODO & ODP
42093,Division Z,Group O Bank, Nursing HCSW ODO & ODP
52465,Division Z,Group O Bank, Nursing HCSW ODO & ODP
65202,Division Z,Group O Bank, Nursing HCSW ODO & ODP
42130,Division Z,Group O Bank, Nursing HCSW ODO & ODP
77293,Division Z,Group O Bank, Nursing HCSW ODO & ODP
42172,Division Z,Group O Bank, Nursing HCSW ODO & ODP
60101,Division Z,Group O Bank, Nursing HCSW ODO & ODP
66549,Division Z,Group O Bank, Nursing HCSW ODO & ODP
42265,Division Z,Group O Bank, Nursing HCSW ODO & ODP
73404,Division Z,Group O Bank, Nursing HCSW ODO & ODP
42273,Division Z,Group O Bank, Nursing HCSW ODO & ODP
67241,Division Z,Group O Bank, Nursing HCSW ODO & ODP
27999,Division Z,Group O Bank, Nursing HCSW ODO & ODP
76214,Division Z,Group O Bank, Nursing HCSW ODO & ODP
73406,Division Z,Group O Bank, Nursing HCSW ODO & ODP
77530,Division Z,Group O Bank, Nursing HCSW ODO & ODP
72816,Division Z,Group O Bank, Nursing HCSW ODO & ODP
60104,Division Z,Group O Bank, Nursing HCSW ODO & ODP
52699,Division Z,1A, Nursing HCSW ODO & ODP
79076,Division Z,Group O Bank, Nursing HCSW ODO & ODP
64786,Division Z,Group O Bank, Nursing HCSW ODO & ODP
75185,Division Z,Group O Bank, Nursing HCSW ODO & ODP
56820,Division Z,Group O Bank, Nursing HCSW ODO & ODP
52710,Division Z,Group O Bank, Nursing HCSW ODO & ODP
71910,Division Z,Group O Bank, Nursing HCSW ODO & ODP
58400,Division Z,Group O Bank, Nursing HCSW ODO & ODP
67157,Division Z,Group O Bank, Nursing HCSW ODO & ODP
42547,Division Z,Group O Bank, Nursing HCSW ODO & ODP
58840,Division Z,Group O Bank, Nursing HCSW ODO & ODP
59757,Division Z,Group O Bank, Nursing HCSW ODO & ODP
77299,Division Z,Group O Bank, Nursing HCSW ODO & ODP
78823,Division Z,Group O Bank, Nursing HCSW ODO & ODP
63490,Division Z,Group O Bank, Nursing HCSW ODO & ODP
52760,Division Z,Group O Bank, Nursing HCSW ODO & ODP
58974,Division Z,Group O Bank, Nursing HCSW ODO & ODP
77411,Division Z,Group O Bank, Nursing HCSW ODO & ODP
52831,Division Z,Group O Bank, Nursing HCSW ODO & ODP
58210,Division Z,Group O Bank, Nursing HCSW ODO & ODP
71912,Division Z,Group O Bank, Nursing HCSW ODO & ODP
42685,Division Z,Group O Bank, Nursing HCSW ODO & ODP
59008,Division Z,Group O Bank, Nursing HCSW ODO & ODP
52849,Division Z,Group O Bank, Nursing HCSW ODO & ODP
52852,Division Z,Group O Bank, Nursing HCSW ODO & ODP
66451,Division Z,Group O Bank, Nursing HCSW ODO & ODP
64726,Division Z,Group O Bank, Nursing HCSW ODO & ODP
42745,Division Z,Group O Bank, Nursing HCSW ODO & ODP
52901,Division Z,Group O Bank, Nursing HCSW ODO & ODP
66749,Division Z,Group O Bank, Nursing HCSW ODO & ODP
52907,Division Z,Group O Bank, Nursing HCSW ODO & ODP
52908,Division Z,Group O Bank, Nursing HCSW ODO & ODP
66301,Division Z,Group O Bank, Nursing HCSW ODO & ODP
42810,Division Z,Group O Bank, Nursing HCSW ODO & ODP
56871,Division Z,Group O Bank, Nursing HCSW ODO & ODP
66813,Division Z,Group O Bank, Nursing HCSW ODO & ODP
68378,Division Z,Group O Bank, Nursing HCSW ODO & ODP
42885,Division Z,Group O Bank, Nursing HCSW ODO & ODP
42951,Division Z,Group O Bank, Nursing HCSW ODO & ODP
43001,Division Z,Group O Bank, Nursing HCSW ODO & ODP
53085,Division Z,Group O Bank, Nursing HCSW ODO & ODP
53100,Division Z,Group O Bank, Nursing HCSW ODO & ODP
62981,Division Z,Group O Bank, Nursing HCSW ODO & ODP
72889,Division Z,Group O Bank, Nursing HCSW ODO & ODP
43100,Division Z,Group O Bank, Nursing HCSW ODO & ODP
71916,Division Z,Group O Bank, Nursing HCSW ODO & ODP
43154,Division Z,Group O Bank, Nursing HCSW ODO & ODP
71287,Division Z,Group O Bank, Nursing HCSW ODO & ODP
58912,Division Z,Group O Bank, Nursing HCSW ODO & ODP
65870,Division Z,Group O Bank, Nursing HCSW ODO & ODP
43247,Division Z,Group O Bank, Nursing HCSW ODO & ODP
53209,Division Z,Group O Bank, Nursing HCSW ODO & ODP
77734,Division Z,Group O Bank, Nursing HCSW ODO & ODP
79439,Division Z,Group O Bank, Nursing HCSW ODO & ODP
58404,Division Z,Group O Bank, Nursing HCSW ODO & ODP
53270,Division Z,Group O Bank, Nursing HCSW ODO & ODP
43356,Division Z,Group O Bank, Nursing HCSW ODO & ODP
65460,Division Z,Group O Bank, Nursing HCSW ODO & ODP
43387,Division Z,Group O Bank, Nursing HCSW ODO & ODP
43391,Division Z,Group O Bank, Nursing HCSW ODO & ODP
68901,Division Z,Group O Bank, Nursing HCSW ODO & ODP
43419,Division Z,Group O Bank, Nursing HCSW ODO & ODP
43451,Division Z,Group O Bank, Nursing HCSW ODO & ODP
79652,Division Z,Group O Bank, Nursing HCSW ODO & ODP
74036,Division Z,Group O Bank, Nursing HCSW ODO & ODP
59497,Division Z,Group O Bank, Nursing HCSW ODO & ODP
57844,Division Z,Group O Bank, Nursing HCSW ODO & ODP
66641,Division Z,Group O Bank, Nursing HCSW ODO & ODP
59761,Division Z,Group O Bank, Nursing HCSW ODO & ODP
53403,Division Z,Group O Bank, Nursing HCSW ODO & ODP
43699,Division Z,Group O Bank, Nursing HCSW ODO & ODP
77606,Division Z,Group O Bank, Nursing HCSW ODO & ODP
43765,Division Z,Group O Bank, Nursing HCSW ODO & ODP
63631,Division Z,Group O Bank, Nursing HCSW ODO & ODP
68488,Division Z,Group O Bank, Nursing HCSW ODO & ODP
53553,Division Z,Group O Bank, Nursing HCSW ODO & ODP
53589,Division Z,Group O Bank, Nursing HCSW ODO & ODP
53597,Division Z,Group O Bank, Nursing HCSW ODO & ODP
72275,Division Z,Group O Bank, Nursing HCSW ODO & ODP
43920,Division Z,Group O Bank, Nursing HCSW ODO & ODP
65645,Division Z,Group O Bank, Nursing HCSW ODO & ODP
59686,Division Z,Group O Bank, Nursing HCSW ODO & ODP
59535,Division Z,Group O Bank, Nursing HCSW ODO & ODP
53652,Division Z,Group O Bank, Nursing HCSW ODO & ODP
44055,Division Z,Group O Bank, Nursing HCSW ODO & ODP
74050,Division Z,Group O Bank, Nursing HCSW ODO & ODP
57720,Division Z,Group O Bank, Nursing HCSW ODO & ODP
44132,Division Z,Group O Bank, Nursing HCSW ODO & ODP
58224,Division Z,Group O Bank, Nursing HCSW ODO & ODP
53726,Division Z,Group O Bank, Nursing HCSW ODO & ODP
53754,Division Z,Group O Bank, Nursing HCSW ODO & ODP
57183,Division Z,Group O Bank, Nursing HCSW ODO & ODP
79749,Division Z,Group O Bank, Nursing HCSW ODO & ODP
74663,Division Z,Group O Bank, Nursing HCSW ODO & ODP
44222,Division Z,Group O Bank, Nursing HCSW ODO & ODP
65466,Division Z,, Nursing HCSW ODO & ODP
44268,Division Z,Group O Bank, Nursing HCSW ODO & ODP
72585,Division Z,Group O Bank, Nursing HCSW ODO & ODP
44278,Division Z,Group O Bank, Nursing HCSW ODO & ODP
69491,Division Z,Group O Bank, Nursing HCSW ODO & ODP
57219,Division Z,Group O Bank, Nursing HCSW ODO & ODP
78239,Division Z,Group O Bank, Nursing HCSW ODO & ODP
53838,Division Z,Group O Bank, Nursing HCSW ODO & ODP
59659,Division Z,Group O Bank, Nursing HCSW ODO & ODP
68909,Division Z,Group O Bank, Nursing HCSW ODO & ODP
53868,Division Z,Group O Bank, Nursing HCSW ODO & ODP
72901,Division Z,Group O Bank, Nursing HCSW ODO & ODP
44443,Division Z,Group O Bank, Nursing HCSW ODO & ODP
74520,Division Z,Group O Bank, Nursing HCSW ODO & ODP
65549,Division Z,Group O Bank, Nursing HCSW ODO & ODP
63385,Division Z,Group O Bank, Nursing HCSW ODO & ODP
44951,Division Z,Group O Bank, Nursing HCSW ODO & ODP
76046,Division Z,Group O Bank, Nursing HCSW ODO & ODP
53963,Division Z,Group O Bank, Nursing HCSW ODO & ODP
59762,Division Z,, Nursing HCSW ODO & ODP
70231,Division Z,Group O Bank, Nursing HCSW ODO & ODP
53982,Division Z,Group O Bank, Nursing HCSW ODO & ODP
61181,Division Z,Group O Bank, Nursing HCSW ODO & ODP
70342,Division Z,Group O Bank, Nursing HCSW ODO & ODP
54038,Division Z,Group O Bank, Nursing HCSW ODO & ODP
72369,Division Z,Group O Bank, Nursing HCSW ODO & ODP
54055,Division Z,Group O Bank, Nursing HCSW ODO & ODP
44698,Division Z,Group O Bank, Nursing HCSW ODO & ODP
54073,Division Z,Group O Bank, Nursing HCSW ODO & ODP
59002,Division Z,Group O Bank, Pharmacy
59006,Division Z,Group O Bank, Pharmacy
61309,Division Z,Group O Bank, Pharmacy
72320,Division Z,Group O Bank, Pharmacy
69361,Division Z,Group O Bank, Pharmacy
58156,Division Z,Group O Bank, Pharmacy
68248,Division Z,Group O Bank, Pharmacy
69159,Division Z,Group O Bank, Pharmacy
58540,Division Z,Group O Bank, Pharmacy
61917,Division Z,Group O Bank, Pharmacy
61921,Division Z,Group O Bank, Pharmacy
62047,Division Z,Group O Bank, Pharmacy
46323,Division Z,Group O Bank, Pharmacy
77410,Division Z,Group O Bank, Pharmacy
59018,Division Z,, Pharmacy
71191,Division Z,Group O Bank, Professional and Technical
70633,Division Z,Group O Bank, Professional and Technical
64330,Division Z,Group O Bank, Professional and Technical
64773,Division Z,Group O Bank, Professional and Technical
70883,Division Z,Group O Bank, Professional and Technical
57826,Division Z,Group O Bank, Professional and Technical
59194,Division Z,Group O Bank, Professional and Technical
70761,Division Z,Group O Bank, Professional and Technical
70142,Division Z,Group O Bank, Professional and Technical
70634,Division Z,Group O Bank, Professional and Technical
65288,Division Z,Group O Bank, Professional and Technical
65290,Division Z,Group O Bank, Professional and Technical
61882,Division Z,Group O Bank, Professional and Technical
47470,Division Z,Group O Bank, Professional and Technical
47691,Division Z,Group O Bank, Professional and Technical
64373,Division Z,Group O Bank, Professional and Technical
64374,Division Z,Group O Bank, Professional and Technical
70906,Division Z,Group O Bank, Professional and Technical
60113,Division Z,Group O Bank, Professional and Technical
65164,Division Z,Group O Bank, Professional and Technical
64772,Division Z,Group O Bank, Professional and Technical
34837,Division Z,Group O Bank, Professional and Technical
65412,Division Z,Group O Bank, Professional and Technical
65300,Division Z,, Professional and Technical
65413,Division Z,Group O Bank, Professional and Technical
71222,Division Z,Group O Bank, Professional and Technical
70635,Division Z,Group O Bank, Professional and Technical
70921,Division Z,Group O Bank, Professional and Technical
35467,Division Z,Group O Bank, Professional and Technical
59635,Division Z,Group O Bank, Professional and Technical
71225,Division Z,Group O Bank, Professional and Technical
64784,Division Z,Group O Bank, Professional and Technical
65422,Division Z,Group O Bank, Professional and Technical
70103,Division Z,Group O Bank, Professional and Technical
81584,Division Z,Group O Bank, Professional and Technical
62867,Division Z,Group O Bank, Professional and Technical
65227,Division Z,Group O Bank, Professional and Technical
55405,Division Z,Group O Bank, Professional and Technical
45171,Division Z,Group O Bank, Professional and Technical
71081,Division Z,Group O Bank, Professional and Technical
70041,Division Z,Group O Bank, Professional and Technical
79051,Division Z,Group O Bank, Professional and Technical
62787,Division Z,Group O Bank, Professional and Technical
45048,Division Z,Group O Bank, Professional and Technical
75419,Division Z,, Professional and Technical
57793,Division Z,Group O Bank, Professional and Technical
63098,Division Z,Group O Bank, Professional and Technical
51099,Division Z,Group O Bank, Professional and Technical
68864,Division Z,Group O Bank, Professional and Technical
63105,Division Z,Group O Bank, Professional and Technical
73286,Division Z,Group O Bank, Professional and Technical
64788,Division Z,Group O Bank, Professional and Technical
70762,Division Z,Group O Bank, Professional and Technical
64761,Division Z,Group O Bank, Professional and Technical
56197,Division Z,Group O Bank, Professional and Technical
70980,Division Z,Group O Bank, Professional and Technical
71265,Division Z,Group O Bank, Professional and Technical
65195,Division Z,Group O Bank, Professional and Technical
68687,Division Z,Group O Bank, Professional and Technical
65196,Division Z,Group O Bank, Professional and Technical
58628,Division Z,Group O Bank, Professional and Technical
59118,Division Z,Group O Bank, Professional and Technical
70162,Division Z,Group O Bank, Professional and Technical
70985,Division Z,Group O Bank, Professional and Technical
68603,Division Z,Group O Bank, Professional and Technical
71271,Division Z,Group O Bank, Professional and Technical
65449,Division Z,Group O Bank, Professional and Technical
64719,Division Z,Group O Bank, Professional and Technical
71276,Division Z,Group O Bank, Professional and Technical
56722,Division Z,Group O Bank, Professional and Technical
80352,Division Z,Group O Bank, Professional and Technical
62852,Division Z,Group O Bank, Professional and Technical
71277,Division Z,Group O Bank, Professional and Technical
64723,Division Z,Group O Bank, Professional and Technical
63808,Division Z,Group O Bank, Professional and Technical
64760,Division Z,Group O Bank, Professional and Technical
64505,Division Z,Group O Bank, Professional and Technical
61168,Division Z,Group O Bank, Professional and Technical
64724,Division Z,Group O Bank, Professional and Technical
64725,Division Z,Group O Bank, Professional and Technical
58399,Division Z,, Professional and Technical
71283,Division Z,Group O Bank, Professional and Technical
65455,Division Z,Group O Bank, Professional and Technical
63283,Division Z,Group O Bank, Professional and Technical
64759,Division Z,Group O Bank, Professional and Technical
56896,Division Z,Group O Bank, Professional and Technical
65629,Division Z,Group O Bank, Professional and Technical
70846,Division Z,Group O Bank, Professional and Technical
43220,Division Z,Group O Bank, Professional and Technical
65212,Division Z,, Professional and Technical
70644,Division Z,Group O Bank, Professional and Technical
43394,Division Z,Group O Bank, Professional and Technical
71289,Division Z,Group O Bank, Professional and Technical
74294,Division Z,Group O Bank, Professional and Technical
68537,Division Z,Group O Bank, Professional and Technical
70772,Division Z,Group O Bank, Professional and Technical
72179,Division Z,Group O Bank, Professional and Technical
71293,Division Z,Group O Bank, Professional and Technical
71294,Division Z,Group O Bank, Professional and Technical
60269,Division Z,Group O Bank, Professional and Technical
65216,Division Z,Group O Bank, Professional and Technical
68611,Division Z,Group O Bank, Professional and Technical
65349,Division Z,, Professional and Technical
65035,Division Z,, Professional and Technical
80600,Division Z,Group O Bank, Professional and Technical
57326,Division Z,Group O Bank, Professional and Technical
71019,Division Z,Group O Bank, Professional and Technical
73256,Division Z,Group O Bank, Sexual Health Nursing & HCA
41814,Division Z,Group O Bank, Sexual Health Nursing & HCA
64014,Division Z,Group O Bank,
73746,Division Z,Group O Bank,
81886,Division Z,Group O Honorary,
64015,Division Z,Group O Bank,
58270,Division Z,Group O Honorary,
54140,Division Z,Group O Honorary,
73748,Division Z,Group O Bank,
73713,Division Z,Group O Bank,
73462,Division Z,Group O Bank,
70253,Division Z,Group O Honorary,
64071,Division Z,Group O Bank,
68779,Division Z,Group O Bank,
69384,Division Z,Group O Honorary,
68321,Division Z,Group O Honorary,
75625,Division Z,Group O Bank,
67805,Division Z,Group O Honorary,
62883,Division Z,Group O Bank,
67800,Division Z,Group O Honorary,
65977,Division Z,Group O Honorary,
73755,Division Z,Group O Bank,
73756,Division Z,Group O Bank,
64472,Division Z,Group O Bank,
73468,Division Z,Group O Bank,
73615,Division Z,Group O Honorary,
68419,Division Z,Group O Honorary,
73469,Division Z,Group O Bank,
73470,Division Z,Group O Bank,
73760,Division Z,Group O Bank,
73761,Division Z,Group O Bank,
73720,Division Z,Group O Bank,
73767,Division Z,Group O Bank,
63882,Division Z,Group O Bank,
63990,Division Z,Group O Bank,
58330,Division Z,,
73474,Division Z,Group O Bank,
73479,Division Z,Group O Bank,
73481,Division Z,Group O Bank,
73772,Division Z,Group O Bank,
66839,Division Z,Group O Bank,
64078,Division Z,Group O Bank,
79136,Division Z,Group O Bank,
47422,Division Z,Group O Honorary,
73482,Division Z,Group O Bank,
73776,Division Z,Group O Bank,
73778,Division Z,Group O Bank,
73779,Division Z,Group O Bank,
75763,Division Z,Group O Honorary,
73784,Division Z,Group O Bank,
65487,Division Z,Group O Bank,
64248,Division Z,Group O Bank,
73787,Division Z,Group O Bank,
73485,Division Z,Group O Bank,
68229,Division Z,Group O Bank,
68230,Division Z,Group O Bank,
68231,Division Z,Group O Bank,
63783,Division Z,Group O Honorary,
78302,Division Z,Group O Honorary,
64265,Division Z,Group O Bank,
71060,Division Z,Group O Bank,
64604,Division Z,Group O Honorary,
65012,Division Z,Group O Bank,
73727,Division Z,Group O Bank,
74150,Division Z,Group O Bank,
72176,Division Z,Group O Bank,
65295,Division Z,Group O Honorary,
73704,Division Z,Group O Bank,
73491,Division Z,Group O Bank,
73804,Division Z,Group O Bank,
66840,Division Z,Group O Bank,
73807,Division Z,Group O Bank,
73809,Division Z,Group O Bank,
54750,Division Z,Group O Honorary,
73810,Division Z,Group O Bank,
64282,Division Z,Group O Bank,
69265,Division Z,Group O Bank,
66941,Division Z,Group O Bank,
54826,Division Z,Group O Honorary,
54832,Division Z,Group O Honorary,
73492,Division Z,Group O Bank,
77002,Division Z,Group O Bank,
73631,Division Z,Group O Bank,
73493,Division Z,Group O Bank,
69268,Division Z,Group O Bank,
68235,Division Z,Group O Bank,
73823,Division Z,Group O Bank,
63661,Division Z,Group O Bank,
73824,Division Z,Group O Bank,
63906,Division Z,Group O Bank,
58883,Division Z,Group O Honorary,
73498,Division Z,Group O Bank,
73499,Division Z,Group O Bank,
73715,Division Z,Group O Bank,
64045,Division Z,Group O Bank,
65414,Division Z,Group O Honorary,
73501,Division Z,Group O Bank,
73502,Division Z,Group O Bank,
61130,Division Z,Group O Honorary,
66843,Division Z,Group O Bank,
64294,Division Z,Group O Bank,
73504,Division Z,Group O Bank,
67771,Division Z,Group O Honorary,
72932,Division Z,Group O Bank,
73728,Division Z,Group O Bank,
63077,Division Z,Group O Honorary,
73844,Division Z,Group O Bank,
73845,Division Z,Group O Bank,
67698,Division Z,Group O Honorary,
71872,Division Z,Group O Honorary,
70185,Division Z,Group O Honorary,
69150,Division Z,Group O Bank,
73967,Division Z,Group O Bank,
73846,Division Z,Group O Bank,
68820,Division Z,Group O Bank,
70871,Division Z,Group O Bank,
72100,Division Z,Group O Bank,
68342,Division Z,Group O Bank,
67479,Division Z,Group O Bank,
71075,Division Z,Group O Bank,
62453,Division Z,,
55112,Division Z,Group O Honorary,
72677,Division Z,Group O Bank,
69278,Division Z,Group O Bank,
62452,Division Z,,
73854,Division Z,Group O Bank,
73692,Division Z,Group O Bank,
73683,Division Z,Group O Bank,
68246,Division Z,Group O Bank,
73856,Division Z,Group O Bank,
74917,Division Z,Group O Honorary,
66847,Division Z,Group O Bank,
57497,Division Z,Group O Honorary,
71347,Division Z,Group O Honorary,
58911,Division Z,,
76267,Division Z,Group O Bank,
70287,Division Z,Group O Honorary,
65978,Division Z,Group O Honorary,
63896,Division Z,Group O Bank,
73862,Division Z,Group O Bank,
58277,Division Z,Group O Honorary,
73865,Division Z,Group O Bank,
70112,Division Z,Group O Honorary,
73867,Division Z,Group O Bank,
58291,Division Z,Group O Honorary,
73868,Division Z,Group O Bank,
70288,Division Z,Group O Honorary,
72443,Division Z,Group O Bank,
65979,Division Z,Group O Honorary,
63503,Division Z,Group O Bank,
73517,Division Z,Group O Bank,
73873,Division Z,Group O Bank,
73707,Division Z,Group O Bank,
68978,Division Z,Group O Bank,
69284,Division Z,Group O Bank,
64286,Division Z,Group O Bank,
71992,Division Z,Group O Honorary,
73877,Division Z,Group O Bank,
71994,Division Z,Group O Honorary,
73883,Division Z,Group O Bank,
63982,Division Z,Group O Bank,
49852,Division Z,Group O Honorary,
70682,Division Z,Group O Bank,
73885,Division Z,Group O Bank,
69788,Division Z,Group O Bank,
65352,Division Z,Group O Honorary,
55526,Division Z,Group O Honorary,
63540,Division Z,Group O Bank,
73886,Division Z,Group O Bank,
59898,Division Z,Group O Bank,
71084,Division Z,Group O Bank,
73890,Division Z,Group O Bank,
63459,Division Z,Group O Bank,
49989,Division Z,Group O Honorary,
70293,Division Z,Group O Honorary,
73703,Division Z,Group O Bank,
66667,Division Z,Group O Bank,
73896,Division Z,Group O Bank,
57925,Division Z,Group O Honorary,
73899,Division Z,Group O Bank,
68508,Division Z,Group O Bank,
68842,Division Z,Group O Bank,
68256,Division Z,Group O Bank,
73908,Division Z,Group O Bank,
73909,Division Z,Group O Bank,
73911,Division Z,Group O Bank,
66849,Division Z,Group O Bank,
55707,Division Z,Group O Honorary,
73914,Division Z,Group O Bank,
63531,Division Z,Group O Bank,
66694,Division Z,Group O Bank,
66850,Division Z,Group O Bank,
73698,Division Z,Group O Bank,
77227,Division Z,Group O Bank,
70205,Division Z,Group O Honorary,
76183,Division Z,Group O Bank,
66851,Division Z,Group O Bank,
73534,Division Z,Group O Bank,
66550,Division Z,Group O Honorary,
73924,Division Z,Group O Bank,
68356,Division Z,Group O Bank,
64077,Division Z,Group O Bank,
73928,Division Z,Group O Bank,
68994,Division Z,Group O Bank,
63643,Division Z,Group O Bank,
65433,Division Z,Group O Honorary,
64279,Division Z,Group O Bank,
71350,Division Z,Group O Honorary,
68358,Division Z,Group O Bank,
72242,Division Z,Group O Bank,
64455,Division Z,Group O Bank,
73537,Division Z,Group O Bank,
73930,Division Z,Group O Bank,
67264,Division Z,Group O Bank,
73931,Division Z,Group O Bank,
66137,Division Z,Group O Bank,
74745,Division Z,Group O Honorary,
55812,Division Z,Group O Honorary,
70431,Division Z,Group O Honorary,
73935,Division Z,Group O Bank,
73937,Division Z,Group O Bank,
68262,Division Z,Group O Bank,
73940,Division Z,Group O Bank,
63665,Division Z,Group O Bank,
73941,Division Z,Group O Bank,
73541,Division Z,Group O Bank,
73943,Division Z,Group O Bank,
66949,Division Z,Group O Honorary,
58275,Division Z,Group O Honorary,
73945,Division Z,Group O Bank,
74406,Division Z,Group O Bank,
73947,Division Z,Group O Bank,
67697,Division Z,Group O Honorary,
64798,Division Z,Group O Honorary,
57782,Division Z,Group O Honorary,
68265,Division Z,Group O Bank,
73951,Division Z,Group O Bank,
66857,Division Z,Group O Bank,
73545,Division Z,Group O Bank,
73958,Division Z,Group O Bank,
72746,Division Z,Group O Honorary,
73960,Division Z,Group O Bank,
73962,Division Z,Group O Bank,
77519,Division Z,Group O Honorary,
63647,Division Z,Group O Bank,
66860,Division Z,Group O Bank,
72912,Division Z,Group O Bank,
73726,Division Z,Group O Bank,
56265,Division Z,Group O Honorary,
73971,Division Z,Group O Bank,
73972,Division Z,Group O Bank,
73553,Division Z,Group O Bank,
73973,Division Z,Group O Bank,
69432,Division Z,Group O Bank,
68364,Division Z,Group O Bank,
70314,Division Z,Group O Honorary,
73554,Division Z,Group O Bank,
68273,Division Z,Group O Bank,
64711,Division Z,Group O Honorary,
73555,Division Z,Group O Bank,
70315,Division Z,Group O Honorary,
73975,Division Z,Group O Bank,
70317,Division Z,Group O Honorary,
73662,Division Z,Group O Bank,
64301,Division Z,Group O Bank,
73557,Division Z,Group O Bank,
52021,Division Z,Group O Honorary,
63762,Division Z,Group O Bank,
71116,Division Z,Group O Bank,
71904,Division Z,Group O Honorary,
73603,Division Z,Group O Bank,
77521,Division Z,Group O Honorary,
73562,Division Z,Group O Bank,
63716,Division Z,Group O Bank,
73981,Division Z,Group O Bank,
67368,Division Z,Group O Honorary,
73984,Division Z,Group O Bank,
62051,Division Z,Group O Honorary,
63534,Division Z,Group O Bank,
62454,Division Z,,
67593,Division Z,Group O Honorary,
63460,Division Z,Group O Bank,
68533,Division Z,Group O Bank,
66862,Division Z,Group O Bank,
69329,Division Z,Group O Honorary,
68277,Division Z,Group O Bank,
63722,Division Z,Group O Bank,
74436,Division Z,Group O Honorary,
68403,Division Z,Group O Bank,
73997,Division Z,Group O Bank,
63695,Division Z,Group O Bank,
65218,Division Z,Group O Honorary,
73998,Division Z,Group O Bank,
74000,Division Z,Group O Bank,
74001,Division Z,Group O Bank,
67749,Division Z,Group O Honorary,
74441,Division Z,Group O Honorary,
64490,Division Z,Group O Bank,
56797,Division Z,Group O Honorary,
67381,Division Z,Group O Bank,
56803,Division Z,Group O Honorary,
64389,Division Z,Group O Bank,
73722,Division Z,Group O Bank,
74011,Division Z,Group O Bank,
62455,Division Z,Group O Honorary,
65260,Division Z,Group O Honorary,
73714,Division Z,Group O Bank,
74018,Division Z,Group O Bank,
66438,Division Z,Group O Bank,
66988,Division Z,Group O Bank,
73572,Division Z,Group O Bank,
73574,Division Z,Group O Bank,
68284,Division Z,Group O Bank,
74021,Division Z,Group O Bank,
63526,Division Z,Group O Bank,
74022,Division Z,Group O Bank,
74023,Division Z,Group O Bank,
68285,Division Z,Group O Bank,
72887,Division Z,Group O Bank,
70808,Division Z,Group O Bank,
74025,Division Z,Group O Bank,
73579,Division Z,Group O Bank,
73687,Division Z,Group O Bank,
74026,Division Z,Group O Bank,
72633,Division Z,Group O Honorary,
68286,Division Z,Group O Bank,
53154,Division Z,Group O Honorary,
77101,Division Z,Group O Honorary,
56960,Division Z,Group O Honorary,
64130,Division Z,Group O Bank,
63981,Division Z,Group O Bank,
74027,Division Z,Group O Bank,
68287,Division Z,Group O Bank,
72270,Division Z,Group O Honorary,
73585,Division Z,Group O Bank,
74029,Division Z,Group O Bank,
64967,Division Z,Group O Honorary,
74446,Division Z,Group O Bank,
74879,Division Z,Group O Honorary,
74033,Division Z,Group O Bank,
67754,Division Z,Group O Honorary,
74035,Division Z,Group O Bank,
69352,Division Z,Group O Bank,
74448,Division Z,Group O Bank,
73589,Division Z,Group O Bank,
74040,Division Z,Group O Bank,
74044,Division Z,Group O Bank,
53532,Division Z,Group O Honorary,
72153,Division Z,Group O Honorary,
73591,Division Z,Group O Bank,
74048,Division Z,Group O Bank,
73593,Division Z,Group O Bank,
64259,Division Z,Group O Bank,
60593,Division Z,Group O Honorary,
64086,Division Z,Group O Bank,
74055,Division Z,Group O Bank,
74056,Division Z,Group O Bank,
63691,Division Z,Group O Bank,
74059,Division Z,Group O Bank,
74061,Division Z,Group O Bank,
70087,Division Z,Group O Bank,
65992,Division Z,Group O Bank,
67507,Division Z,Group O Bank,
64261,Division Z,Group O Bank,
73597,Division Z,Group O Bank,
63830,Division Z,Group O Bank,
66100,Division 1,295 1A, Anaesthetics
85506,Division 1,295 1A, Anaesthetics & Pre - Op
82808,Division 1,304 1A, Anaesthetics & Pre - Op
75927,Division 1,304 1A, Anaesthetics & Pre - Op
88525,Division 1,304 1A, Anaesthetics & Pre - Op
92816,Division 1,304 1A, Anaesthetics & Pre - Op
22770,Division 1,1A, Anaesthetics & Pre - Op
66604,Division 1,1A, Anaesthetics & Pre - Op
61426,Division 1,1A, Anaesthetics & Pre - Op
81884,Division 1,1A, Anaesthetics & Pre - Op
95327,Division 1,1A, Anaesthetics & Pre - Op
95995,Division 1,1A, Anaesthetics & Pre - Op
82065,Division 1,1A, Anaesthetics & Pre - Op
80131,Division 1,1A, Anaesthetics & Pre - Op
94239,Division 1,1A, Anaesthetics & Pre - Op
61734,Division 1,1A, Anaesthetics & Pre - Op
78695,Division 1,1A, Anaesthetics & Pre - Op
96392,Division 1,1A, Anaesthetics & Pre - Op
83222,Division 1,1A, Anaesthetics & Pre - Op
68622,Division 1,1A, Anaesthetics & Pre - Op
88645,Division 1,1A, Anaesthetics & Pre - Op
85614,Division 1,1A, Anaesthetics & Pre - Op
71451,Division 1,1A, Anaesthetics & Pre - Op
86322,Division 1,1A, Anaesthetics & Pre - Op
76270,Division 1,1A, Anaesthetics & Pre - Op
88792,Division 1,1A, Anaesthetics & Pre - Op
15784,Division 1,1A, Anaesthetics & Pre - Op
72712,Division 1,1A, Anaesthetics & Pre - Op
77447,Division 1,1A, Anaesthetics & Pre - Op
66124,Division 1,, Anaesthetics & Pre - Op
91814,Division 1,1A, Anaesthetics & Pre - Op
45774,Division 1,1A, Anaesthetics & Pre - Op
78441,Division 1,1A, Anaesthetics & Pre - Op
96286,Division 1,1A, Anaesthetics & Pre - Op
81450,Division 1,1A, Anaesthetics & Pre - Op
84981,Division 1,1A, Anaesthetics & Pre - Op
90039,Division 1,1A, Anaesthetics & Pre - Op
89721,Division 1,1A, Anaesthetics & Pre - Op
93198,Division 1,1A, Anaesthetics & Pre - Op
80379,Division 1,1A, Anaesthetics & Pre - Op
46674,Division 1,1A, Anaesthetics & Pre - Op
75388,Division 1,1A, Anaesthetics & Pre - Op
90044,Division 1,1A, Anaesthetics & Pre - Op
81166,Division 1,1A, Anaesthetics & Pre - Op
88616,Division 1,1A, Anaesthetics & Pre - Op
46675,Division 1,1A, Anaesthetics & Pre - Op
25536,Division 1,1A, Anaesthetics & Pre - Op
64289,Division 1,1A, Anaesthetics & Pre - Op
84982,Division 1,1A, Anaesthetics & Pre - Op
94452,Division 1,1A, Anaesthetics & Pre - Op
92680,Division 1,1A, Anaesthetics & Pre - Op
74683,Division 1,1A, Anaesthetics & Pre - Op
96863,Division 1,1A, Anaesthetics & Pre - Op
72078,Division 1,1A, Anaesthetics & Pre - Op
80281,Division 1,1A, Anaesthetics & Pre - Op
46676,Division 1,1A, Anaesthetics & Pre - Op
82942,Division 1,1A, Anaesthetics & Pre - Op
94453,Division 1,1A, Anaesthetics & Pre - Op
27984,Division 1,1A, Anaesthetics & Pre - Op
75912,Division 1,1A, Anaesthetics & Pre - Op
82888,Division 1,1A, Anaesthetics & Pre - Op
91530,Division 1,1A, Anaesthetics & Pre - Op
68415,Division 1,1A, Anaesthetics & Pre - Op
83799,Division 1,, Anaesthetics & Pre - Op
83626,Division 1,1A, Anaesthetics & Pre - Op
89465,Division 1,1A, Anaesthetics & Pre - Op
94354,Division 1,1A, Anaesthetics & Pre - Op
81711,Division 1,1A, Anaesthetics & Pre - Op
78443,Division 1,1A, Anaesthetics & Pre - Op
82481,Division 1,1A, Anaesthetics & Pre - Op
68077,Division 1,1A, Anaesthetics & Pre - Op
67611,Division 1,1A, Anaesthetics & Pre - Op
93920,Division 1,1A, Anaesthetics & Pre - Op
92825,Division 1,, Anaesthetics & Pre - Op
82349,Division 1,1A, Anaesthetics & Pre - Op
82912,Division 1,1A, Anaesthetics & Pre - Op
90461,Division 1,1A, Anaesthetics & Pre - Op
91656,Division 1,1A, Anaesthetics & Pre - Op
74322,Division 1,1A, Anaesthetics & Pre - Op
67564,Division 1,1A, Anaesthetics & Pre - Op
77833,Division 1,1A, Anaesthetics & Pre - Op
30297,Division 1,1A, Anaesthetics & Pre - Op
95333,Division 1,1A, Anaesthetics & Pre - Op
93038,Division 1,1A, Anaesthetics & Pre - Op
89722,Division 1,1A, Anaesthetics & Pre - Op
75534,Division 1,1A, Anaesthetics & Pre - Op
72187,Division 1,1A, Anaesthetics & Pre - Op
31347,Division 1,1A, Anaesthetics & Pre - Op
80380,Division 1,1A, Anaesthetics & Pre - Op
5310,Division 1,1A, Anaesthetics & Pre - Op
95607,Division 1,1A, Anaesthetics & Pre - Op
93401,Division 1,1A, Anaesthetics & Pre - Op
67226,Division 1,1A, Anaesthetics & Pre - Op
85117,Division 1,1A, Anaesthetics & Pre - Op
91362,Division 1,1A, Anaesthetics & Pre - Op
31441,Division 1,1A, Anaesthetics & Pre - Op
92156,Division 1,1A, Anaesthetics & Pre - Op
123,Division 1,1A, Anaesthetics & Pre - Op
96224,Division 1,1A, Anaesthetics & Pre - Op
69725,Division 1,1A, Anaesthetics & Pre - Op
71176,Division 1,1A, Anaesthetics & Pre - Op
84802,Division 1,1A, Anaesthetics & Pre - Op
30524,Division 1,1A, Anaesthetics & Pre - Op
82350,Division 1,1A, Anaesthetics & Pre - Op
12104,Division 1,1A, Anaesthetics & Pre - Op
62175,Division 1,1A, Anaesthetics & Pre - Op
92157,Division 1,1A, Anaesthetics & Pre - Op
54082,Division 1,1A, Anaesthetics & Pre - Op
67456,Division 1,1A, Anaesthetics & Pre - Op
61412,Division 1,1A, Anaesthetics & Pre - Op
58930,Division 1,1A, Anaesthetics & Pre - Op
75107,Division 1,1A, Anaesthetics & Pre - Op
75473,Division 1,1A, Anaesthetics & Pre - Op
93911,Division 1,1A, Anaesthetics & Pre - Op
31866,Division 1,1A, Anaesthetics & Pre - Op
31867,Division 1,1A, Anaesthetics & Pre - Op
54085,Division 1,1A, Anaesthetics & Pre - Op
58487,Division 1,1A, Anaesthetics & Pre - Op
71164,Division 1,1A, Anaesthetics & Pre - Op
54086,Division 1,1A, Anaesthetics & Pre - Op
5311,Division 1,1A, Anaesthetics & Pre - Op
91989,Division 1,1A, Anaesthetics & Pre - Op
70873,Division 1,1A, Anaesthetics & Pre - Op
73348,Division 1,1A, Anaesthetics & Pre - Op
71743,Division 1,1A, Anaesthetics & Pre - Op
54087,Division 1,1A, Anaesthetics & Pre - Op
58893,Division 1,1A, Anaesthetics & Pre - Op
5312,Division 1,1A, Anaesthetics & Pre - Op
87196,Division 1,1A, Anaesthetics & Pre - Op
28626,Division 1,1A, Anaesthetics & Pre - Op
24024,Division 1,1A, Anaesthetics & Pre - Op
91136,Division 1,1A, Anaesthetics & Pre - Op
95719,Division 1,1A, Anaesthetics & Pre - Op
94583,Division 1,1A, Anaesthetics & Pre - Op
94344,Division 1,1A, Anaesthetics & Pre - Op
79695,Division 1,1A, Anaesthetics & Pre - Op
69581,Division 1,1A, Anaesthetics & Pre - Op
94043,Division 1,1A, Anaesthetics & Pre - Op
92607,Division 1,1A, Anaesthetics & Pre - Op
88236,Division 1,1A, Anaesthetics & Pre - Op
74221,Division 1,1A, Anaesthetics & Pre - Op
82599,Division 1,1A, Anaesthetics & Pre - Op
93543,Division 1,1A, Anaesthetics & Pre - Op
92533,Division 1,1A, Anaesthetics & Pre - Op
84668,Division 1,1A, Anaesthetics & Pre - Op
95939,Division 1,1A, Anaesthetics & Pre - Op
85615,Division 1,1A, Anaesthetics & Pre - Op
78434,Division 1,1A, Anaesthetics & Pre - Op
89139,Division 1,1A, Anaesthetics & Pre - Op
91338,Division 1,1A, Anaesthetics & Pre - Op
95129,Division 1,1A, Anaesthetics & Pre - Op
28999,Division 1,1A, Anaesthetics & Pre - Op
93495,Division 1,1A, Anaesthetics & Pre - Op
96062,Division 1,1A, Anaesthetics & Pre - Op
93115,Division 1,1A, Anaesthetics & Pre - Op
46678,Division 1,1A, Anaesthetics & Pre - Op
84669,Division 1,1A, Anaesthetics & Pre - Op
82873,Division 1,1A, Anaesthetics & Pre - Op
66484,Division 1,1A, Anaesthetics & Pre - Op
70821,Division 1,1A, Anaesthetics & Pre - Op
75007,Division 1,1A, Anaesthetics & Pre - Op
125,Division 1,1A, Anaesthetics & Pre - Op
86172,Division 1,1A, Anaesthetics & Pre - Op
94143,Division 1,1A, Anaesthetics & Pre - Op
63344,Division 1,1A, Anaesthetics & Pre - Op
83483,Division 1,1A, Anaesthetics & Pre - Op
96762,Division 1,1A, Anaesthetics & Pre - Op
91133,Division 1,1A, Anaesthetics & Pre - Op
83768,Division 1,1A, Anaesthetics & Pre - Op
65272,Division 1,1A, Anaesthetics & Pre - Op
91240,Division 1,1A, Anaesthetics & Pre - Op
96227,Division 1,304 1B, Critical Care And Outreach
83620,Division 1,1B, Critical Care And Outreach
87851,Division 1,1B, Critical Care And Outreach
89052,Division 1,1B, Critical Care And Outreach
87043,Division 1,1B, Critical Care And Outreach
59959,Division 1,1B, Critical Care And Outreach
77570,Division 1,1B, Critical Care And Outreach
91657,Division 1,1B, Critical Care And Outreach
84226,Division 1,1B, Critical Care And Outreach
80212,Division 1,1B, Critical Care And Outreach
25648,Division 1,1B, Critical Care And Outreach
94899,Division 1,1B, Critical Care And Outreach
82482,Division 1,1B, Critical Care And Outreach
46680,Division 1,1B, Critical Care And Outreach
80214,Division 1,1B, Critical Care And Outreach
15570,Division 1,1B, Critical Care And Outreach
78108,Division 1,1B, Critical Care And Outreach
61749,Division 1,1B, Critical Care And Outreach
73349,Division 1,1B, Critical Care And Outreach
46683,Division 1,1B, Critical Care And Outreach
46684,Division 1,1B, Critical Care And Outreach
78546,Division 1,1B, Critical Care And Outreach
46682,Division 1,1B, Critical Care And Outreach
64596,Division 1,1B, Critical Care And Outreach
87001,Division 1,1B, Critical Care And Outreach
31882,Division 1,1B, Critical Care And Outreach
46685,Division 1,1B, Critical Care And Outreach
46681,Division 1,1B, Critical Care And Outreach
89255,Division 1,1B, Critical Care And Outreach
31884,Division 1,1B, Critical Care And Outreach
3160,Division 1,1B, Critical Care And Outreach
89320,Division 1,1B, Critical Care And Outreach
70811,Division 1,1B, Critical Care And Outreach
26045,Division 1,1B, Critical Care And Outreach
69121,Division 1,1B, Critical Care And Outreach
69582,Division 1,1B, Critical Care And Outreach
94724,Division 1,1B, Critical Care And Outreach
46686,Division 1,1B, Critical Care And Outreach
83484,Division 1,1B, Critical Care And Outreach
83223,Division 1,1B, Critical Care And Outreach
90640,Division 1,1B, Critical Care And Outreach
28294,Division 1,1B, Critical Care And Outreach
80282,Division 1,1B, Critical Care And Outreach
70874,Division 1,1B, Critical Care And Outreach
46687,Division 1,1B, Critical Care And Outreach
80044,Division 1,1B, Critical Care And Outreach
77810,Division 1,1B, Critical Care And Outreach
28274,Division 1,1A, Critical Care And Outreach
84670,Division 1,1B, Critical Care And Outreach
59358,Division 1,1B, Critical Care And Outreach
70777,Division 1,1B, Critical Care And Outreach
31890,Division 1,1B, Critical Care And Outreach
79009,Division 1,1B, Critical Care And Outreach
95486,Division 1,1B, Critical Care And Outreach
46690,Division 1,1B, Critical Care And Outreach
91815,Division 1,1A, Critical Care And Outreach
96125,Division 1,1B, Critical Care And Outreach
95687,Division 1,1B, Critical Care And Outreach
54091,Division 1,1B, Critical Care And Outreach
25658,Division 1,1B, Critical Care And Outreach
57535,Division 1,1B, Critical Care And Outreach
72408,Division 1,1B, Critical Care And Outreach
93670,Division 1,1B, Critical Care And Outreach
60774,Division 1,1B, Critical Care And Outreach
54092,Division 1,1B, Critical Care And Outreach
74530,Division 1,1B, Critical Care And Outreach
79696,Division 1,1B, Critical Care And Outreach
86166,Division 1,1B, Critical Care And Outreach
82625,Division 1,1B, Critical Care And Outreach
86318,Division 1,1B, Critical Care And Outreach
73452,Division 1,1B, Critical Care And Outreach
88793,Division 1,1B, Critical Care And Outreach
88087,Division 1,1B, Critical Care And Outreach
89711,Division 1,1B, Critical Care And Outreach
68919,Division 1,1B, Critical Care And Outreach
54095,Division 1,1B, Critical Care And Outreach
83619,Division 1,1B, Critical Care And Outreach
93883,Division 1,1B, Critical Care And Outreach
88088,Division 1,1B, Critical Care And Outreach
87754,Division 1,1B, Critical Care And Outreach
63979,Division 1,1B, Critical Care And Outreach
77120,Division 1,1B, Critical Care And Outreach
82182,Division 1,1B, Critical Care And Outreach
84671,Division 1,1B, Critical Care And Outreach
96115,Division 1,1B, Critical Care And Outreach
84384,Division 1,1B, Critical Care And Outreach
31894,Division 1,1B, Critical Care And Outreach
87322,Division 1,1A, Critical Care And Outreach
95334,Division 1,1B, Critical Care And Outreach
58115,Division 1,1B, Critical Care And Outreach
59774,Division 1,1B, Critical Care And Outreach
81441,Division 1,1B, Critical Care And Outreach
54097,Division 1,1B, Critical Care And Outreach
21170,Division 1,1B, Critical Care And Outreach
68308,Division 1,1B, Critical Care And Outreach
54098,Division 1,1B, Critical Care And Outreach
64949,Division 1,1B, Critical Care And Outreach
31899,Division 1,1B, Critical Care And Outreach
22250,Division 1,1B, Critical Care And Outreach
75793,Division 1,1B, Critical Care And Outreach
26004,Division 1,1B, Critical Care And Outreach
88630,Division 1,1B, Critical Care And Outreach
87997,Division 1,1B, Critical Care And Outreach
63052,Division 1,1B, Critical Care And Outreach
74472,Division 1,1B, Critical Care And Outreach
75101,Division 1,1B, Critical Care And Outreach
28774,Division 1,1B, Critical Care And Outreach
89053,Division 1,1B, Critical Care And Outreach
64256,Division 1,1B, Critical Care And Outreach
64968,Division 1,1A, Critical Care And Outreach
86173,Division 1,1B, Critical Care And Outreach
94300,Division 1,1B, Critical Care And Outreach
83937,Division 1,1B, Critical Care And Outreach
89675,Division 1,1B, Critical Care And Outreach
77693,Division 1,1B, Critical Care And Outreach
54100,Division 1,1B, Critical Care And Outreach
93923,Division 1,1B, Critical Care And Outreach
86058,Division 1,1B, Critical Care And Outreach
12384,Division 1,1B, Critical Care And Outreach
31896,Division 1,1B, Critical Care And Outreach
88337,Division 1,1B, Critical Care And Outreach
84983,Division 1,1B, Critical Care And Outreach
31903,Division 1,1B, Critical Care And Outreach
93793,Division 1,1B, Critical Care And Outreach
71512,Division 1,1B, Critical Care And Outreach
31904,Division 1,1B, Critical Care And Outreach
92227,Division 1,1A, Critical Care And Outreach
83486,Division 1,1B, Critical Care And Outreach
82183,Division 1,1B, Critical Care And Outreach
83627,Division 1,1B, Critical Care And Outreach
88794,Division 1,1B, Critical Care And Outreach
60516,Division 1,1B, Critical Care And Outreach
81237,Division 1,1B, Critical Care And Outreach
75014,Division 1,1B, Critical Care And Outreach
95387,Division 1,1B, Critical Care And Outreach
77722,Division 1,1B, Critical Care And Outreach
87933,Division 1,1B, Critical Care And Outreach
87323,Division 1,1B, Critical Care And Outreach
87643,Division 1,1B, Critical Care And Outreach
86174,Division 1,1B, Critical Care And Outreach
86175,Division 1,1A, Critical Care And Outreach
80701,Division 1,1B, Critical Care And Outreach
67803,Division 1,1B, Critical Care And Outreach
82891,Division 1,1B, Critical Care And Outreach
86176,Division 1,1B, Critical Care And Outreach
67692,Division 1,1B, Critical Care And Outreach
90185,Division 1,1B, Critical Care And Outreach
91816,Division 1,1B, Critical Care And Outreach
94306,Division 1,1B, Critical Care And Outreach
67689,Division 1,1B, Critical Care And Outreach
94236,Division 1,1B, Critical Care And Outreach
94425,Division 1,1B, Critical Care And Outreach
81885,Division 1,1B, Critical Care And Outreach
74874,Division 1,1B, Critical Care And Outreach
65883,Division 1,1A, Critical Care And Outreach
82913,Division 1,1B, Critical Care And Outreach
74324,Division 1,1B, Critical Care And Outreach
74325,Division 1,1B, Critical Care And Outreach
95940,Division 1,1B, Critical Care And Outreach
96393,Division 1,1A, Day Surgery And Admissions Lounge
86698,Division 1,1A, Day Surgery And Admissions Lounge
26741,Division 1,1A, Day Surgery And Admissions Lounge
95335,Division 1,1A, Day Surgery And Admissions Lounge
81238,Division 1,1A, Day Surgery And Admissions Lounge
86699,Division 1,1A, Day Surgery And Admissions Lounge
92364,Division 1,1A, Day Surgery And Admissions Lounge
61105,Division 1,1A, Day Surgery And Admissions Lounge
63372,Division 1,1A, Day Surgery And Admissions Lounge
54105,Division 1,1A, Day Surgery And Admissions Lounge
71038,Division 1,1A, Day Surgery And Admissions Lounge
80264,Division 1,1A, Day Surgery And Admissions Lounge
84547,Division 1,1A, Day Surgery And Admissions Lounge
94909,Division 1,1A, Day Surgery And Admissions Lounge
54106,Division 1,1A, Day Surgery And Admissions Lounge
77448,Division 1,1A, Day Surgery And Admissions Lounge
54107,Division 1,1A, Day Surgery And Admissions Lounge
26846,Division 1,1A, Day Surgery And Admissions Lounge
59664,Division 1,5A, Day Surgery And Admissions Lounge
85616,Division 1,1A, Day Surgery And Admissions Lounge
64126,Division 1,1A, Day Surgery And Admissions Lounge
78109,Division 1,1A, Day Surgery And Admissions Lounge
71026,Division 1,1A, Day Surgery And Admissions Lounge
86177,Division 1,1A, Day Surgery And Admissions Lounge
68941,Division 1,1A, Day Surgery And Admissions Lounge
90616,Division 1,1A, Day Surgery And Admissions Lounge
25822,Division 1,1A, Day Surgery And Admissions Lounge
68579,Division 1,1A, Day Surgery And Admissions Lounge
66481,Division 1,1A, Day Surgery And Admissions Lounge
91346,Division 1,1A, Day Surgery And Admissions Lounge
60673,Division 1,1A, Day Surgery And Admissions Lounge
77571,Division 1,1A, Day Surgery And Admissions Lounge
93671,Division 1,1A, Day Surgery And Admissions Lounge
65152,Division 1,1A, Day Surgery And Admissions Lounge
59950,Division 1,1A, Day Surgery And Admissions Lounge
59075,Division 1,1A, Day Surgery And Admissions Lounge
74531,Division 1,1A, Day Surgery And Admissions Lounge
95928,Division 1,1A, Day Surgery And Admissions Lounge
81087,Division 1,1A, Day Surgery And Admissions Lounge
72777,Division 1,1A, Day Surgery And Admissions Lounge
89504,Division 1,1A, Day Surgery And Admissions Lounge
89218,Division 1,1A, Day Surgery And Admissions Lounge
88089,Division 1,1A, Day Surgery And Admissions Lounge
46693,Division 1,1A, Day Surgery And Admissions Lounge
54114,Division 1,1A, Day Surgery And Admissions Lounge
91990,Division 1,1A, Day Surgery And Admissions Lounge
91531,Division 1,1A, Day Surgery And Admissions Lounge
27864,Division 1,1A, Day Surgery And Admissions Lounge
96695,Division 1,1A, Day Surgery And Admissions Lounge
89046,Division 1,1A, Day Surgery And Admissions Lounge
95202,Division 1,1A, Day Surgery And Admissions Lounge
62680,Division 1,1A, Day Surgery And Admissions Lounge
83970,Division 1,1A, Day Surgery And Admissions Lounge
91226,Division 1,1M, Div 1 Management
76141,Division 1,1M, Div 1 Management
89988,Division 1,1M, Div 1 Management
86357,Division 1,1M, Div 1 Management
86700,Division 1,1M, Div 1 Management
54115,Division 1,1M, Div 1 Management
88795,Division 1,1M, Div 1 Management
90100,Division 1,1M, Div 1 Management
54118,Division 1,1M, Div 1 Management
64161,Division 1,1M, Div 1 Management
30811,Division 1,1M, Div 1 Management
91532,Division 1,1B, Laboratory Medicine
60621,Division 1,1B, Laboratory Medicine
62212,Division 1,1B, Laboratory Medicine
62875,Division 1,1B, Laboratory Medicine
75547,Division 1,1B, Laboratory Medicine
76669,Division 1,1B, Laboratory Medicine
69123,Division 1,1B, Laboratory Medicine
73012,Division 1,1B, Laboratory Medicine
80283,Division 1,1B, Laboratory Medicine
89140,Division 1,1B, Laboratory Medicine
96763,Division 1,, Laboratory Medicine
94792,Division 1,1B, Laboratory Medicine
77344,Division 1,1B, Laboratory Medicine
77068,Division 1,1B, Laboratory Medicine
3302,Division 1,1B, Laboratory Medicine
91516,Division 1,1B, Laboratory Medicine
60322,Division 1,1B, Laboratory Medicine
77572,Division 1,1B, Laboratory Medicine
75620,Division 1,1B, Laboratory Medicine
87010,Division 1,1B, Laboratory Medicine
93566,Division 1,1B, Laboratory Medicine
95388,Division 1,1B, Laboratory Medicine
91052,Division 1,1B, Laboratory Medicine
78701,Division 1,1B, Laboratory Medicine
46696,Division 1,1B, Laboratory Medicine
60360,Division 1,1B, Laboratory Medicine
27691,Division 1,1B, Laboratory Medicine
63373,Division 1,1B, Laboratory Medicine
88237,Division 1,1B, Laboratory Medicine
95147,Division 1,1B, Laboratory Medicine
89054,Division 1,1B, Laboratory Medicine
92365,Division 1,1B, Laboratory Medicine
31914,Division 1,1B, Laboratory Medicine
62903,Division 1,1B, Laboratory Medicine
84804,Division 1,1B, Laboratory Medicine
81375,Division 1,1B, Laboratory Medicine
90101,Division 1,1B, Laboratory Medicine
83224,Division 1,1B, Laboratory Medicine
68218,Division 1,1B, Laboratory Medicine
31915,Division 1,1B, Laboratory Medicine
80486,Division 1,1B, Laboratory Medicine
95788,Division 1,1B, Laboratory Medicine
46697,Division 1,1B, Laboratory Medicine
78287,Division 1,1B, Laboratory Medicine
65585,Division 1,1B, Laboratory Medicine
77809,Division 1,1B, Laboratory Medicine
70250,Division 1,1B, Laboratory Medicine
79119,Division 1,1B, Laboratory Medicine
12378,Division 1,1B, Laboratory Medicine
5320,Division 1,1B, Laboratory Medicine
46701,Division 1,1B, Laboratory Medicine
25934,Division 1,1B, Laboratory Medicine
28976,Division 1,1B, Laboratory Medicine
73607,Division 1,1B, Laboratory Medicine
31921,Division 1,1B, Laboratory Medicine
77345,Division 1,1B, Laboratory Medicine
89072,Division 1,1B, Laboratory Medicine
90306,Division 1,1B, Laboratory Medicine
58107,Division 1,1B, Laboratory Medicine
88612,Division 1,1B, Laboratory Medicine
25098,Division 1,1B, Laboratory Medicine
84385,Division 1,1B, Laboratory Medicine
84803,Division 1,1B, Laboratory Medicine
31930,Division 1,1B, Laboratory Medicine
73146,Division 1,1B, Laboratory Medicine
46705,Division 1,1B, Laboratory Medicine
46706,Division 1,1B, Laboratory Medicine
46707,Division 1,1B, Laboratory Medicine
83487,Division 1,1B, Laboratory Medicine
65902,Division 1,1B, Laboratory Medicine
77866,Division 1,1B, Laboratory Medicine
88796,Division 1,1B, Laboratory Medicine
64098,Division 1,1B, Laboratory Medicine
68125,Division 1,1B, Laboratory Medicine
80277,Division 1,1B, Laboratory Medicine
91658,Division 1,1B, Laboratory Medicine
69986,Division 1,1B, Laboratory Medicine
46708,Division 1,1B, Laboratory Medicine
74145,Division 1,1B, Laboratory Medicine
88526,Division 1,1B, Laboratory Medicine
57983,Division 1,1B, Laboratory Medicine
76142,Division 1,1B, Laboratory Medicine
29681,Division 1,1B, Laboratory Medicine
91293,Division 1,1B, Laboratory Medicine
62498,Division 1,1B, Laboratory Medicine
85403,Division 1,1B, Laboratory Medicine
87086,Division 1,1B, Laboratory Medicine
69726,Division 1,1B, Laboratory Medicine
15903,Division 1,1B, Laboratory Medicine
91159,Division 1,1B, Laboratory Medicine
72188,Division 1,1B, Laboratory Medicine
78110,Division 1,1B, Laboratory Medicine
95611,Division 1,1B, Laboratory Medicine
85120,Division 1,1B, Laboratory Medicine
84227,Division 1,1B, Laboratory Medicine
59368,Division 1,1B, Laboratory Medicine
82483,Division 1,1B, Laboratory Medicine
46709,Division 1,1B, Laboratory Medicine
16712,Division 1,1B, Laboratory Medicine
71380,Division 1,1B, Laboratory Medicine
20194,Division 1,1B, Laboratory Medicine
74194,Division 1,1B, Laboratory Medicine
46710,Division 1,1B, Laboratory Medicine
70775,Division 1,1B, Laboratory Medicine
70164,Division 1,1B, Laboratory Medicine
62577,Division 1,1B, Laboratory Medicine
75794,Division 1,1B, Laboratory Medicine
31923,Division 1,1B, Laboratory Medicine
63775,Division 1,1B, Laboratory Medicine
31935,Division 1,1B, Laboratory Medicine
96250,Division 1,1B, Laboratory Medicine
15175,Division 1,1B, Laboratory Medicine
87398,Division 1,1B, Laboratory Medicine
64520,Division 1,1B, Laboratory Medicine
83801,Division 1,1B, Laboratory Medicine
61656,Division 1,1B, Laboratory Medicine
73747,Division 1,1B, Laboratory Medicine
69125,Division 1,1B, Laboratory Medicine
46712,Division 1,1B, Laboratory Medicine
70875,Division 1,1B, Laboratory Medicine
64443,Division 1,1B, Laboratory Medicine
16105,Division 1,1B, Laboratory Medicine
46713,Division 1,1B, Laboratory Medicine
95148,Division 1,1B, Laboratory Medicine
91659,Division 1,1B, Laboratory Medicine
80274,Division 1,1B, Laboratory Medicine
84129,Division 1,1B, Laboratory Medicine
71831,Division 1,1B, Laboratory Medicine
28775,Division 1,1B, Laboratory Medicine
65479,Division 1,1B, Laboratory Medicine
74222,Division 1,1B, Laboratory Medicine
93672,Division 1,1B, Laboratory Medicine
127,Division 1,1B, Laboratory Medicine
69124,Division 1,1B, Laboratory Medicine
5323,Division 1,1B, Laboratory Medicine
61386,Division 1,1B, Laboratory Medicine
77912,Division 1,1B, Laboratory Medicine
74739,Division 1,1B, Laboratory Medicine
93200,Division 1,1B, Laboratory Medicine
93879,Division 1,1B, Laboratory Medicine
77234,Division 1,1B, Laboratory Medicine
86059,Division 1,1B, Laboratory Medicine
83802,Division 1,1B, Laboratory Medicine
84548,Division 1,1B, Laboratory Medicine
79120,Division 1,1B, Laboratory Medicine
64396,Division 1,1B, Laboratory Medicine
91749,Division 1,1B, Laboratory Medicine
70876,Division 1,1B, Laboratory Medicine
86313,Division 1,1B, Laboratory Medicine
80625,Division 1,1B, Laboratory Medicine
82943,Division 1,1B, Laboratory Medicine
31941,Division 1,1B, Laboratory Medicine
92366,Division 1,1B, Laboratory Medicine
85467,Division 1,1B, Laboratory Medicine
69873,Division 1,1B, Laboratory Medicine
87755,Division 1,1B, Laboratory Medicine
96324,Division 1,1B, Laboratory Medicine
95389,Division 1,1B, Laboratory Medicine
96001,Division 1,1B, Laboratory Medicine
85617,Division 1,1B, Laboratory Medicine
82944,Division 1,1B, Laboratory Medicine
5325,Division 1,1B, Laboratory Medicine
67437,Division 1,1B, Laboratory Medicine
94971,Division 1,1B, Laboratory Medicine
84386,Division 1,1B, Laboratory Medicine
81712,Division 1,1B, Laboratory Medicine
77913,Division 1,, Laboratory Medicine
80260,Division 1,1B, Laboratory Medicine
86701,Division 1,1B, Laboratory Medicine
90307,Division 1,1B, Laboratory Medicine
77346,Division 1,1B, Laboratory Medicine
88176,Division 1,1B, Laboratory Medicine
95336,Division 1,1B, Laboratory Medicine
96126,Division 1,1B, Laboratory Medicine
54122,Division 1,1B, Laboratory Medicine
89418,Division 1,1B, Laboratory Medicine
90868,Division 1,1B, Laboratory Medicine
95544,Division 1,1B, Laboratory Medicine
80042,Division 1,1B, Laboratory Medicine
83628,Division 1,1B, Laboratory Medicine
95891,Division 1,1B, Laboratory Medicine
85834,Division 1,1B, Laboratory Medicine
66010,Division 1,1B, Laboratory Medicine
91363,Division 1,1B, Laboratory Medicine
78870,Division 1,1B, Laboratory Medicine
77695,Division 1,1B, Laboratory Medicine
54123,Division 1,1B, Laboratory Medicine
89505,Division 1,1B, Laboratory Medicine
54124,Division 1,1B, Laboratory Medicine
69064,Division 1,1B, Laboratory Medicine
29224,Division 1,1B, Laboratory Medicine
94144,Division 1,1B, Laboratory Medicine
63669,Division 1,1B, Laboratory Medicine
15817,Division 1,1B, Laboratory Medicine
31946,Division 1,1B, Laboratory Medicine
61422,Division 1,1B, Laboratory Medicine
59630,Division 1,1B, Laboratory Medicine
91364,Division 1,1B, Laboratory Medicine
30921,Division 1,1B, Laboratory Medicine
87087,Division 1,1B, Laboratory Medicine
71192,Division 1,1B, Laboratory Medicine
67670,Division 1,1B, Laboratory Medicine
61243,Division 1,1B, Laboratory Medicine
29299,Division 1,1B, Laboratory Medicine
82753,Division 1,1B, Laboratory Medicine
82626,Division 1,1B, Laboratory Medicine
91818,Division 1,1B, Laboratory Medicine
58973,Division 1,1B, Laboratory Medicine
57438,Division 1,1B, Laboratory Medicine
61360,Division 1,1B, Laboratory Medicine
60864,Division 1,1B, Laboratory Medicine
91819,Division 1,1B, Laboratory Medicine
20719,Division 1,1B, Laboratory Medicine
54128,Division 1,1B, Laboratory Medicine
96646,Division 1,1B, Laboratory Medicine
86592,Division 1,1B, Laboratory Medicine
24771,Division 1,1B, Laboratory Medicine
31950,Division 1,1B, Laboratory Medicine
83629,Division 1,1B, Laboratory Medicine
59594,Division 1,1B, Laboratory Medicine
70561,Division 1,1B, Laboratory Medicine
92759,Division 1,1B, Laboratory Medicine
31952,Division 1,1B, Laboratory Medicine
75621,Division 1,1B, Laboratory Medicine
31953,Division 1,1B, Laboratory Medicine
80795,Division 1,1B, Laboratory Medicine
69874,Division 1,1B, Laboratory Medicine
54130,Division 1,1B, Laboratory Medicine
26847,Division 1,1B, Laboratory Medicine
20105,Division 1,1B, Laboratory Medicine
72838,Division 1,1B, Laboratory Medicine
76413,Division 1,1B, Laboratory Medicine
86810,Division 1,1B, Laboratory Medicine
62092,Division 1,1B, Laboratory Medicine
70877,Division 1,1B, Laboratory Medicine
75248,Division 1,1B, Laboratory Medicine
84387,Division 1,1B, NEQAS
60312,Division 1,1B, NEQAS
89506,Division 1,1B, NEQAS
68503,Division 1,1B, NEQAS
60749,Division 1,1B, NEQAS
31956,Division 1,1A, Pain
59088,Division 1,1A, Pain
80284,Division 1,1A, Pain
76526,Division 1,304 1B, Pharmacy
78275,Division 1,1B, Pharmacy
59348,Division 1,1B, Pharmacy
54133,Division 1,1B, Pharmacy
78288,Division 1,1B, Pharmacy
82945,Division 1,1B, Pharmacy
81260,Division 1,1B, Pharmacy
78444,Division 1,1B, Pharmacy
73351,Division 1,1B, Pharmacy
70670,Division 1,1B, Pharmacy
88594,Division 1,1B, Pharmacy
54135,Division 1,1B, Pharmacy
93435,Division 1,1B, Pharmacy
94793,Division 1,1B, Pharmacy
64163,Division 1,1B, Pharmacy
71329,Division 1,1B, Pharmacy
78289,Division 1,1B, Pharmacy
81066,Division 1,1B, Pharmacy
54137,Division 1,1B, Pharmacy
93402,Division 1,1B, Pharmacy
60930,Division 1,1B, Pharmacy
54138,Division 1,1B, Pharmacy
19397,Division 1,1B, Pharmacy
87826,Division 1,1B, Pharmacy
54142,Division 1,1B, Pharmacy
54143,Division 1,1B, Pharmacy
69727,Division 1,1B, Pharmacy
82877,Division 1,1B, Pharmacy
60389,Division 1,1B, Pharmacy
66374,Division 1,1B, Pharmacy
74820,Division 1,1B, Pharmacy
84984,Division 1,1B, Pharmacy
31967,Division 1,1B, Pharmacy
92139,Division 1,1B, Pharmacy
74825,Division 1,1B, Pharmacy
69994,Division 1,1B, Pharmacy
31968,Division 1,1B, Pharmacy
54144,Division 1,1B, Pharmacy
61106,Division 1,1B, Pharmacy
74132,Division 1,1B, Pharmacy
68594,Division 1,1B, Pharmacy
54146,Division 1,1B, Pharmacy
46607,Division 1,1B, Pharmacy
80626,Division 1,1B, Pharmacy
59385,Division 1,1B, Pharmacy
84228,Division 1,1B, Pharmacy
57588,Division 1,1B, Pharmacy
64038,Division 1,1B, Pharmacy
87934,Division 1,, Pharmacy
69989,Division 1,1B, Pharmacy
79666,Division 1,, Pharmacy
5329,Division 1,1B, Pharmacy
79471,Division 1,1B, Pharmacy
54150,Division 1,1B, Pharmacy
83464,Division 1,1B, Pharmacy
88527,Division 1,1B, Pharmacy
86047,Division 1,1B, Pharmacy
75108,Division 1,1B, Pharmacy
96320,Division 1,1B, Pharmacy
95545,Division 1,1B, Pharmacy
89142,Division 1,1B, Pharmacy
95522,Division 1,1B, Pharmacy
94454,Division 1,1B, Pharmacy
83630,Division 1,1B, Pharmacy
91750,Division 1,1B, Pharmacy
92966,Division 1,1B, Pharmacy
91511,Division 1,1B, Pharmacy
67428,Division 1,1B, Pharmacy
76830,Division 1,1B, Pharmacy
27342,Division 1,1B, Pharmacy
87644,Division 1,1B, Pharmacy
72189,Division 1,1B, Pharmacy
79614,Division 1,1B, Pharmacy
70354,Division 1,1B, Pharmacy
94794,Division 1,1B, Pharmacy
74223,Division 1,1B, Pharmacy
83803,Division 1,1B, Pharmacy
89507,Division 1,1B, Pharmacy
82212,Division 1,1B, Pharmacy
82627,Division 1,1B, Pharmacy
92967,Division 1,1B, Pharmacy
16466,Division 1,1B, Pharmacy
94667,Division 1,1B, Pharmacy
77449,Division 1,1B, Pharmacy
83355,Division 1,1B, Pharmacy
77721,Division 1,1B, Pharmacy
89827,Division 1,1B, Pharmacy
15276,Division 1,1B, Pharmacy
78702,Division 1,1B, Pharmacy
60048,Division 1,1B, Pharmacy
45552,Division 1,1B, Pharmacy
69242,Division 1,1B, Pharmacy
65930,Division 1,1B, Pharmacy
71513,Division 1,1B, Pharmacy
86675,Division 1,1B, Pharmacy
77911,Division 1,1B, Pharmacy
71344,Division 1,1B, Pharmacy
92608,Division 1,1B, Pharmacy
31976,Division 1,1B, Pharmacy
83631,Division 1,1B, Pharmacy
79365,Division 1,1B, Pharmacy
67992,Division 1,1B, Pharmacy
87197,Division 1,1B, Pharmacy
84985,Division 1,1B, Pharmacy
63879,Division 1,1B, Pharmacy
23016,Division 1,1B, Pharmacy
77235,Division 1,1B, Pharmacy
94195,Division 1,1B, Pharmacy
82484,Division 1,1B, Pharmacy
72914,Division 1,1B, Pharmacy
37463,Division 1,1B, Pharmacy
96536,Division 1,1B, Pharmacy
96537,Division 1,, Pharmacy
132,Division 1,1B, Pharmacy
90869,Division 1,1B, Pharmacy
74796,Division 1,1B, Pharmacy
5333,Division 1,1B, Pharmacy
81887,Division 1,1B, Pharmacy
87088,Division 1,1B, Pharmacy
46719,Division 1,1B, Pharmacy
31979,Division 1,1B, Pharmacy
96323,Division 1,1B, Pharmacy
15866,Division 1,1B, Pharmacy
134,Division 1,1B, Pharmacy
75479,Division 1,1B, Pharmacy
86702,Division 1,1B, Pharmacy
21570,Division 1,1B, Pharmacy
73608,Division 1,1B, Pharmacy
5335,Division 1,1B, Pharmacy
83632,Division 1,1B, Pharmacy
91991,Division 1,1B, Pharmacy
71763,Division 1,1B, Pharmacy
59867,Division 1,1B, Pharmacy
31982,Division 1,1B, Pharmacy
60495,Division 1,1B, Pharmacy
71381,Division 1,1B, Pharmacy
91533,Division 1,1B, Pharmacy
77184,Division 1,1B, Pharmacy
44772,Division 1,1B, Pharmacy
63051,Division 1,1B, Pharmacy
90641,Division 1,1B, Pharmacy
5337,Division 1,1B, Pharmacy
92826,Division 1,1B, Pharmacy
82213,Division 1,1B, Pharmacy
59386,Division 1,1B, Pharmacy
31983,Division 1,1B, Pharmacy
18496,Division 1,1B, Pharmacy
85835,Division 1,1B, Pharmacy
28685,Division 1,1B, Pharmacy
96912,Division 1,1B, Pharmacy
93403,Division 1,1B, Pharmacy
94299,Division 1,1B, Pharmacy
82848,Division 1,1B, Pharmacy
78552,Division 1,1B, Pharmacy
87998,Division 1,1B, Pharmacy
91820,Division 1,1B, Pharmacy
88797,Division 1,1B, Pharmacy
93673,Division 1,1B, Pharmacy
70000,Division 1,1B, Pharmacy
62213,Division 1,1B, Pharmacy
81088,Division 1,1B, Pharmacy
79010,Division 1,1B, Pharmacy
85618,Division 1,1B, Pharmacy
12397,Division 1,1B, Pharmacy
96854,Division 1,1B, Pharmacy
60144,Division 1,1B, Pharmacy
78111,Division 1,1B, Pharmacy
65667,Division 1,1B, Pharmacy
61430,Division 1,1B, Pharmacy
81089,Division 1,1B, Pharmacy
87089,Division 1,1B, Pharmacy
90511,Division 1,1B, Pharmacy
91160,Division 1,1B, Pharmacy
31340,Division 1,1B, Pharmacy
91821,Division 1,1B, Pharmacy
87986,Division 1,1B, Pharmacy
87090,Division 1,1B, Pharmacy
70817,Division 1,1B, Pharmacy
63053,Division 1,1B, Pharmacy
90212,Division 1,1B, Pharmacy
74326,Division 1,1B, Pharmacy
87756,Division 1,1B, Pharmacy
76414,Division 1,1B, Pharmacy
88798,Division 1,1B, Pharmacy
65102,Division 1,1B, Pharmacy
93096,Division 1,1B, Pharmacy
14423,Division 1,1B, Pharmacy
81090,Division 1,1B, Pharmacy
96561,Division 1,1B, Pharmacy
90025,Division 1,1B, Pharmacy
84986,Division 1,1B, Pharmacy
75109,Division 1,1B, Pharmacy
62736,Division 1,1B, Pharmacy
93116,Division 1,1B, Pharmacy
73229,Division 1,1B, Pharmacy
66474,Division 1,1B, Pharmacy
93201,Division 1,1B, Pharmacy
84987,Division 1,1B, Pharmacy
25732,Division 1,1B, Pharmacy
87198,Division 1,1B, Pharmacy
66328,Division 1,1B, Pharmacy
29643,Division 1,1B, Pharmacy
64829,Division 1,1B, Pharmacy
79672,Division 1,1B, Pharmacy
31988,Division 1,1B, Pharmacy
84388,Division 1,1B, Pharmacy
77696,Division 1,1B, Pharmacy
83633,Division 1,1B, Pharmacy
90466,Division 1,1B, Pharmacy
69701,Division 1,1B, Pharmacy
28230,Division 1,1B, Pharmacy
86366,Division 1,1B, Pharmacy
62214,Division 1,1B, Pharmacy
58117,Division 1,1B, Pharmacy
74965,Division 1,1B, Pharmacy
63573,Division 1,1B, Pharmacy
73609,Division 1,1B, Pharmacy
71155,Division 1,1B, Pharmacy
74327,Division 1,1B, Pharmacy
93117,Division 1,1B, Pharmacy
82351,Division 1,1B, Pharmacy
31991,Division 1,1B, Pharmacy
77182,Division 1,1B, Pharmacy
87428,Division 1,1B, Pharmacy
85794,Division 1,295 1B, Radiology And Medical Physics
89143,Division 1,304 1B, Radiology And Medical Physics
96384,Division 1,304 1B, Radiology And Medical Physics
82352,Division 1,304 1B, Radiology And Medical Physics
93794,Division 1,304 1B, Radiology And Medical Physics
84389,Division 1,1B, Radiology And Medical Physics
88799,Division 1,1B, Radiology And Medical Physics
31993,Division 1,1B, Radiology And Medical Physics
93795,Division 1,1B, Radiology And Medical Physics
82485,Division 1,1B, Radiology And Medical Physics
62884,Division 1,1B, Radiology And Medical Physics
75548,Division 1,1B, Radiology And Medical Physics
73460,Division 1,1B, Radiology And Medical Physics
91810,Division 1,1B, Radiology And Medical Physics
81370,Division 1,1B, Radiology And Medical Physics
59165,Division 1,1B, Radiology And Medical Physics
96514,Division 1,1B, Radiology And Medical Physics
31995,Division 1,1B, Radiology And Medical Physics
95685,Division 1,1B, Radiology And Medical Physics
94653,Division 1,1B, Radiology And Medical Physics
77908,Division 1,1B, Radiology And Medical Physics
60025,Division 1,1B, Radiology And Medical Physics
85121,Division 1,1B, Radiology And Medical Physics
72300,Division 1,1B, Radiology And Medical Physics
96732,Division 1,1B, Radiology And Medical Physics
96818,Division 1,1B, Radiology And Medical Physics
31996,Division 1,1B, Radiology And Medical Physics
91534,Division 1,1B, Radiology And Medical Physics
68776,Division 1,1B, Radiology And Medical Physics
60722,Division 1,1B, Radiology And Medical Physics
46508,Division 1,1B, Radiology And Medical Physics
91365,Division 1,1B, Radiology And Medical Physics
71514,Division 1,1B, Radiology And Medical Physics
92600,Division 1,1B, Radiology And Medical Physics
80619,Division 1,1B, Radiology And Medical Physics
81713,Division 1,1B, Radiology And Medical Physics
87027,Division 1,1B, Radiology And Medical Physics
71567,Division 1,1B, Radiology And Medical Physics
92770,Division 1,1B, Radiology And Medical Physics
62338,Division 1,1B, Radiology And Medical Physics
92051,Division 1,1B, Radiology And Medical Physics
77785,Division 1,1B, Radiology And Medical Physics
94843,Division 1,1B, Radiology And Medical Physics
31999,Division 1,1B, Radiology And Medical Physics
86673,Division 1,1B, Radiology And Medical Physics
5341,Division 1,1B, Radiology And Medical Physics
54157,Division 1,1B, Radiology And Medical Physics
24666,Division 1,1B, Radiology And Medical Physics
93357,Division 1,1B, Radiology And Medical Physics
75735,Division 1,1B, Radiology And Medical Physics
18342,Division 1,1B, Radiology And Medical Physics
73751,Division 1,1B, Radiology And Medical Physics
14072,Division 1,1B, Radiology And Medical Physics
61750,Division 1,1B, Radiology And Medical Physics
27449,Division 1,1B, Radiology And Medical Physics
93973,Division 1,1B, Radiology And Medical Physics
64476,Division 1,1B, Radiology And Medical Physics
29304,Division 1,1B, Radiology And Medical Physics
54159,Division 1,1B, Radiology And Medical Physics
5345,Division 1,1B, Radiology And Medical Physics
54160,Division 1,1B, Radiology And Medical Physics
5346,Division 1,1B, Radiology And Medical Physics
80492,Division 1,1B, Radiology And Medical Physics
27464,Division 1,1B, Radiology And Medical Physics
54161,Division 1,1B, Radiology And Medical Physics
5347,Division 1,1B, Radiology And Medical Physics
5348,Division 1,1B, Radiology And Medical Physics
54162,Division 1,1B, Radiology And Medical Physics
136,Division 1,1B, Radiology And Medical Physics
22862,Division 1,1B, Radiology And Medical Physics
32337,Division 1,1B, Radiology And Medical Physics
12108,Division 1,1B, Radiology And Medical Physics
74328,Division 1,1B, Radiology And Medical Physics
63352,Division 1,1B, Radiology And Medical Physics
79781,Division 1,1B, Radiology And Medical Physics
32009,Division 1,1B, Radiology And Medical Physics
32010,Division 1,1B, Radiology And Medical Physics
86169,Division 1,1B, Radiology And Medical Physics
88322,Division 1,1B, Radiology And Medical Physics
54167,Division 1,1B, Radiology And Medical Physics
5352,Division 1,1B, Radiology And Medical Physics
46727,Division 1,1B, Radiology And Medical Physics
78112,Division 1,1B, Radiology And Medical Physics
84550,Division 1,1B, Radiology And Medical Physics
67267,Division 1,1B, Radiology And Medical Physics
84549,Division 1,1B, Radiology And Medical Physics
76705,Division 1,1B, Radiology And Medical Physics
76552,Division 1,, Radiology And Medical Physics
22403,Division 1,1B, Radiology And Medical Physics
75622,Division 1,1B, Radiology And Medical Physics
83804,Division 1,1B, Radiology And Medical Physics
75623,Division 1,1B, Radiology And Medical Physics
90959,Division 1,1B, Radiology And Medical Physics
68942,Division 1,1B, Radiology And Medical Physics
72038,Division 1,1B, Radiology And Medical Physics
46728,Division 1,1B, Radiology And Medical Physics
94027,Division 1,1B, Radiology And Medical Physics
78290,Division 1,1B, Radiology And Medical Physics
85519,Division 1,1B, Radiology And Medical Physics
78113,Division 1,1B, Radiology And Medical Physics
79253,Division 1,1B, Radiology And Medical Physics
91248,Division 1,1B, Radiology And Medical Physics
82177,Division 1,1B, Radiology And Medical Physics
92158,Division 1,1B, Radiology And Medical Physics
82171,Division 1,1B, Radiology And Medical Physics
80702,Division 1,1B, Radiology And Medical Physics
83225,Division 1,1B, Radiology And Medical Physics
81866,Division 1,1B, Radiology And Medical Physics
91161,Division 1,1B, Radiology And Medical Physics
66477,Division 1,1B, Radiology And Medical Physics
91992,Division 1,, Radiology And Medical Physics
87829,Division 1,1B, Radiology And Medical Physics
81165,Division 1,1B, Radiology And Medical Physics
70793,Division 1,1B, Radiology And Medical Physics
93858,Division 1,1B, Radiology And Medical Physics
87288,Division 1,1B, Radiology And Medical Physics
94455,Division 1,1B, Radiology And Medical Physics
95035,Division 1,1B, Radiology And Medical Physics
86811,Division 1,1B, Radiology And Medical Physics
85520,Division 1,1B, Radiology And Medical Physics
80796,Division 1,1B, Radiology And Medical Physics
77575,Division 1,1B, Radiology And Medical Physics
5354,Division 1,1B, Radiology And Medical Physics
65007,Division 1,1B, Radiology And Medical Physics
64332,Division 1,1B, Radiology And Medical Physics
86178,Division 1,1B, Radiology And Medical Physics
61110,Division 1,1B, Radiology And Medical Physics
91822,Division 1,1B, Radiology And Medical Physics
94187,Division 1,1B, Radiology And Medical Physics
95789,Division 1,1B, Radiology And Medical Physics
88800,Division 1,1B, Radiology And Medical Physics
90085,Division 1,1B, Radiology And Medical Physics
80047,Division 1,1B, Radiology And Medical Physics
92882,Division 1,1B, Radiology And Medical Physics
65397,Division 1,1B, Radiology And Medical Physics
73147,Division 1,1B, Radiology And Medical Physics
78445,Division 1,1B, Radiology And Medical Physics
85424,Division 1,1B, Radiology And Medical Physics
85483,Division 1,1B, Radiology And Medical Physics
84805,Division 1,1B, Radiology And Medical Physics
28139,Division 1,1B, Radiology And Medical Physics
94732,Division 1,1B, Radiology And Medical Physics
93852,Division 1,1B, Radiology And Medical Physics
83966,Division 1,1B, Radiology And Medical Physics
95036,Division 1,1B, Radiology And Medical Physics
58466,Division 1,1B, Radiology And Medical Physics
76143,Division 1,1B, Radiology And Medical Physics
46732,Division 1,1B, Radiology And Medical Physics
26386,Division 1,1B, Radiology And Medical Physics
76272,Division 1,1B, Radiology And Medical Physics
32019,Division 1,1B, Radiology And Medical Physics
92159,Division 1,1B, Radiology And Medical Physics
95199,Division 1,1B, Radiology And Medical Physics
18095,Division 1,1B, Radiology And Medical Physics
28054,Division 1,1B, Radiology And Medical Physics
91366,Division 1,1B, Radiology And Medical Physics
87324,Division 1,1B, Radiology And Medical Physics
15843,Division 1,1B, Radiology And Medical Physics
71193,Division 1,1B, Radiology And Medical Physics
63374,Division 1,1B, Radiology And Medical Physics
32020,Division 1,1B, Radiology And Medical Physics
46497,Division 1,1B, Radiology And Medical Physics
54171,Division 1,1B, Radiology And Medical Physics
95892,Division 1,1B, Radiology And Medical Physics
88321,Division 1,1B, Radiology And Medical Physics
78704,Division 1,1B, Radiology And Medical Physics
28553,Division 1,1B, Radiology And Medical Physics
46735,Division 1,1B, Radiology And Medical Physics
86302,Division 1,1B, Radiology And Medical Physics
46737,Division 1,1B, Radiology And Medical Physics
30232,Division 1,1B, Radiology And Medical Physics
90512,Division 1,1B, Radiology And Medical Physics
26563,Division 1,1B, Radiology And Medical Physics
78446,Division 1,1B, Radiology And Medical Physics
92228,Division 1,1B, Radiology And Medical Physics
91535,Division 1,1B, Radiology And Medical Physics
87914,Division 1,1B, Radiology And Medical Physics
93796,Division 1,1B, Radiology And Medical Physics
67114,Division 1,1B, Radiology And Medical Physics
81261,Division 1,1B, Radiology And Medical Physics
32025,Division 1,1B, Radiology And Medical Physics
69998,Division 1,1B, Radiology And Medical Physics
88238,Division 1,1B, Radiology And Medical Physics
26526,Division 1,, Radiology And Medical Physics
72741,Division 1,1B, Radiology And Medical Physics
61464,Division 1,1B, Radiology And Medical Physics
84229,Division 1,1B, Radiology And Medical Physics
25947,Division 1,1B, Radiology And Medical Physics
82472,Division 1,1B, Radiology And Medical Physics
15906,Division 1,1B, Radiology And Medical Physics
59220,Division 1,1B, Radiology And Medical Physics
64837,Division 1,1B, Radiology And Medical Physics
29992,Division 1,1B, Radiology And Medical Physics
81546,Division 1,1B, Radiology And Medical Physics
92501,Division 1,1B, Radiology And Medical Physics
82353,Division 1,1B, Radiology And Medical Physics
18498,Division 1,1B, Radiology And Medical Physics
77450,Division 1,1B, Radiology And Medical Physics
83986,Division 1,1B, Radiology And Medical Physics
5355,Division 1,1B, Radiology And Medical Physics
93434,Division 1,1B, Radiology And Medical Physics
77085,Division 1,1B, Radiology And Medical Physics
46740,Division 1,1B, Radiology And Medical Physics
5356,Division 1,1B, Radiology And Medical Physics
65832,Division 1,1B, Radiology And Medical Physics
23688,Division 1,1B, Radiology And Medical Physics
25318,Division 1,1B, Radiology And Medical Physics
81547,Division 1,1B, Radiology And Medical Physics
79254,Division 1,1B, Radiology And Medical Physics
85423,Division 1,1B, Radiology And Medical Physics
32031,Division 1,1B, Radiology And Medical Physics
88801,Division 1,1B, Radiology And Medical Physics
24145,Division 1,1B, Radiology And Medical Physics
95031,Division 1,1B, Radiology And Medical Physics
67795,Division 1,1B, Radiology And Medical Physics
75928,Division 1,1B, Radiology And Medical Physics
18995,Division 1,1B, Radiology And Medical Physics
45786,Division 1,1B, Radiology And Medical Physics
94888,Division 1,1B, Radiology And Medical Physics
96127,Division 1,1B, Radiology And Medical Physics
94903,Division 1,1B, Radiology And Medical Physics
86179,Division 1,1B, Radiology And Medical Physics
69383,Division 1,1B, Radiology And Medical Physics
94386,Division 1,1B, Radiology And Medical Physics
91138,Division 1,1B, Radiology And Medical Physics
26355,Division 1,1B, Radiology And Medical Physics
90513,Division 1,1B, Radiology And Medical Physics
60639,Division 1,1B, Radiology And Medical Physics
94268,Division 1,1B, Radiology And Medical Physics
81683,Division 1,1B, Radiology And Medical Physics
77914,Division 1,1B, Radiology And Medical Physics
81869,Division 1,1B, Radiology And Medical Physics
82486,Division 1,1B, Radiology And Medical Physics
61644,Division 1,1B, Radiology And Medical Physics
78564,Division 1,1B, Radiology And Medical Physics
87757,Division 1,1B, Radiology And Medical Physics
78291,Division 1,1B, Radiology And Medical Physics
32034,Division 1,1B, Radiology And Medical Physics
94907,Division 1,1B, Radiology And Medical Physics
67904,Division 1,1B, Radiology And Medical Physics
66062,Division 1,1B, Radiology And Medical Physics
89135,Division 1,1B, Radiology And Medical Physics
90379,Division 1,1B, Radiology And Medical Physics
85517,Division 1,1B, Radiology And Medical Physics
95893,Division 1,1B, Radiology And Medical Physics
61107,Division 1,1B, Radiology And Medical Physics
60910,Division 1,1B, Radiology And Medical Physics
69728,Division 1,1B, Radiology And Medical Physics
22640,Division 1,1B, Radiology And Medical Physics
72292,Division 1,1B, Radiology And Medical Physics
94970,Division 1,1B, Radiology And Medical Physics
67934,Division 1,1B, Radiology And Medical Physics
81864,Division 1,1B, Radiology And Medical Physics
21515,Division 1,1B, Radiology And Medical Physics
95390,Division 1,1B, Radiology And Medical Physics
69456,Division 1,1B, Radiology And Medical Physics
45555,Division 1,1B, Radiology And Medical Physics
85619,Division 1,1B, Radiology And Medical Physics
96836,Division 1,1B, Radiology And Medical Physics
93674,Division 1,1B, Radiology And Medical Physics
91048,Division 1,1B, Radiology And Medical Physics
72775,Division 1,1B, Radiology And Medical Physics
54179,Division 1,1B, Radiology And Medical Physics
71556,Division 1,1B, Radiology And Medical Physics
93930,Division 1,1B, Radiology And Medical Physics
86355,Division 1,1B, Radiology And Medical Physics
77452,Division 1,1B, Radiology And Medical Physics
92968,Division 1,1B, Radiology And Medical Physics
91823,Division 1,1B, Radiology And Medical Physics
54183,Division 1,1B, Radiology And Medical Physics
82947,Division 1,1B, Radiology And Medical Physics
94039,Division 1,1B, Radiology And Medical Physics
83488,Division 1,1B, Radiology And Medical Physics
69875,Division 1,1B, Radiology And Medical Physics
95027,Division 1,1B, Radiology And Medical Physics
79352,Division 1,1B, Radiology And Medical Physics
54185,Division 1,1B, Radiology And Medical Physics
45011,Division 1,1B, Radiology And Medical Physics
54186,Division 1,1B, Radiology And Medical Physics
95074,Division 1,1B, Radiology And Medical Physics
80285,Division 1,1B, Radiology And Medical Physics
72908,Division 1,1B, Radiology And Medical Physics
61579,Division 1,1B, Radiology And Medical Physics
61273,Division 1,1B, Radiology And Medical Physics
74790,Division 1,1B, Radiology And Medical Physics
92780,Division 1,1B, Radiology And Medical Physics
64823,Division 1,1B, Radiology And Medical Physics
25101,Division 1,1B, Radiology And Medical Physics
54187,Division 1,1B, Radiology And Medical Physics
91245,Division 1,1B, Radiology And Medical Physics
30093,Division 1,1B, Radiology And Medical Physics
69490,Division 1,1B, Radiology And Medical Physics
71554,Division 1,1B, Radiology And Medical Physics
71558,Division 1,1B, Radiology And Medical Physics
5362,Division 1,1B, Radiology And Medical Physics
20420,Division 1,1B, Radiology And Medical Physics
67716,Division 1,2B, Radiology And Medical Physics
84202,Division 1,1B, Radiology And Medical Physics
90822,Division 1,1B, Radiology And Medical Physics
96255,Division 1,1B, Radiology And Medical Physics
74080,Division 1,1B, Radiology And Medical Physics
65091,Division 1,1B, Radiology And Medical Physics
88646,Division 1,1B, Radiology And Medical Physics
32045,Division 1,1B, Radiology And Medical Physics
84893,Division 1,1B, Radiology And Medical Physics
87199,Division 1,295 1A, Theatres
84522,Division 1,295 1A, Theatres
71515,Division 1,304 1A, Theatres
67581,Division 1,1A, Theatres
60610,Division 1,1A, Theatres
86430,Division 1,1A, Theatres
68777,Division 1,1A, Theatres
67841,Division 1,1A, Theatres
85272,Division 1,1A, Theatres
54189,Division 1,1A, Theatres
85620,Division 1,1A, Theatres
93118,Division 1,1A, Theatres
86439,Division 1,1A, Theatres
89693,Division 1,1A, Theatres
94668,Division 1,1A, Theatres
32049,Division 1,1A, Theatres
23571,Division 1,1A, Theatres
80489,Division 1,1A, Theatres
77429,Division 1,1A, Theatres
74635,Division 1,1A, Theatres
71382,Division 1,1A, Theatres
67935,Division 1,1A, Theatres
81384,Division 1,1A, Theatres
79122,Division 1,1A, Theatres
72531,Division 1,1A, Theatres
81714,Division 1,1A, Theatres
75549,Division 1,1A, Theatres
61547,Division 1,1A, Theatres
70252,Division 1,1A, Theatres
87276,Division 1,1A, Theatres
92827,Division 1,1A, Theatres
95613,Division 1,1A, Theatres
92969,Division 1,1A, Theatres
96647,Division 1,1A, Theatres
75307,Division 1,1A, Theatres
61292,Division 1,1A, Theatres
82849,Division 1,1A, Theatres
77739,Division 1,1A, Theatres
77347,Division 1,1A, Theatres
92828,Division 1,1A, Theatres
74720,Division 1,1A, Theatres
54196,Division 1,1A, Theatres
5366,Division 1,1A, Theatres
54198,Division 1,1A, Theatres
93436,Division 1,1A, Theatres
86812,Division 1,1A, Theatres
83614,Division 1,1A, Theatres
83226,Division 1,1A, Theatres
31248,Division 1,1A, Theatres
75796,Division 1,1A, Theatres
5368,Division 1,1A, Theatres
63985,Division 1,1A, Theatres
89689,Division 1,1A, Theatres
66389,Division 1,1A, Theatres
83227,Division 1,1A, Theatres
5370,Division 1,1A, Theatres
71039,Division 1,1A, Theatres
32060,Division 1,1A, Theatres
45141,Division 1,1A, Theatres
60049,Division 1,1A, Theatres
46742,Division 1,1A, Theatres
66671,Division 1,1A, Theatres
75389,Division 1,1A, Theatres
30233,Division 1,1A, Theatres
46743,Division 1,1A, Theatres
71565,Division 1,1A, Theatres
78062,Division 1,1A, Theatres
72839,Division 1,1A, Theatres
59370,Division 1,1A, Theatres
29733,Division 1,1A, Theatres
77915,Division 1,1A, Theatres
59208,Division 1,1A, Theatres
91975,Division 1,1A, Theatres
74076,Division 1,1A, Theatres
88338,Division 1,1A, Theatres
91367,Division 1,1A, Theatres
31540,Division 1,1A, Theatres
68320,Division 1,1A, Theatres
83995,Division 1,1A, Theatres
46746,Division 1,1A, Theatres
19223,Division 1,1A, Theatres
87999,Division 1,1A, Theatres
140,Division 1,1A, Theatres
67753,Division 1,1A, Theatres
91751,Division 1,1A, Theatres
71041,Division 1,1A, Theatres
46749,Division 1,1A, Theatres
46750,Division 1,1A, Theatres
61433,Division 1,1A, Theatres
18096,Division 1,1A, Theatres
46752,Division 1,1A, Theatres
83634,Division 1,1A, Theatres
32074,Division 1,1A, Theatres
78447,Division 1,1A, Theatres
32075,Division 1,1A, Theatres
89508,Division 1,1A, Theatres
70238,Division 1,1A, Theatres
5372,Division 1,1A, Theatres
23479,Division 1,1A, Theatres
46753,Division 1,1A, Theatres
5373,Division 1,1A, Theatres
86664,Division 1,1A, Theatres
59961,Division 1,1A, Theatres
74329,Division 1,1A, Theatres
46754,Division 1,1A, Theatres
142,Division 1,1A, Theatres
67699,Division 1,1A, Theatres
61248,Division 1,1A, Theatres
83489,Division 1,1A, Theatres
92367,Division 1,1A, Theatres
93675,Division 1,1A, Theatres
77916,Division 1,1A, Theatres
96913,Division 1,1A, Theatres
82607,Division 1,1A, Theatres
22861,Division 1,1A, Theatres
54202,Division 1,1A, Theatres
94415,Division 1,1A, Theatres
89144,Division 1,1A, Theatres
46756,Division 1,1A, Theatres
79366,Division 1,1A, Theatres
62738,Division 1,1A, Theatres
77453,Division 1,1A, Theatres
92609,Division 1,1A, Theatres
80381,Division 1,1A, Theatres
76144,Division 1,1A, Theatres
62467,Division 1,1A, Theatres
80703,Division 1,1A, Theatres
90961,Division 1,1A, Theatres
90298,Division 1,1A, Theatres
92073,Division 1,1A, Theatres
71194,Division 1,1A, Theatres
96983,Division 1,1A, Theatres
91752,Division 1,1A, Theatres
92368,Division 1,1A, Theatres
96988,Division 1,1A, Theatres
84672,Division 1,1A, Theatres
22700,Division 1,1A, Theatres
86596,Division 1,1A, Theatres
62690,Division 1,1A, Theatres
63777,Division 1,1A, Theatres
46757,Division 1,1A, Theatres
61187,Division 1,1A, Theatres
46758,Division 1,1A, Theatres
70137,Division 1,1A, Theatres
67326,Division 1,1A, Theatres
46484,Division 1,1A, Theatres
28140,Division 1,1A, Theatres
79011,Division 1,1A, Theatres
83987,Division 1,1A, Theatres
86703,Division 1,1A, Theatres
69583,Division 1,1A, Theatres
65591,Division 1,1A, Theatres
86998,Division 1,1A, Theatres
30584,Division 1,1A, Theatres
95941,Division 1,1A, Theatres
80797,Division 1,1A, Theatres
94866,Division 1,1A, Theatres
93039,Division 1,1A, Theatres
89271,Division 1,1A, Theatres
74532,Division 1,1A, Theatres
94044,Division 1,1A, Theatres
66610,Division 1,1A, Theatres
92684,Division 1,1A, Theatres
31317,Division 1,1A, Theatres
62739,Division 1,1A, Theatres
94220,Division 1,1A, Theatres
88179,Division 1,1A, Theatres
76553,Division 1,1A, Theatres
93976,Division 1,1A, Theatres
84552,Division 1,1A, Theatres
84553,Division 1,1A, Theatres
72393,Division 1,1A, Theatres
94897,Division 1,1A, Theatres
60931,Division 1,1A, Theatres
62179,Division 1,1A, Theatres
30094,Division 1,1A, Theatres
88239,Division 1,1A, Theatres
83365,Division 1,1A, Theatres
68577,Division 1,1A, Theatres
84551,Division 1,1A, Theatres
95546,Division 1,1A, Theatres
94972,Division 1,1A, Theatres
86813,Division 1,1A, Theatres
46761,Division 1,1A, Theatres
72778,Division 1,1A, Theatres
81167,Division 1,1A, Theatres
83221,Division 1,1A, Theatres
73013,Division 1,1A, Theatres
23616,Division 1,1A, Theatres
68585,Division 1,1A, Theatres
90960,Division 1,1A, Theatres
83772,Division 1,1A, Theatres
57530,Division 1,1A, Theatres
58324,Division 1,1A, Theatres
94456,Division 1,1A, Theatres
88802,Division 1,1A, Theatres
79615,Division 1,1A, Theatres
75272,Division 1,1A, Theatres
94910,Division 1,1A, Theatres
92970,Division 1,1A, Theatres
84806,Division 1,1A, Theatres
74973,Division 1,1A, Theatres
59962,Division 1,1A, Theatres
92540,Division 1,1A, Theatres
46763,Division 1,1A, Theatres
82628,Division 1,1A, Theatres
59240,Division 1,1A, Theatres
46561,Division 1,1A, Theatres
95323,Division 1,1A, Theatres
65085,Division 1,1A, Theatres
86367,Division 1,1A, Theatres
78547,Division 1,1A, Theatres
83635,Division 1,1A, Theatres
67664,Division 1,1A, Theatres
23379,Division 1,1A, Theatres
74533,Division 1,1A, Theatres
80689,Division 1,1A, Theatres
79109,Division 1,1A, Theatres
46765,Division 1,1A, Theatres
32094,Division 1,1A, Theatres
65231,Division 1,1A, Theatres
58325,Division 1,295 1B,
95531,Division 1,304 1B,
84376,Division 1,304 1B,
64909,Division 1,295 1B,
88662,Division 1,295 1A,
91824,Division 1,295 1A,
91347,Division 2,2A, 2A Wards
69877,Division 2,2A, 2A Wards
92978,Division 2,2A, 2A Wards
93567,Division 2,2A, 2A Wards
80950,Division 2,2A, 2A Wards
85277,Division 2,2A, 2A Wards
78705,Division 2,2A, 2A Wards
46767,Division 2,2A, 2A Wards
69878,Division 2,2A, 2A Wards
81451,Division 2,2A, 2A Wards
91053,Division 2,2A, 2A Wards
46769,Division 2,2A, 2A Wards
24576,Division 2,2A, 2A Wards
64539,Division 2,2A, 2A Wards
84230,Division 2,2A, 2A Wards
80798,Division 2,2A, 2A Wards
71766,Division 2,2A, 2A Wards
77454,Division 2,2A, 2A Wards
90870,Division 2,2A, 2A Wards
67445,Division 2,2A, 2A Wards
64676,Division 2,2A, 2A Wards
84673,Division 2,2A, 2A Wards
91369,Division 2,2A, 2A Wards
83805,Division 2,2A, 2A Wards
91368,Division 2,2A, 2A Wards
77760,Division 2,2A, 2A Wards
61585,Division 2,2A, 2A Wards
64013,Division 2,2A, 2A Wards
78114,Division 2,2A, 2A Wards
91370,Division 2,2A, 2A Wards
24147,Division 2,2A, 2A Wards
94210,Division 2,2A, 2A Wards
95602,Division 2,2A, 2A Wards
79255,Division 2,2A, 2A Wards
67993,Division 2,2A, 2A Wards
86368,Division 2,2A, 2A Wards
92229,Division 2,2A, 2A Wards
54204,Division 2,, 2A Wards
22296,Division 2,2A, 2A Wards
88528,Division 2,2A, 2A Wards
77576,Division 2,2A, 2A Wards
89145,Division 2,2A, 2A Wards
20015,Division 2,2A, 2A Wards
94457,Division 2,2A, 2A Wards
92766,Division 2,2A, 2A Wards
12407,Division 2,2A, 2A Wards
32099,Division 2,2A, 2A Wards
12408,Division 2,2A, 2A Wards
86060,Division 2,2A, 2A Wards
26841,Division 2,2A, 2A Wards
83490,Division 2,2A, 2A Wards
74224,Division 2,2A, 2A Wards
84807,Division 2,2A, 2A Wards
88582,Division 2,2A, 2A Wards
19088,Division 2,2A, 2A Wards
95195,Division 2,2A, 2A Wards
25362,Division 2,2A, 2A Wards
89146,Division 2,2A, 2A Wards
64073,Division 2,2A, 2A Wards
87281,Division 2,2A, 2A Wards
75606,Division 2,2A, 2A Wards
93568,Division 2,2A, 2A Wards
70165,Division 2,2A, 2A Wards
90962,Division 2,2A, 2A Wards
77577,Division 2,2A, 2A Wards
78292,Division 2,2A, 2A Wards
93669,Division 2,2B, 2B Wards
87758,Division 2,2B, 2B Wards
81168,Division 2,2B, 2B Wards
77578,Division 2,2B, 2B Wards
58459,Division 2,2B, 2B Wards
90736,Division 2,2B, 2B Wards
144,Division 2,2B, 2B Wards
26363,Division 2,4A, 2B Wards
77917,Division 2,2B, 2B Wards
32102,Division 2,2B, 2B Wards
79367,Division 2,2B, 2B Wards
90484,Division 2,2B, 2B Wards
66838,Division 2,2B, 2B Wards
92074,Division 2,2B, 2B Wards
74636,Division 2,2B, 2B Wards
68042,Division 2,2B, 2B Wards
93424,Division 2,2B, 2B Wards
79123,Division 2,2B, 2B Wards
74218,Division 2,2B, 2B Wards
92781,Division 2,2B, 2B Wards
96764,Division 2,2B, 2B Wards
95271,Division 2,2B, 2B Wards
74225,Division 2,2B, 2B Wards
23700,Division 2,2B, 2B Wards
32103,Division 2,2B, 2B Wards
94275,Division 2,2B, 2B Wards
86597,Division 2,2B, 2B Wards
61274,Division 2,2B, 2B Wards
90826,Division 2,2B, 2B Wards
95790,Division 2,2B, 2B Wards
65480,Division 2,2B, 2B Wards
23655,Division 2,2B, 2B Wards
75236,Division 2,2B, 2B Wards
76554,Division 2,2B, 2B Wards
75727,Division 2,2B, 2B Wards
84363,Division 2,2B, 2B Wards
95272,Division 2,2B, 2B Wards
73458,Division 2,2B, 2B Wards
90005,Division 2,2B, 2B Wards
96648,Division 2,2B, 2B Wards
96615,Division 2,2B, 2B Wards
54206,Division 2,2B, 2B Wards
66463,Division 2,2B, 2B Wards
90370,Division 2,2B, 2B Wards
86903,Division 2,2B, 2B Wards
95690,Division 2,2B, 2B Wards
63528,Division 2,2B, 2B Wards
81073,Division 2,2B, 2B Wards
68748,Division 2,2B, 2B Wards
73148,Division 2,2B, 2B Wards
65398,Division 2,2B, 2B Wards
46771,Division 2,2B, 2B Wards
89334,Division 2,2B, 2B Wards
75929,Division 2,2B, 2B Wards
81549,Division 2,2B, 2B Wards
84391,Division 2,2B, 2B Wards
81715,Division 2,2B, 2B Wards
66622,Division 2,2B, 2B Wards
70867,Division 2,2B, 2B Wards
93977,Division 2,2B, 2B Wards
60563,Division 2,2B, 2B Wards
89828,Division 2,2B, 2B Wards
94432,Division 2,2B, 2B Wards
68193,Division 2,2B, 2B Wards
81888,Division 2,2B, 2B Wards
88803,Division 2,2B, 2B Wards
88804,Division 2,2B, 2B Wards
72998,Division 2,2B, 2B Wards
63689,Division 2,2B, 2B Wards
32110,Division 2,2B, 2B Wards
90737,Division 2,2B, 2B Wards
78277,Division 2,2B, 2B Wards
54209,Division 2,2B, 2B Wards
60883,Division 2,2B, 2B Wards
62342,Division 2,2B, 2B Wards
96321,Division 2,2B, 2B Wards
79124,Division 2,2B, 2B Wards
88595,Division 2,2B, 2B Wards
91980,Division 2,, 2B Wards
57738,Division 2,2B, 2B Wards
77455,Division 2,2B, 2B Wards
94458,Division 2,2B, 2B Wards
92515,Division 2,2B, 2B Wards
81684,Division 2,2B, 2B Wards
94742,Division 2,2B, 2B Wards
29309,Division 2,2B, 2B Wards
81889,Division 2,2B, 2B Wards
86180,Division 2,2B, 2B Wards
73149,Division 2,2B, 2B Wards
64572,Division 2,2B, 2B Wards
65966,Division 2,2B, 2B Wards
96388,Division 2,2B, 2B Wards
65928,Division 2,2B, Cardiac Surgery
66213,Division 2,2B, Cardiac Surgery
71205,Division 2,2B, Cardiac Surgery
32112,Division 2,2B, Cardiac Surgery
70241,Division 2,2B, Cardiac Surgery
5376,Division 2,2B, Cardiac Surgery
28539,Division 2,2B, Cardiac Surgery
59044,Division 2,2B, Cardiac Surgery
27353,Division 2,2B, Cardiac Surgery
15055,Division 2,2B, Cardiac Surgery
54214,Division 2,2B, Cardiac Surgery
5379,Division 2,2B, Cardiac Surgery
61751,Division 2,2B, Cardiac Surgery
5380,Division 2,2B, Cardiac Surgery
54216,Division 2,2B, Cardiac Surgery
69065,Division 2,2B, Cardiology
70878,Division 2,295 2B, Cardiology
70254,Division 2,2B, Cardiology
54217,Division 2,2B, Cardiology
32116,Division 2,2B, Cardiology
71591,Division 2,2B, Cardiology
91371,Division 2,2B, Cardiology
79125,Division 2,2B, Cardiology
19531,Division 2,2B, Cardiology
91287,Division 2,2B, Cardiology
94459,Division 2,2B, Cardiology
32117,Division 2,2B, Cardiology
5385,Division 2,2B, Cardiology
54219,Division 2,2B, Cardiology
60423,Division 2,2B, Cardiology
67994,Division 2,2B, Cardiology
27491,Division 2,2B, Cardiology
67171,Division 2,2B, Cardiology
5387,Division 2,2B, Cardiology
76831,Division 2,2B, Cardiology
32119,Division 2,2B, Cardiology
82478,Division 2,2B, Cardiology
70004,Division 2,2B, Cardiology
28404,Division 2,2B, Cardiology
5388,Division 2,, Cardiology
23023,Division 2,2B, Cardiology
5389,Division 2,2B, Cardiology
32120,Division 2,2B, Cardiology
84674,Division 2,2B, Cardiology
64272,Division 2,2B, Cardiology
54220,Division 2,2B, Cardiology
27422,Division 2,2B, Cardiology
73352,Division 2,2B, Cardiology
62740,Division 2,2B, Cardiology
79256,Division 2,2B, Cardiology
72516,Division 2,2B, Cardiology
92971,Division 2,2B, Cardiology
96394,Division 2,2B, Cardiology
83366,Division 2,2B, Cardiology
86440,Division 2,2B, Cardiology
87759,Division 2,2B, Cardiology
46775,Division 2,2B, Cardiology
75930,Division 2,2B, Cardiology
59949,Division 2,2B, Cardiology
80251,Division 2,2B, Cardiology
84392,Division 2,2B, Cardiology
46776,Division 2,2B, Cardiology
94211,Division 2,2B, Cardiology
32126,Division 2,2B, Cardiology
66217,Division 2,2B, Cardiology
54223,Division 2,2B, Cardiology
63054,Division 2,2B, Cardiology
54224,Division 2,2B, Cardiology
93437,Division 2,2B, Cardiology
32130,Division 2,2B, Cardiology
54226,Division 2,2B, Cardiology
58119,Division 2,2B, Cardiology
67832,Division 2,2B, Cardiology
5391,Division 2,, Cardiology
90486,Division 2,2B, Cardiology
70366,Division 2,2B, Cardiology
65728,Division 2,2B, Cardiology
77579,Division 2,2B, Cardiology
71043,Division 2,2B, Cardiology
90102,Division 2,2B, Cardiology
83806,Division 2,2B, Cardiology
23718,Division 2,2B, Cardiology
66566,Division 2,2B, Cardiology
29310,Division 2,2B, Cardiology
87044,Division 2,2B, Cardiology
95459,Division 2,2B, Cardiology
20016,Division 2,2B, Cardiology
77329,Division 2,2B, Cardiology
79368,Division 2,2B, Cardiology
80174,Division 2,2B, Cardiology
65757,Division 2,2B, Cardiology
70851,Division 2,2B, Cardiology
73320,Division 2,2B, Cardiology
83988,Division 2,2B, Cardiology
68416,Division 2,2B, Cardiology
24137,Division 2,2B, Cardiology
96815,Division 2,2B, Cardiology
32134,Division 2,2B, Cardiology
70489,Division 2,2B, Cardiology
71186,Division 2,2B, Cardiology
70879,Division 2,2B, Cardiology
82739,Division 2,2B, Cardiology
67556,Division 2,2B, Cardiology
57809,Division 2,2B, Cardiology
66461,Division 2,2B, Cardiology
61566,Division 2,2B, Cardiology
5392,Division 2,2B, Cardiology
79697,Division 2,2B, Cardiology
46778,Division 2,2B, Cardiology
29023,Division 2,2B, Cardiology
31817,Division 2,2B, Cardiology
46779,Division 2,2B, Cardiology
70015,Division 2,2B, Cardiology
21173,Division 2,2B, Cardiology
46780,Division 2,2B, Cardiology
93119,Division 2,2B, Cardiology
94461,Division 2,2B, Cardiology
74856,Division 2,2B, Cardiology
82852,Division 2,2B, Cardiology
94021,Division 2,2B, Cardiology
76945,Division 2,2B, Cardiology
62609,Division 2,2B, Cardiology
89294,Division 2,2B, Cardiology
92160,Division 2,2B, Cardiology
83807,Division 2,2B, Cardiology
32139,Division 2,2B, Cardiology
94462,Division 2,2B, Cardiology
80800,Division 2,2B, Cardiology
81716,Division 2,2B, Cardiology
78271,Division 2,2B, Cardiology
94460,Division 2,2B, Cardiology
96113,Division 2,2B, Cardiology
94231,Division 2,, Cardiology
93345,Division 2,2B, Cardiology
80799,Division 2,2B, Cardiology
90642,Division 2,2B, Cardiology
75931,Division 2,2B, Cardiology
94200,Division 2,2B, Cardiology
95762,Division 2,2B, Cardiology
96649,Division 2,2B, Cardiology
46784,Division 2,2B, Cardiology
46785,Division 2,2B, Cardiology
59868,Division 2,2B, Cardiology
32143,Division 2,2B, Cardiology
78706,Division 2,295 2A, Dermatology
76985,Division 2,295 2A, Dermatology
72695,Division 2,2A, Dermatology
90514,Division 2,2A, Dermatology
83755,Division 2,2A, Dermatology
30331,Division 2,2A, Dermatology
96244,Division 2,2A, Dermatology
90738,Division 2,2A, Dermatology
92427,Division 2,2A, Dermatology
32144,Division 2,2A, Dermatology
28888,Division 2,2A, Dermatology
5394,Division 2,2A, Dermatology
71044,Division 2,2A, Dermatology
90021,Division 2,2A, Dermatology
95314,Division 2,2A, Dermatology
84231,Division 2,2A, Dermatology
93676,Division 2,2A, Dermatology
95791,Division 2,2A, Dermatology
72678,Division 2,2A, Dermatology
74473,Division 2,2A, Dermatology
68417,Division 2,2A, Dermatology
89671,Division 2,2A, Dermatology
85386,Division 2,2A, Dermatology
54229,Division 2,2A, Dermatology
45761,Division 2,2A, Dermatology
92316,Division 2,2A, Dermatology
32149,Division 2,2A, Dermatology
46789,Division 2,2A, Dermatology
73324,Division 2,2A, Dermatology
82948,Division 2,2A, Dermatology
78707,Division 2,2A, Dermatology
94669,Division 2,2A, Dermatology
62343,Division 2,2A, Dermatology
93202,Division 2,2A, Dermatology
19026,Division 2,304 2A, Diabetes And Endocrinology
76555,Division 2,2A, Diabetes And Endocrinology
94208,Division 2,2A, Diabetes And Endocrinology
5395,Division 2,2A, Diabetes And Endocrinology
67158,Division 2,2A, Diabetes And Endocrinology
67937,Division 2,2A, Diabetes And Endocrinology
45376,Division 2,2A, Diabetes And Endocrinology
83228,Division 2,2A, Diabetes And Endocrinology
14510,Division 2,2A, Diabetes And Endocrinology
67172,Division 2,2A, Diabetes And Endocrinology
73752,Division 2,2A, Diabetes And Endocrinology
83990,Division 2,2A, Diabetes And Endocrinology
63055,Division 2,2A, Diabetes And Endocrinology
84232,Division 2,2A, Diabetes And Endocrinology
58481,Division 2,2A, Diabetes And Endocrinology
75925,Division 2,2A, Diabetes And Endocrinology
87935,Division 2,2A, Diabetes And Endocrinology
30965,Division 2,2A, Diabetes And Endocrinology
91128,Division 2,2A, Diabetes And Endocrinology
84233,Division 2,2A, Diabetes And Endocrinology
66024,Division 2,2A, Diabetes And Endocrinology
59243,Division 2,2A, Diabetes And Endocrinology
84554,Division 2,2A, Diabetes And Endocrinology
58604,Division 2,2A, Diabetes And Endocrinology
68574,Division 2,2A, Diabetes And Endocrinology
67995,Division 2,2A, Diabetes And Endocrinology
26258,Division 2,2A, Diabetes And Endocrinology
68318,Division 2,2A, Diabetes And Endocrinology
72532,Division 2,2A, Diabetes And Endocrinology
54233,Division 2,2A, Diabetes And Endocrinology
67746,Division 2,2A, Diabetes And Endocrinology
88471,Division 2,2A, Diabetes And Endocrinology
95777,Division 2,2A, Diabetes And Endocrinology
87919,Division 2,2A, Diabetes And Endocrinology
71700,Division 2,2A, Diabetes And Endocrinology
79473,Division 2,2A, Diabetes And Endocrinology
67559,Division 2,2A, Diabetes And Endocrinology
62861,Division 2,2A, Diabetes And Endocrinology
61440,Division 2,2A, Diabetes And Endocrinology
88082,Division 2,2A, Diabetes And Endocrinology
59938,Division 2,2A, Diabetes And Endocrinology
94145,Division 2,2A, Diabetes And Endocrinology
28200,Division 2,2A, Diabetes And Endocrinology
84675,Division 2,2A, Diabetes And Endocrinology
92161,Division 2,2A, Diabetes And Endocrinology
90854,Division 2,2A, Diabetes And Endocrinology
81262,Division 2,2A, Diabetes And Endocrinology
65953,Division 2,2A, Diabetes And Endocrinology
29952,Division 2,2A, Diabetes And Endocrinology
91335,Division 2,2A, Diabetes And Endocrinology
82802,Division 2,2A, Diabetes And Endocrinology
68599,Division 2,2A, Diabetes And Endocrinology
88759,Division 2,2A, Diabetes And Endocrinology
74204,Division 2,2A, Diabetes And Endocrinology
90213,Division 2,2A, Diabetes And Endocrinology
5401,Division 2,2A, Diabetes And Endocrinology
58326,Division 2,2A, Diabetes And Endocrinology
63375,Division 2,2A, Diabetes And Endocrinology
79257,Division 2,2A, Diabetes And Endocrinology
96882,Division 2,2A, Diabetes And Endocrinology
96311,Division 2,2A, Diabetes And Endocrinology
54235,Division 2,2A, Diabetes And Endocrinology
64392,Division 2,2A, Diabetes And Endocrinology
67938,Division 2,2A, Diabetes And Endocrinology
75758,Division 2,2A, Diabetes And Endocrinology
65250,Division 2,2A, Diabetes And Endocrinology
81717,Division 2,2A, Diabetes And Endocrinology
62876,Division 2,2A, Diabetes And Endocrinology
96129,Division 2,2A, Diabetes And Endocrinology
91155,Division 2,2A, Diabetes And Endocrinology
60773,Division 2,2A, Diabetes And Endocrinology
86181,Division 2,2A, Diabetes And Endocrinology
32154,Division 2,2A, Diabetes And Endocrinology
70149,Division 2,2A, Diabetes And Endocrinology
63017,Division 2,2A, Diabetes And Endocrinology
5396,Division 2,2A, Diabetes And Endocrinology
90181,Division 2,2A, Diabetes And Endocrinology
66902,Division 2,2A, Diabetes And Endocrinology
93797,Division 2,2A, Diabetes And Endocrinology
61193,Division 2,2A, Diabetes And Endocrinology
66462,Division 2,2A, Diabetes And Endocrinology
32157,Division 2,2A, Diabetes And Endocrinology
32158,Division 2,2A, Diabetes And Endocrinology
75624,Division 2,2A, Diabetes And Endocrinology
72301,Division 2,2A, Diabetes And Endocrinology
81091,Division 2,2A, Diabetes And Endocrinology
60669,Division 2,2A, Diabetes And Endocrinology
54241,Division 2,2A, Diabetes And Endocrinology
32176,Division 2,2M, Div 2 Management
54242,Division 2,2M, Div 2 Management
92230,Division 2,2M, Div 2 Management
84537,Division 2,2M, Div 2 Management
75070,Division 2,2M, Div 2 Management
54243,Division 2,2M, Div 2 Management
74121,Division 2,, Div 2 Management
93359,Division 2,2M, Div 2 Management
23488,Division 2,2M, Div 2 Management
5402,Division 2,2M, Div 2 Management
88635,Division 2,2B, Liver Medicine
54244,Division 2,2B, Liver Medicine
61877,Division 2,2B, Liver Medicine
68780,Division 2,2B, Liver Medicine
61652,Division 2,2B, Liver Medicine
94003,Division 2,2B, Liver Medicine
79858,Division 2,2B, Liver Medicine
64855,Division 2,2B, Liver Medicine
86572,Division 2,2B, Liver Medicine
81718,Division 2,2B, Liver Medicine
63376,Division 2,2B, Liver Medicine
85225,Division 2,2B, Liver Medicine
93916,Division 2,2B, Liver Medicine
91825,Division 2,2B, Liver Medicine
93496,Division 2,2B, Liver Medicine
81719,Division 2,2B, Liver Medicine
58289,Division 2,2B, Liver Medicine
90214,Division 2,2B, Liver Medicine
70880,Division 2,2B, Liver Medicine
80382,Division 2,2B, Liver Medicine
54248,Division 2,2B, Liver Medicine
59963,Division 2,2B, Liver Medicine
32185,Division 2,2B, Liver Medicine
92829,Division 2,2B, Liver Medicine
78863,Division 2,2B, Liver Medicine
67996,Division 2,2B, Liver Medicine
67038,Division 2,2B, Liver Medicine
69243,Division 2,2B, Liver Medicine
32187,Division 2,2B, Liver Medicine
80048,Division 2,2B, Liver Medicine
63778,Division 2,2B, Liver Medicine
90871,Division 2,2B, Liver Medicine
60932,Division 2,2B, Liver Medicine
58102,Division 2,2B, Liver Medicine
57355,Division 2,2B, Liver Medicine
61550,Division 2,2B, Liver Medicine
58744,Division 2,2B, Liver Medicine
5405,Division 2,2B, Liver Medicine
62571,Division 2,2B, Liver Surgery
46796,Division 2,2B, Liver Surgery
46797,Division 2,2B, Liver Surgery
96569,Division 2,2B, Liver Surgery
96575,Division 2,2B, Liver Surgery
64135,Division 2,2B, Liver Surgery
59777,Division 2,2B, Liver Surgery
66464,Division 2,2B, Liver Surgery
63687,Division 2,2B, Liver Surgery
46799,Division 2,2B, Liver Surgery
67126,Division 2,2B, Liver Surgery
46801,Division 2,2B, Liver Surgery
68615,Division 2,2B, Liver Surgery
25294,Division 2,2B, Liver Surgery
68496,Division 2,2B, Liver Surgery
96131,Division 2,2B, Liver Surgery
31567,Division 2,2B, Liver Surgery
61381,Division 2,2B, Liver Surgery
73010,Division 2,2B, Liver Surgery
94463,Division 2,2B, Liver Surgery
66932,Division 2,295 2B, Renal Medicine
66386,Division 2,2B, Renal Medicine
61878,Division 2,2B, Renal Medicine
71306,Division 2,2B, Renal Medicine
29198,Division 2,2B, Renal Medicine
46803,Division 2,2B, Renal Medicine
71045,Division 2,2B, Renal Medicine
26274,Division 2,2B, Renal Medicine
46805,Division 2,2B, Renal Medicine
32195,Division 2,2B, Renal Medicine
68661,Division 2,2B, Renal Medicine
19401,Division 2,2B, Renal Medicine
89455,Division 2,2B, Renal Medicine
87091,Division 2,2B, Renal Medicine
72079,Division 2,2B, Renal Medicine
63574,Division 2,2B, Renal Medicine
96130,Division 2,2B, Renal Medicine
73353,Division 2,2B, Renal Medicine
46808,Division 2,2B, Renal Medicine
93497,Division 2,2B, Renal Medicine
21527,Division 2,2B, Renal Medicine
69385,Division 2,2B, Renal Medicine
71195,Division 2,2B, Renal Medicine
148,Division 2,2B, Renal Medicine
93185,Division 2,2B, Renal Medicine
79012,Division 2,2B, Renal Medicine
31437,Division 2,2B, Renal Medicine
46809,Division 2,2B, Renal Medicine
74924,Division 2,2B, Renal Medicine
85931,Division 2,2B, Renal Medicine
91341,Division 2,2B, Renal Medicine
75542,Division 2,2B, Renal Medicine
95273,Division 2,2B, Renal Medicine
96238,Division 2,2B, Renal Medicine
32198,Division 2,2B, Renal Medicine
81255,Division 2,2B, Renal Medicine
91660,Division 2,2B, Renal Medicine
149,Division 2,2B, Renal Medicine
77456,Division 2,2B, Renal Medicine
32166,Division 2,2B, Renal Medicine
32199,Division 2,2B, Renal Medicine
83491,Division 2,2B, Renal Medicine
32168,Division 2,2B, Renal Medicine
68781,Division 2,2B, Renal Medicine
27881,Division 2,2B, Renal Medicine
84393,Division 2,2B, Renal Medicine
61640,Division 2,2B, Renal Medicine
76832,Division 2,2B, Renal Medicine
94795,Division 2,2B, Renal Medicine
60772,Division 2,2B, Renal Medicine
66174,Division 2,2B, Renal Medicine
84545,Division 2,2B, Renal Medicine
60862,Division 2,2B, Renal Medicine
67229,Division 2,2B, Renal Medicine
61712,Division 2,2B, Renal Medicine
70145,Division 2,2B, Renal Medicine
15035,Division 2,2B, Renal Medicine
46811,Division 2,2B, Renal Medicine
62186,Division 2,2B, Renal Medicine
5408,Division 2,2B, Renal Medicine
20506,Division 2,2B, Renal Medicine
83808,Division 2,2B, Renal Medicine
86441,Division 2,2B, Renal Medicine
87325,Division 2,2B, Renal Medicine
87645,Division 2,2B, Renal Medicine
70750,Division 2,2B, Renal Medicine
83140,Division 2,2B, Renal Medicine
31229,Division 2,2B, Renal Medicine
90049,Division 2,2B, Renal Medicine
89328,Division 2,2B, Renal Medicine
54252,Division 2,2B, Renal Medicine
64538,Division 2,2B, Renal Medicine
54253,Division 2,2B, Renal Medicine
85279,Division 2,2B, Renal Medicine
81081,Division 2,2B, Renal Medicine
93343,Division 2,2B, Renal Medicine
32204,Division 2,2B, Renal Medicine
79003,Division 2,2B, Renal Medicine
81891,Division 2,2B, Renal Surgery
29311,Division 2,2B, Renal Surgery
62561,Division 2,2B, Renal Surgery
73354,Division 2,2B, Renal Surgery
60799,Division 2,2B, Renal Surgery
70255,Division 2,2B, Renal Surgery
73610,Division 2,2B, Renal Surgery
74330,Division 2,2B, Renal Surgery
70470,Division 2,, Renal Surgery
89900,Division 2,2B, Renal Surgery
77918,Division 2,2B, Renal Surgery
86182,Division 2,2B, Renal Surgery
92369,Division 2,2B, Renal Surgery
83492,Division 2,304 2A, Respiratory Medicine
91993,Division 2,2A, Respiratory Medicine
5409,Division 2,2A, Respiratory Medicine
5410,Division 2,2A, Respiratory Medicine
66535,Division 2,2A, Respiratory Medicine
88170,Division 2,2A, Respiratory Medicine
78883,Division 2,2A, Respiratory Medicine
91994,Division 2,2A, Respiratory Medicine
85622,Division 2,2A, Respiratory Medicine
65604,Division 2,2A, Respiratory Medicine
82851,Division 2,2A, Respiratory Medicine
72840,Division 2,2A, Respiratory Medicine
54258,Division 2,2A, Respiratory Medicine
85922,Division 2,2A, Respiratory Medicine
5411,Division 2,2A, Respiratory Medicine
87011,Division 2,2A, Respiratory Medicine
86442,Division 2,2A, Respiratory Medicine
63184,Division 2,2A, Respiratory Medicine
90088,Division 2,2A, Respiratory Medicine
5412,Division 2,2A, Respiratory Medicine
75578,Division 2,2A, Respiratory Medicine
61275,Division 2,2A, Respiratory Medicine
83991,Division 2,2A, Respiratory Medicine
89419,Division 2,2A, Respiratory Medicine
89228,Division 2,2A, Respiratory Medicine
31472,Division 2,2A, Respiratory Medicine
54260,Division 2,2A, Respiratory Medicine
95547,Division 2,2A, Respiratory Medicine
74217,Division 2,2A, Respiratory Medicine
85623,Division 2,2A, Respiratory Medicine
54261,Division 2,2A, Respiratory Medicine
88339,Division 2,2A, Respiratory Medicine
60469,Division 2,2A, Respiratory Medicine
81385,Division 2,2A, Respiratory Medicine
68656,Division 2,2A, Respiratory Medicine
82214,Division 2,2A, Respiratory Medicine
96873,Division 2,2A, Respiratory Medicine
73241,Division 2,2A, Respiratory Medicine
65986,Division 2,2A, Respiratory Medicine
29743,Division 2,2A, Respiratory Medicine
46813,Division 2,2A, Respiratory Medicine
29044,Division 2,2A, Respiratory Medicine
46814,Division 2,2A, Respiratory Medicine
68948,Division 2,2A, Respiratory Medicine
91754,Division 2,2A, Respiratory Medicine
32214,Division 2,2A, Respiratory Medicine
92685,Division 2,2A, Respiratory Medicine
60578,Division 2,2A, Respiratory Medicine
79867,Division 2,2A, Respiratory Medicine
58269,Division 2,2A, Respiratory Medicine
75798,Division 2,2A, Respiratory Medicine
75550,Division 2,2A, Respiratory Medicine
46815,Division 2,2A, Respiratory Medicine
64530,Division 2,2A, Respiratory Medicine
62569,Division 2,2A, Respiratory Medicine
96650,Division 2,2A, Respiratory Medicine
20632,Division 2,2A, Respiratory Medicine
28303,Division 2,2A, Respiratory Medicine
21174,Division 2,2A, Respiratory Medicine
29313,Division 2,2A, Respiratory Medicine
28219,Division 2,2A, Respiratory Medicine
64535,Division 2,2A, Respiratory Medicine
46816,Division 2,2A, Respiratory Medicine
68609,Division 2,2A, Respiratory Medicine
80286,Division 2,2A, Respiratory Medicine
5416,Division 2,2A, Respiratory Medicine
88805,Division 2,2A, Respiratory Medicine
59473,Division 2,2A, Respiratory Medicine
89147,Division 2,2A, Respiratory Medicine
67066,Division 2,2A, Respiratory Medicine
46819,Division 2,2A, Respiratory Medicine
31433,Division 2,2A, Respiratory Medicine
91262,Division 2,2A, Respiratory Medicine
95142,Division 2,2A, Respiratory Medicine
66596,Division 2,2A, Respiratory Medicine
78566,Division 2,2A, Respiratory Medicine
28348,Division 2,2A, Respiratory Medicine
45068,Division 2,2A, Respiratory Medicine
81056,Division 2,2A, Respiratory Medicine
60933,Division 2,2A, Respiratory Medicine
65912,Division 2,2A, Respiratory Medicine
70840,Division 2,2A, Respiratory Medicine
18873,Division 2,2A, Rheumatology
46820,Division 2,2A, Rheumatology
46821,Division 2,2A, Rheumatology
46822,Division 2,2A, Rheumatology
31510,Division 2,2A, Rheumatology
28951,Division 2,2A, Rheumatology
89509,Division 2,2A, Rheumatology
91372,Division 2,2A, Rheumatology
70140,Division 2,2A, Rheumatology
59869,Division 2,2A, Rheumatology
32224,Division 2,2A, Rheumatology
32225,Division 2,2A, Rheumatology
29187,Division 2,2A, Rheumatology
89436,Division 2,2A, Rheumatology
61370,Division 2,2A, Rheumatology
67052,Division 2,2A, Rheumatology
61197,Division 2,2A, Rheumatology
90942,Division 2,2A, Rheumatology
92610,Division 2,, Thoracic Surgery
32227,Division 2,2A, Thoracic Surgery
94911,Division 2,2A, Thoracic Surgery
66149,Division 2,2A, Thoracic Surgery
74719,Division 2,2A, Thoracic Surgery
32228,Division 2,2A, Thoracic Surgery
61029,Division 2,304 2B,
32229,Division 3,3A, 3A Wards
46824,Division 3,3A, 3A Wards
85122,Division 3,3A, 3A Wards
90380,Division 3,3A, 3A Wards
27711,Division 3,3B, 3A Wards
29143,Division 3,3A, 3A Wards
46826,Division 3,3A, 3A Wards
91967,Division 3,3A, 3A Wards
82778,Division 3,3A, 3A Wards
75797,Division 3,3A, 3A Wards
64046,Division 3,3A, 3A Wards
57637,Division 3,3A, 3A Wards
94599,Division 3,3A, 3A Wards
46829,Division 3,3A, 3A Wards
57549,Division 3,3A, 3A Wards
71363,Division 3,3A, 3A Wards
46831,Division 3,3A, 3A Wards
77220,Division 3,3A, 3A Wards
26012,Division 3,3A, 3A Wards
82487,Division 3,3A, 3A Wards
79013,Division 3,3A, 3A Wards
46833,Division 3,3A, 3A Wards
5417,Division 3,3A, 3A Wards
82629,Division 3,3A, 3A Wards
95149,Division 3,3A, 3A Wards
26991,Division 3,3A, 3A Wards
58431,Division 3,3A, 3A Wards
90103,Division 3,3A, 3A Wards
46834,Division 3,3A, 3A Wards
69984,Division 3,3A, 3A Wards
67100,Division 3,3A, 3A Wards
81720,Division 3,3A, 3A Wards
154,Division 3,3A, 3A Wards
74988,Division 3,3A, 3A Wards
68625,Division 3,3A, 3A Wards
83367,Division 3,3A, 3A Wards
19889,Division 3,3A, 3A Wards
83992,Division 3,3A, 3A Wards
68322,Division 3,3A, 3A Wards
62913,Division 3,3A, 3A Wards
46836,Division 3,3A, 3A Wards
93120,Division 3,3A, 3A Wards
88685,Division 3,3A, 3A Wards
32240,Division 3,3A, 3A Wards
77581,Division 3,3A, 3A Wards
155,Division 3,3A, 3A Wards
80049,Division 3,3A, 3A Wards
19548,Division 3,3A, 3A Wards
46838,Division 3,3A, 3A Wards
22437,Division 3,3A, 3A Wards
91336,Division 3,3A, 3A Wards
78567,Division 3,3A, 3A Wards
46839,Division 3,3A, 3A Wards
72841,Division 3,3A, 3A Wards
74928,Division 3,3A, 3A Wards
63353,Division 3,3A, 3A Wards
58677,Division 3,3A, 3A Wards
72842,Division 3,3A, 3A Wards
32247,Division 3,3A, 3A Wards
32249,Division 3,3A, 3A Wards
90643,Division 3,3A, 3A Wards
91661,Division 3,3A, 3A Wards
69879,Division 3,3A, 3A Wards
79698,Division 3,3A, 3A Wards
90096,Division 3,3A, 3A Wards
32251,Division 3,3A, 3A Wards
46845,Division 3,3A, 3A Wards
71967,Division 3,3A, 3A Wards
79699,Division 3,3A, 3A Wards
91986,Division 3,3A, 3A Wards
66246,Division 3,, 3A Wards
80801,Division 3,3A, 3A Wards
86369,Division 3,3A, 3A Wards
28308,Division 3,3A, 3A Wards
73355,Division 3,3A, 3A Wards
95150,Division 3,3A, 3A Wards
87092,Division 3,3A, 3A Wards
46847,Division 3,3A, 3A Wards
80383,Division 3,3A, 3A Wards
69245,Division 3,3A, 3A Wards
32257,Division 3,3A, 3A Wards
72763,Division 3,3A, 3A Wards
90104,Division 3,3A, 3A Wards
84988,Division 3,3B, 3B Wards
86909,Division 3,3B, 3B Wards
75932,Division 3,3B, 3B Wards
90849,Division 3,3B, 3B Wards
74226,Division 3,3B, 3B Wards
82949,Division 3,3B, 3B Wards
93040,Division 3,3B, 3B Wards
92686,Division 3,3B, 3B Wards
80287,Division 3,3B, 3B Wards
25076,Division 3,3B, 3B Wards
84394,Division 3,3B, 3B Wards
69575,Division 3,3B, 3B Wards
65481,Division 3,3B, 3B Wards
73150,Division 3,3B, 3B Wards
79258,Division 3,3B, 3B Wards
22457,Division 3,3B, 3B Wards
22701,Division 3,3B, 3B Wards
63779,Division 3,3B, 3B Wards
58748,Division 3,3B, 3B Wards
96056,Division 3,3B, 3B Wards
93277,Division 3,3B, 3B Wards
84234,Division 3,3B, 3B Wards
61196,Division 3,3B, 3B Wards
89910,Division 3,3B, 3B Wards
80802,Division 3,3B, 3B Wards
91162,Division 3,3B, 3B Wards
77457,Division 3,3B, 3B Wards
45550,Division 3,3B, 3B Wards
15261,Division 3,3B, 3B Wards
81892,Division 3,3B, 3B Wards
77458,Division 3,3B, 3B Wards
91662,Division 3,3B, 3B Wards
32260,Division 3,3B, 3B Wards
76273,Division 3,3B, 3B Wards
46849,Division 3,3B, 3B Wards
62472,Division 3,3B, 3B Wards
23129,Division 3,3B, 3B Wards
90376,Division 3,3B, 3B Wards
86814,Division 3,3B, 3B Wards
82354,Division 3,3B, 3B Wards
45805,Division 3,3B, 3B Wards
32264,Division 3,3B, 3B Wards
21879,Division 3,3B, 3B Wards
91663,Division 3,3B, 3B Wards
69730,Division 3,3B, 3B Wards
30552,Division 3,3B, 3B Wards
82488,Division 3,3B, 3B Wards
61359,Division 3,3B, 3B Wards
76415,Division 3,3B, 3B Wards
78884,Division 3,3B, 3B Wards
46850,Division 3,3B, 3B Wards
84667,Division 3,3B, 3B Wards
29120,Division 3,3B, 3B Wards
78293,Division 3,3B, 3B Wards
90862,Division 3,3B, 3B Wards
94077,Division 3,3B, 3B Wards
75309,Division 3,3B, 3B Wards
84555,Division 3,3B, 3B Wards
85836,Division 3,3B, 3B Wards
74464,Division 3,3B, 3B Wards
76146,Division 3,3B, 3B Wards
80803,Division 3,3B, 3B Wards
67997,Division 3,3B, 3B Wards
90381,Division 3,3B, 3B Wards
92541,Division 3,3B, 3B Wards
59387,Division 3,3B, 3B Wards
74534,Division 3,3B, 3B Wards
76833,Division 3,3B, 3B Wards
77919,Division 3,3B, 3B Wards
46851,Division 3,3B, 3B Wards
86443,Division 3,3B, 3B Wards
88806,Division 3,3B, 3B Wards
70256,Division 3,3B, 3B Wards
72302,Division 3,3B, 3B Wards
77920,Division 3,3B, 3B Wards
29648,Division 3,3B, 3B Wards
87287,Division 3,3B, 3B Wards
89510,Division 3,3B, 3B Wards
32266,Division 3,3B, 3B Wards
96765,Division 3,3B, 3B Wards
62601,Division 3,3B, 3B Wards
30083,Division 3,3B, 3B Wards
71383,Division 3,3B, 3B Wards
79946,Division 3,3B, 3B Wards
86598,Division 3,3B, 3B Wards
75551,Division 3,3B, 3B Wards
95037,Division 3,3B, 3B Wards
80172,Division 3,3B, 3B Wards
87936,Division 3,3B, 3B Wards
1276,Division 3,3B, 3B Wards
32268,Division 3,3B, 3B Wards
73151,Division 3,3B, 3B Wards
46854,Division 3,3B, 3B Wards
5436,Division 3,3B, 3B Wards
95942,Division 3,3B, 3B Wards
92441,Division 3,3B, 3B Wards
90378,Division 3,3B, 3B Wards
5422,Division 3,3B, 3B Wards
84395,Division 3,3B, 3B Wards
12421,Division 3,3B, 3B Wards
160,Division 3,3B, 3B Wards
32270,Division 3,3B, 3B Wards
30001,Division 3,3B, 3B Wards
5432,Division 3,3B, 3B Wards
32271,Division 3,3B, 3B Wards
32273,Division 3,3B, 3B Wards
171,Division 3,3B, 3B Wards
79933,Division 3,3B, 3B Wards
27175,Division 3,3B, 3B Wards
64056,Division 3,3B, 3B Wards
74535,Division 3,3B, 3B Wards
46856,Division 3,3B, 3B Wards
62743,Division 3,3B, 3B Wards
29638,Division 3,3B, 3B Wards
46858,Division 3,3B, 3B Wards
32277,Division 3,3B, 3B Wards
76557,Division 3,3B, 3B Wards
5426,Division 3,3B, 3B Wards
58990,Division 3,3B, 3B Wards
164,Division 3,3B, 3B Wards
46862,Division 3,Group O Bank, 3B Wards
86183,Division 3,3B, 3B Wards
66715,Division 3,3B, 3B Wards
32284,Division 3,3B, 3B Wards
169,Division 3,3B, 3B Wards
30869,Division 3,3B, 3B Wards
166,Division 3,3B, 3B Wards
66997,Division 3,3B, 3B Wards
46863,Division 3,3B, 3B Wards
49608,Division 3,3B, 3B Wards
20177,Division 3,3B, 3B Wards
32286,Division 3,3B, 3B Wards
63728,Division 3,3B, 3B Wards
32287,Division 3,3B, 3B Wards
69377,Division 3,3B, 3B Wards
76556,Division 3,3B, 3B Wards
72843,Division 3,3B, 3B Wards
5427,Division 3,3B, 3B Wards
46866,Division 3,3B, 3B Wards
82144,Division 3,3B, 3B Wards
5429,Division 3,3B, 3B Wards
18461,Division 3,3B, 3B Wards
5430,Division 3,3B, 3B Wards
69246,Division 3,3B, 3B Wards
65122,Division 3,3B, 3B Wards
32290,Division 3,3B, 3B Wards
84808,Division 3,3B, 3B Wards
5431,Division 3,3B, 3B Wards
16468,Division 3,3B, 3B Wards
3342,Division 3,3B, 3B Wards
46868,Division 3,3B, 3B Wards
46870,Division 3,3B, 3B Wards
60121,Division 3,295 3A, Acute And Short Stay Medicine
72043,Division 3,295 3A, Acute And Short Stay Medicine
46871,Division 3,295 3A, Acute And Short Stay Medicine
92611,Division 3,295 3A, Acute And Short Stay Medicine
14905,Division 3,3A, Acute And Short Stay Medicine
27027,Division 3,3A, Acute And Short Stay Medicine
46874,Division 3,3A, Acute And Short Stay Medicine
46875,Division 3,3A, Acute And Short Stay Medicine
96631,Division 3,3A, Acute And Short Stay Medicine
71968,Division 3,3A, Acute And Short Stay Medicine
32297,Division 3,3A, Acute And Short Stay Medicine
21176,Division 3,3A, Acute And Short Stay Medicine
5435,Division 3,3A, Acute And Short Stay Medicine
5437,Division 3,3A, Acute And Short Stay Medicine
77089,Division 3,3A, Acute And Short Stay Medicine
79700,Division 3,3A, Acute And Short Stay Medicine
14630,Division 3,3A, Acute And Short Stay Medicine
62097,Division 3,3A, Acute And Short Stay Medicine
86569,Division 3,3A, Acute And Short Stay Medicine
73465,Division 3,3A, Acute And Short Stay Medicine
5438,Division 3,3A, Acute And Short Stay Medicine
46882,Division 3,3A, Acute And Short Stay Medicine
5423,Division 3,3A, Acute And Short Stay Medicine
18345,Division 3,3A, Acute And Short Stay Medicine
32302,Division 3,3A, Acute And Short Stay Medicine
25662,Division 3,3A, Acute And Short Stay Medicine
80804,Division 3,3A, Acute And Short Stay Medicine
5440,Division 3,3A, Acute And Short Stay Medicine
68493,Division 3,3A, Acute And Short Stay Medicine
93677,Division 3,3A, Acute And Short Stay Medicine
32303,Division 3,3A, Acute And Short Stay Medicine
57351,Division 3,3A, Acute And Short Stay Medicine
66693,Division 3,3A, Acute And Short Stay Medicine
60924,Division 3,3A, Acute And Short Stay Medicine
78543,Division 3,3A, Acute And Short Stay Medicine
46884,Division 3,3A, Acute And Short Stay Medicine
23188,Division 3,3A, Acute And Short Stay Medicine
12425,Division 3,3A, Acute And Short Stay Medicine
16108,Division 3,3A, Acute And Short Stay Medicine
57594,Division 3,3A, Acute And Short Stay Medicine
77348,Division 3,3A, Acute And Short Stay Medicine
91525,Division 3,3A, Acute And Short Stay Medicine
12428,Division 3,3A, Acute And Short Stay Medicine
77349,Division 3,3A, Acute And Short Stay Medicine
70882,Division 3,3A, Acute And Short Stay Medicine
88807,Division 3,3A, Acute And Short Stay Medicine
63494,Division 3,3A, Acute And Short Stay Medicine
32312,Division 3,3A, Acute And Short Stay Medicine
46889,Division 3,3A, Acute And Short Stay Medicine
28960,Division 3,3A, Acute And Short Stay Medicine
44990,Division 3,3A, Acute And Short Stay Medicine
59169,Division 3,3A, Acute And Short Stay Medicine
21880,Division 3,3A, Acute And Short Stay Medicine
65078,Division 3,3A, Acute And Short Stay Medicine
32313,Division 3,3A, Acute And Short Stay Medicine
45045,Division 3,3A, Acute And Short Stay Medicine
86061,Division 3,3A, Acute And Short Stay Medicine
80273,Division 3,3A, Acute And Short Stay Medicine
75476,Division 3,3A, Acute And Short Stay Medicine
93569,Division 3,3A, Acute And Short Stay Medicine
68220,Division 3,3A, Acute And Short Stay Medicine
78106,Division 3,, Acute And Short Stay Medicine
65049,Division 3,3A, Acute And Short Stay Medicine
68153,Division 3,3A, Acute And Short Stay Medicine
91163,Division 3,3A, Acute And Short Stay Medicine
66828,Division 3,3A, Acute And Short Stay Medicine
82355,Division 3,3A, Acute And Short Stay Medicine
62007,Division 3,3A, Acute And Short Stay Medicine
87918,Division 3,3A, Acute And Short Stay Medicine
32316,Division 3,3A, Acute And Short Stay Medicine
79947,Division 3,3A, Acute And Short Stay Medicine
88067,Division 3,3A, Acute And Short Stay Medicine
96585,Division 3,3A, Acute And Short Stay Medicine
91132,Division 3,3A, Acute And Short Stay Medicine
75392,Division 3,3A, Acute And Short Stay Medicine
93678,Division 3,3A, Acute And Short Stay Medicine
68617,Division 3,3A, Acute And Short Stay Medicine
76946,Division 3,3A, Acute And Short Stay Medicine
95708,Division 3,3A, Acute And Short Stay Medicine
75799,Division 3,3A, Acute And Short Stay Medicine
66327,Division 3,3A, Acute And Short Stay Medicine
77672,Division 3,3A, Acute And Short Stay Medicine
76558,Division 3,3A, Acute And Short Stay Medicine
32317,Division 3,3A, Acute And Short Stay Medicine
95038,Division 3,3A, Acute And Short Stay Medicine
76834,Division 3,3A, Acute And Short Stay Medicine
78449,Division 3,3A, Acute And Short Stay Medicine
86184,Division 3,3A, Acute And Short Stay Medicine
96914,Division 3,3A, Acute And Short Stay Medicine
54267,Division 3,3A, Acute And Short Stay Medicine
21606,Division 3,3A, Acute And Short Stay Medicine
54268,Division 3,3A, Acute And Short Stay Medicine
32332,Division 3,3A, Acute And Short Stay Medicine
32320,Division 3,3A, Acute And Short Stay Medicine
54269,Division 3,3A, Acute And Short Stay Medicine
73611,Division 3,3A, Acute And Short Stay Medicine
89723,Division 3,3A, Acute And Short Stay Medicine
77921,Division 3,3A, Acute And Short Stay Medicine
74536,Division 3,3A, Acute And Short Stay Medicine
85123,Division 3,3A, Acute And Short Stay Medicine
79701,Division 3,3A, Acute And Short Stay Medicine
28930,Division 3,3A, Acute And Short Stay Medicine
46892,Division 3,3A, Acute And Short Stay Medicine
174,Division 3,3A, Acute And Short Stay Medicine
46893,Division 3,3A, Acute And Short Stay Medicine
22779,Division 3,3A, Acute And Short Stay Medicine
46894,Division 3,3A, Acute And Short Stay Medicine
23757,Division 3,3A, Acute And Short Stay Medicine
22964,Division 3,3A, Acute And Short Stay Medicine
43140,Division 3,3A, Acute And Short Stay Medicine
46895,Division 3,3A, Acute And Short Stay Medicine
32307,Division 3,3A, Acute And Short Stay Medicine
46896,Division 3,3A, Acute And Short Stay Medicine
95792,Division 3,3A, Acute And Short Stay Medicine
68323,Division 3,3A, Acute And Short Stay Medicine
68782,Division 3,3A, Acute And Short Stay Medicine
70244,Division 3,3A, Acute And Short Stay Medicine
88510,Division 3,3A, Acute And Short Stay Medicine
67173,Division 3,3A, Acute And Short Stay Medicine
68221,Division 3,3A, Acute And Short Stay Medicine
60294,Division 3,3A, Acute And Short Stay Medicine
46897,Division 3,3A, Acute And Short Stay Medicine
89055,Division 3,3A, Acute And Short Stay Medicine
32330,Division 3,3A, Acute And Short Stay Medicine
84396,Division 3,3A, Acute And Short Stay Medicine
94307,Division 3,3A, Acute And Short Stay Medicine
95391,Division 3,3A, Acute And Short Stay Medicine
62008,Division 3,3A, Acute And Short Stay Medicine
32333,Division 3,3A, Acute And Short Stay Medicine
54272,Division 3,3A, Acute And Short Stay Medicine
83155,Division 3,3A, Acute And Short Stay Medicine
80805,Division 3,3A, Acute And Short Stay Medicine
83368,Division 3,3A, Acute And Short Stay Medicine
93921,Division 3,3A, Acute And Short Stay Medicine
94350,Division 3,3A, Acute And Short Stay Medicine
89829,Division 3,3A, Acute And Short Stay Medicine
32335,Division 3,3A, Acute And Short Stay Medicine
88476,Division 3,3A, Acute And Short Stay Medicine
74227,Division 3,3A, Acute And Short Stay Medicine
84980,Division 3,3A, Acute And Short Stay Medicine
32336,Division 3,3A, Acute And Short Stay Medicine
176,Division 3,3A, Acute And Short Stay Medicine
64394,Division 3,3A, Acute And Short Stay Medicine
54273,Division 3,3A, Acute And Short Stay Medicine
177,Division 3,3A, Acute And Short Stay Medicine
32340,Division 3,3A, Acute And Short Stay Medicine
88808,Division 3,3A, Acute And Short Stay Medicine
84658,Division 3,3A, Acute And Short Stay Medicine
32342,Division 3,3A, Acute And Short Stay Medicine
46898,Division 3,3A, Acute And Short Stay Medicine
30420,Division 3,3A, Acute And Short Stay Medicine
79259,Division 3,3A, Acute And Short Stay Medicine
90515,Division 3,3A, Acute And Short Stay Medicine
79948,Division 3,3A, Acute And Short Stay Medicine
5445,Division 3,3A, Acute And Short Stay Medicine
89403,Division 3,3A, Acute And Short Stay Medicine
84215,Division 3,3A, Acute And Short Stay Medicine
82163,Division 3,3A, Acute And Short Stay Medicine
60473,Division 3,3A, Acute And Short Stay Medicine
80288,Division 3,3A, Acute And Short Stay Medicine
70104,Division 3,3A, Acute And Short Stay Medicine
68623,Division 3,3A, Acute And Short Stay Medicine
89724,Division 3,3A, Acute And Short Stay Medicine
88658,Division 3,3A, Acute And Short Stay Medicine
77119,Division 3,3A, Acute And Short Stay Medicine
94845,Division 3,3A, Acute And Short Stay Medicine
83809,Division 3,3A, Acute And Short Stay Medicine
30315,Division 3,3A, Acute And Short Stay Medicine
58124,Division 3,3A, Acute And Short Stay Medicine
75310,Division 3,3A, Acute And Short Stay Medicine
32344,Division 3,3A, Acute And Short Stay Medicine
72765,Division 3,3A, Acute And Short Stay Medicine
67109,Division 3,3A, Acute And Short Stay Medicine
87646,Division 3,3A, Acute And Short Stay Medicine
28288,Division 3,3A, Acute And Short Stay Medicine
26682,Division 3,3A, Acute And Short Stay Medicine
87093,Division 3,3A, Acute And Short Stay Medicine
79463,Division 3,3A, Acute And Short Stay Medicine
89725,Division 3,3A, Acute And Short Stay Medicine
85471,Division 3,3A, Acute And Short Stay Medicine
75110,Division 3,3A, Acute And Short Stay Medicine
46902,Division 3,3A, Acute And Short Stay Medicine
90506,Division 3,3A, Acute And Short Stay Medicine
68679,Division 3,3A, Acute And Short Stay Medicine
86922,Division 3,3A, Acute And Short Stay Medicine
95077,Division 3,3B, Clinical Site Mgt & Discharge Lounge
93928,Division 3,3B, Clinical Site Mgt & Discharge Lounge
70807,Division 3,3B, Clinical Site Mgt & Discharge Lounge
83217,Division 3,3B, Clinical Site Mgt & Discharge Lounge
30097,Division 3,3B, Clinical Site Mgt & Discharge Lounge
179,Division 3,3B, Clinical Site Mgt & Discharge Lounge
73432,Division 3,3B, Clinical Site Mgt & Discharge Lounge
84556,Division 3,3B, Clinical Site Mgt & Discharge Lounge
91755,Division 3,3B, Clinical Site Mgt & Discharge Lounge
80627,Division 3,3B, Clinical Site Mgt & Discharge Lounge
79616,Division 3,3B, Clinical Site Mgt & Discharge Lounge
96066,Division 3,3B, Clinical Site Mgt & Discharge Lounge
72411,Division 3,3B, Clinical Site Mgt & Discharge Lounge
18875,Division 3,3B, Clinical Site Mgt & Discharge Lounge
74675,Division 3,3B, Clinical Site Mgt & Discharge Lounge
83636,Division 3,3B, Clinical Site Mgt & Discharge Lounge
58870,Division 3,3B, Dental Services
65483,Division 3,3M, Div 3 Management
76243,Division 3,3M, Div 3 Management
64020,Division 3,3M, Div 3 Management
66261,Division 3,3M, Div 3 Management
82356,Division 3,3M, Div 3 Management
62098,Division 3,3M, Div 3 Management
87200,Division 3,3M, Div 3 Management
83810,Division 3,3M, Div 3 Management
91826,Division 3,3M, Div 3 Management
93404,Division 3,4A, Emergency General Surgery
84557,Division 3,4A, Emergency General Surgery
87937,Division 3,295 3A, Emergency Medicine
95757,Division 3,295 3A, Emergency Medicine
94600,Division 3,3A, Emergency Medicine
93957,Division 3,3A, Emergency Medicine
66337,Division 3,3A, Emergency Medicine
85113,Division 3,3A, Emergency Medicine
29316,Division 3,3A, Emergency Medicine
29959,Division 3,3A, Emergency Medicine
65009,Division 3,3A, Emergency Medicine
87326,Division 3,3A, Emergency Medicine
82630,Division 3,3A, Emergency Medicine
87201,Division 3,3A, Emergency Medicine
81721,Division 3,3A, Emergency Medicine
77459,Division 3,3A, Emergency Medicine
87094,Division 3,3A, Emergency Medicine
63727,Division 3,3A, Emergency Medicine
74474,Division 3,3A, Emergency Medicine
78294,Division 3,3A, Emergency Medicine
14511,Division 3,3A, Emergency Medicine
46909,Division 3,3A, Emergency Medicine
5449,Division 3,3A, Emergency Medicine
20069,Division 3,3A, Emergency Medicine
90105,Division 3,3A, Emergency Medicine
65804,Division 3,3A, Emergency Medicine
46910,Division 3,3A, Emergency Medicine
73211,Division 3,3A, Emergency Medicine
32357,Division 3,3A, Emergency Medicine
30561,Division 3,3A, Emergency Medicine
14512,Division 3,3A, Emergency Medicine
86704,Division 3,3A, Emergency Medicine
32359,Division 3,3A, Emergency Medicine
5461,Division 3,3A, Emergency Medicine
66771,Division 3,3A, Emergency Medicine
96738,Division 3,3A, Emergency Medicine
46912,Division 3,3A, Emergency Medicine
82631,Division 3,3A, Emergency Medicine
82746,Division 3,3A, Emergency Medicine
46914,Division 3,3A, Emergency Medicine
95225,Division 3,3A, Emergency Medicine
46915,Division 3,3A, Emergency Medicine
46916,Division 3,3A, Emergency Medicine
46917,Division 3,3A, Emergency Medicine
46918,Division 3,3A, Emergency Medicine
67018,Division 3,3A, Emergency Medicine
32368,Division 3,3A, Emergency Medicine
5452,Division 3,3A, Emergency Medicine
12433,Division 3,3A, Emergency Medicine
81722,Division 3,3A, Emergency Medicine
46920,Division 3,3A, Emergency Medicine
181,Division 3,3A, Emergency Medicine
183,Division 3,3A, Emergency Medicine
72533,Division 3,3A, Emergency Medicine
46922,Division 3,3A, Emergency Medicine
32371,Division 3,3A, Emergency Medicine
12434,Division 3,3A, Emergency Medicine
5454,Division 3,3A, Emergency Medicine
5455,Division 3,3A, Emergency Medicine
63056,Division 3,3A, Emergency Medicine
184,Division 3,3A, Emergency Medicine
12435,Division 3,3A, Emergency Medicine
46924,Division 3,3A, Emergency Medicine
46925,Division 3,3A, Emergency Medicine
39391,Division 3,3A, Emergency Medicine
46926,Division 3,3A, Emergency Medicine
5456,Division 3,3A, Emergency Medicine
31050,Division 3,3A, Emergency Medicine
16267,Division 3,3A, Emergency Medicine
46927,Division 3,3A, Emergency Medicine
182,Division 3,3A, Emergency Medicine
32376,Division 3,3A, Emergency Medicine
46928,Division 3,3A, Emergency Medicine
46929,Division 3,3A, Emergency Medicine
46930,Division 3,3A, Emergency Medicine
67662,Division 3,3A, Emergency Medicine
32379,Division 3,3A, Emergency Medicine
5458,Division 3,3A, Emergency Medicine
46931,Division 3,3A, Emergency Medicine
5466,Division 3,3A, Emergency Medicine
63558,Division 3,3A, Emergency Medicine
23792,Division 3,3A, Emergency Medicine
5460,Division 3,3A, Emergency Medicine
5457,Division 3,, Emergency Medicine
651,Division 3,3A, Emergency Medicine
66827,Division 3,3A, Emergency Medicine
46933,Division 3,3A, Emergency Medicine
46934,Division 3,3A, Emergency Medicine
46935,Division 3,3A, Emergency Medicine
5464,Division 3,3A, Emergency Medicine
86705,Division 3,3A, Emergency Medicine
77816,Division 3,3A, Emergency Medicine
93570,Division 3,3A, Emergency Medicine
5453,Division 3,3A, Emergency Medicine
31565,Division 3,3A, Emergency Medicine
90382,Division 3,3A, Emergency Medicine
70167,Division 3,3A, Emergency Medicine
187,Division 3,3A, Emergency Medicine
10927,Division 3,3A, Emergency Medicine
32384,Division 3,3A, Emergency Medicine
32385,Division 3,3A, Emergency Medicine
46937,Division 3,3A, Emergency Medicine
20656,Division 3,3A, Emergency Medicine
79014,Division 3,3A, Emergency Medicine
46938,Division 3,3A, Emergency Medicine
24653,Division 3,3A, Emergency Medicine
5468,Division 3,3A, Emergency Medicine
46939,Division 3,3A, Emergency Medicine
44981,Division 3,3A, Emergency Medicine
91827,Division 3,3A, Emergency Medicine
46940,Division 3,3A, Emergency Medicine
16258,Division 3,3A, Emergency Medicine
63474,Division 3,3A, Emergency Medicine
85416,Division 3,3A, Emergency Medicine
84397,Division 3,3A, Emergency Medicine
66886,Division 3,3A, Emergency Medicine
68164,Division 3,CV, Emergency Medicine
32390,Division 3,3A, Emergency Medicine
32392,Division 3,3A, Emergency Medicine
63991,Division 3,3A, Emergency Medicine
63162,Division 3,3A, Emergency Medicine
46941,Division 3,3A, Emergency Medicine
46942,Division 3,3A, Emergency Medicine
5470,Division 3,3A, Emergency Medicine
12441,Division 3,3A, Emergency Medicine
12443,Division 3,3A, Emergency Medicine
32394,Division 3,3A, Emergency Medicine
20497,Division 3,3A, Emergency Medicine
83812,Division 3,3A, Emergency Medicine
32395,Division 3,3A, Emergency Medicine
71744,Division 3,3A, Emergency Medicine
18476,Division 3,3A, Emergency Medicine
26383,Division 3,3A, Emergency Medicine
83811,Division 3,3A, Emergency Medicine
46943,Division 3,3A, Emergency Medicine
31149,Division 3,3A, Emergency Medicine
28726,Division 3,3A, Emergency Medicine
83766,Division 3,3A, Emergency Medicine
25956,Division 3,3A, Emergency Medicine
46945,Division 3,3A, Emergency Medicine
5472,Division 3,3A, Emergency Medicine
46946,Division 3,3A, Emergency Medicine
46947,Division 3,3A, Emergency Medicine
67242,Division 3,3A, Emergency Medicine
46948,Division 3,3A, Emergency Medicine
94796,Division 3,3A, Emergency Medicine
75934,Division 3,3A, Emergency Medicine
75256,Division 3,3A, Emergency Medicine
64678,Division 3,3A, Emergency Medicine
23680,Division 3,3A, Emergency Medicine
32404,Division 3,, Emergency Medicine
54277,Division 3,3A, Emergency Medicine
91756,Division 3,3A, Emergency Medicine
42304,Division 3,3A, Emergency Medicine
62345,Division 3,3A, Emergency Medicine
94670,Division 3,3A, Emergency Medicine
93788,Division 3,3A, Emergency Medicine
75393,Division 3,3A, Emergency Medicine
86320,Division 3,3A, Emergency Medicine
68783,Division 3,3A, Emergency Medicine
83637,Division 3,3A, Emergency Medicine
89985,Division 3,3A, Emergency Medicine
65010,Division 3,3A, Emergency Medicine
84989,Division 3,3A, Emergency Medicine
92872,Division 3,3A, Emergency Medicine
79949,Division 3,3A, Emergency Medicine
83369,Division 3,3A, Emergency Medicine
70257,Division 3,3A, Emergency Medicine
83993,Division 3,3A, Emergency Medicine
15291,Division 3,3A, Emergency Medicine
93498,Division 3,3A, Emergency Medicine
94871,Division 3,3A, Emergency Medicine
96847,Division 3,3A, Emergency Medicine
59558,Division 3,3A, Emergency Medicine
69881,Division 3,3A, Emergency Medicine
62882,Division 3,3A, Emergency Medicine
62565,Division 3,3A, Emergency Medicine
29261,Division 3,3A, Emergency Medicine
82757,Division 3,3A, Emergency Medicine
83994,Division 3,3A, Emergency Medicine
32410,Division 3,3A, Emergency Medicine
80628,Division 3,3A, Emergency Medicine
66228,Division 3,3A, Emergency Medicine
67878,Division 3,3A, Emergency Medicine
28468,Division 3,3A, Emergency Medicine
27905,Division 3,3A, Emergency Medicine
89468,Division 3,3A, Emergency Medicine
5474,Division 3,, Emergency Medicine
54279,Division 3,3A, Emergency Medicine
65582,Division 3,3A, Emergency Medicine
74968,Division 3,3A, Emergency Medicine
96739,Division 3,3A, Emergency Medicine
82357,Division 3,3A, Emergency Medicine
94444,Division 3,3A, Emergency Medicine
77350,Division 3,3A, Emergency Medicine
91828,Division 3,3A, Emergency Medicine
96287,Division 3,3A, Emergency Medicine
82950,Division 3,3A, Emergency Medicine
81169,Division 3,3A, Emergency Medicine
85624,Division 3,3A, Emergency Medicine
87916,Division 3,3A, Emergency Medicine
78450,Division 3,3A, Emergency Medicine
76986,Division 3,3A, Emergency Medicine
18876,Division 3,3A, Emergency Medicine
96503,Division 3,3A, Emergency Medicine
46954,Division 3,3A, Emergency Medicine
46955,Division 3,3A, Emergency Medicine
63870,Division 3,3A, Emergency Medicine
84217,Division 3,3A, Emergency Medicine
46956,Division 3,3A, Emergency Medicine
75311,Division 3,3A, Emergency Medicine
46957,Division 3,, Emergency Medicine
87523,Division 3,, Emergency Medicine
85625,Division 3,3A, Emergency Medicine
80629,Division 3,3A, Emergency Medicine
45003,Division 3,295 3B, Health Care of Older People
67797,Division 3,304 3B, Health Care of Older People
89511,Division 3,3B, Health Care of Older People
74331,Division 3,3B, Health Care of Older People
68172,Division 3,3B, Health Care of Older People
88340,Division 3,3B, Health Care of Older People
82632,Division 3,3B, Health Care of Older People
95637,Division 3,3B, Health Care of Older People
15220,Division 3,3B, Health Care of Older People
88721,Division 3,3B, Health Care of Older People
80783,Division 3,3B, Health Care of Older People
84809,Division 3,3B, Health Care of Older People
77814,Division 3,3B, Health Care of Older People
88654,Division 3,3B, Health Care of Older People
96395,Division 3,2B, Health Care of Older People
60044,Division 3,3B, Health Care of Older People
94645,Division 3,3B, Health Care of Older People
25216,Division 3,3B, Health Care of Older People
66915,Division 3,3B, Health Care of Older People
80453,Division 3,3B, Health Care of Older People
75382,Division 3,3B, Health Care of Older People
72779,Division 3,3B, Health Care of Older People
59175,Division 3,3B, Health Care of Older People
64133,Division 3,3B, Health Care of Older People
46960,Division 3,3B, Health Care of Older People
79222,Division 3,3B, Health Care of Older People
66332,Division 3,3B, Health Care of Older People
74943,Division 3,3B, Health Care of Older People
91757,Division 3,3B, Health Care of Older People
91518,Division 3,3B, Health Care of Older People
90837,Division 3,3B, Health Care of Older People
82184,Division 3,3B, Health Care of Older People
87741,Division 3,3B, Health Care of Older People
46961,Division 3,3B, Health Care of Older People
46962,Division 3,3B, Health Care of Older People
46963,Division 3,3B, Health Care of Older People
22477,Division 3,3B, Health Care of Older People
80704,Division 3,3B, Health Care of Older People
64597,Division 3,3B, Health Care of Older People
93544,Division 3,3B, Health Care of Older People
95483,Division 3,3B, Health Care of Older People
95322,Division 3,3B, Health Care of Older People
82894,Division 3,3B, Health Care of Older People
90872,Division 3,3B, Health Care of Older People
23122,Division 3,3B, Health Care of Older People
86370,Division 3,3B, Health Care of Older People
72830,Division 3,3B, Health Care of Older People
61870,Division 3,3B, Health Care of Older People
28686,Division 3,3B, Health Care of Older People
95618,Division 3,3B, Health Care of Older People
69585,Division 3,3B, Health Care of Older People
87524,Division 3,3B, Health Care of Older People
75935,Division 3,3B, Health Care of Older People
88341,Division 3,3B, Health Care of Older People
60777,Division 3,3B, Health Care of Older People
26349,Division 3,3B, Health Care of Older People
69731,Division 3,3B, Health Care of Older People
60570,Division 3,3B, Health Care of Older People
90873,Division 3,3B, Health Care of Older People
189,Division 3,3B, Health Care of Older People
80361,Division 3,3B, Health Care of Older People
46965,Division 3,3B, Health Care of Older People
81453,Division 3,3B, Health Care of Older People
68498,Division 3,3B, Health Care of Older People
61558,Division 3,3B, Health Care of Older People
93679,Division 3,3B, Health Care of Older People
92750,Division 3,3B, Health Care of Older People
75936,Division 3,3B, Health Care of Older People
74117,Division 3,3B, Health Care of Older People
88586,Division 3,3B, Health Care of Older People
91536,Division 3,3B, Health Care of Older People
67403,Division 3,3B, Health Care of Older People
96538,Division 3,3B, Health Care of Older People
72412,Division 3,3B, Health Care of Older People
94912,Division 3,3B, Health Care of Older People
74883,Division 3,3B, Health Care of Older People
71046,Division 3,3B, Health Care of Older People
69247,Division 3,3B, Health Care of Older People
32424,Division 3,3B, Health Care of Older People
94464,Division 3,3B, Health Care of Older People
89148,Division 3,3B, Health Care of Older People
96325,Division 3,3B, Health Care of Older People
75607,Division 3,3B, Health Care of Older People
89286,Division 3,, Health Care of Older People
46968,Division 3,3B, Health Care of Older People
95709,Division 3,3B, Health Care of Older People
80494,Division 3,3B, Health Care of Older People
44967,Division 3,5B, Health Care of Older People
61009,Division 3,3B, Health Care of Older People
57379,Division 3,3B, Health Care of Older People
32425,Division 3,3B, Health Care of Older People
190,Division 3,3B, Health Care of Older People
77118,Division 3,3B, Health Care of Older People
73754,Division 3,3A, Health Care of Older People
96829,Division 3,3B, Health Care of Older People
58125,Division 3,3B, Health Care of Older People
85933,Division 3,3B, Health Care of Older People
46969,Division 3,3B, Health Care of Older People
85932,Division 3,3B, Health Care of Older People
73612,Division 3,3B, Health Care of Older People
72694,Division 3,3B, Health Care of Older People
90739,Division 3,3B, Health Care of Older People
60177,Division 3,3B, Health Care of Older People
32428,Division 3,3B, Health Care of Older People
89830,Division 3,3B, Health Care of Older People
70113,Division 3,3B, Health Care of Older People
93798,Division 3,3B, Health Care of Older People
90106,Division 3,3B, Health Care of Older People
91298,Division 3,3B, Health Care of Older People
61316,Division 3,3B, Health Care of Older People
92972,Division 3,3B, Health Care of Older People
82874,Division 3,3B, Health Care of Older People
92830,Division 3,3B, Health Care of Older People
29866,Division 3,3B, Health Care of Older People
28144,Division 3,3B, Health Care of Older People
91313,Division 3,3B, Health Care of Older People
88809,Division 3,3B, Health Care of Older People
32430,Division 3,3B, Health Care of Older People
64027,Division 3,3B, Health Care of Older People
92542,Division 3,3B, Health Care of Older People
59372,Division 3,3B, Health Care of Older People
94250,Division 3,3B, Health Care of Older People
45567,Division 3,3B, Health Care of Older People
65074,Division 3,3B, Health Care of Older People
76706,Division 3,3B, Health Care of Older People
46972,Division 3,3B, Health Care of Older People
76261,Division 3,CD, Health Care of Older People
71047,Division 3,3B, Health Care of Older People
46973,Division 3,3B, Health Care of Older People
81085,Division 3,3B, Health Care of Older People
94272,Division 3,3B, Health Care of Older People
90516,Division 3,3B, Health Care of Older People
60935,Division 3,3B, Health Care of Older People
88810,Division 3,3B, Health Care of Older People
66435,Division 3,3B, Health Care of Older People
94408,Division 3,3B, Health Care of Older People
79703,Division 3,3B, Health Care of Older People
72413,Division 3,3B, Health Care of Older People
81048,Division 3,3B, Health Care of Older People
93680,Division 3,3B, Health Care of Older People
91537,Division 3,3B, Solihull Community Services
86599,Division 3,3B, Solihull Community Services
81386,Division 3,3B, Solihull Community Services
32435,Division 3,3B, Stroke Services
32436,Division 3,3B, Stroke Services
65963,Division 3,3B, Stroke Services
96132,Division 3,3B, Stroke Services
27585,Division 3,3B, Stroke Services
86371,Division 3,3B, Stroke Services
85837,Division 3,3B, Stroke Services
27136,Division 3,3B, Stroke Services
61992,Division 3,3B, Stroke Services
82215,Division 3,3B, Stroke Services
90517,Division 3,3B, Stroke Services
60272,Division 3,3B, Stroke Services
20343,Division 3,295 3B, Therapy Services
93278,Division 3,3B, Therapy Services
32438,Division 3,3B, Therapy Services
45514,Division 3,3B, Therapy Services
87431,Division 3,3B, Therapy Services
32439,Division 3,3B, Therapy Services
46976,Division 3,3B, Therapy Services
82951,Division 3,3B, Therapy Services
32441,Division 3,3B, Therapy Services
80495,Division 3,3B, Therapy Services
93438,Division 3,3B, Therapy Services
5479,Division 3,3B, Therapy Services
25593,Division 3,3B, Therapy Services
77174,Division 3,3B, Therapy Services
32442,Division 3,3B, Therapy Services
78708,Division 3,3B, Therapy Services
85280,Division 3,3B, Therapy Services
32443,Division 3,3B, Therapy Services
79015,Division 3,3B, Therapy Services
54284,Division 3,3B, Therapy Services
73721,Division 3,3B, Therapy Services
83493,Division 3,3B, Therapy Services
91054,Division 3,3B, Therapy Services
66095,Division 3,3B, Therapy Services
74758,Division 3,3B, Therapy Services
81893,Division 3,3B, Therapy Services
67230,Division 3,3B, Therapy Services
93167,Division 3,3B, Therapy Services
92231,Division 3,3B, Therapy Services
89416,Division 3,3B, Therapy Services
61610,Division 3,3B, Therapy Services
66623,Division 3,3B, Therapy Services
85920,Division 3,3B, Therapy Services
94424,Division 3,3B, Therapy Services
21179,Division 3,3B, Therapy Services
90107,Division 3,3B, Therapy Services
87990,Division 3,3B, Therapy Services
75924,Division 3,3B, Therapy Services
58509,Division 3,3B, Therapy Services
28668,Division 3,3B, Therapy Services
95080,Division 3,3B, Therapy Services
68784,Division 3,3B, Therapy Services
76148,Division 3,3B, Therapy Services
67470,Division 3,3B, Therapy Services
66202,Division 3,3B, Therapy Services
80163,Division 3,3B, Therapy Services
80289,Division 3,3B, Therapy Services
87432,Division 3,3B, Therapy Services
46979,Division 3,3B, Therapy Services
94790,Division 3,3B, Therapy Services
96740,Division 3,3B, Therapy Services
89512,Division 3,3B, Therapy Services
79126,Division 3,3B, Therapy Services
89335,Division 3,3B, Therapy Services
29742,Division 3,3B, Therapy Services
92612,Division 3,3B, Therapy Services
29133,Division 3,3B, Therapy Services
78568,Division 3,3B, Therapy Services
79016,Division 3,3B, Therapy Services
83370,Division 3,3B, Therapy Services
92883,Division 3,3B, Therapy Services
86062,Division 3,3B, Therapy Services
46980,Division 3,3B, Therapy Services
86185,Division 3,3B, Therapy Services
60936,Division 3,3B, Therapy Services
68698,Division 3,3B, Therapy Services
91373,Division 3,3B, Therapy Services
30081,Division 3,3B, Therapy Services
72081,Division 3,3B, Therapy Services
46982,Division 3,3B, Therapy Services
84654,Division 3,3B, Therapy Services
96133,Division 3,3B, Therapy Services
76559,Division 3,3B, Therapy Services
66398,Division 3,3B, Therapy Services
87856,Division 3,3B, Therapy Services
89708,Division 3,4B, Therapy Services
85626,Division 3,3B, Therapy Services
76987,Division 3,3B, Therapy Services
87525,Division 3,3B, Therapy Services
86186,Division 3,3B, Therapy Services
94465,Division 3,3B, Therapy Services
96883,Division 3,3B, Therapy Services
27853,Division 3,3B, Therapy Services
94466,Division 3,3B, Therapy Services
45251,Division 3,3B, Therapy Services
25282,Division 3,3B, Therapy Services
70884,Division 3,3B, Therapy Services
79339,Division 3,3B, Therapy Services
94964,Division 3,3B, Therapy Services
23420,Division 3,3B, Therapy Services
74952,Division 3,3B, Therapy Services
71516,Division 3,3B, Therapy Services
90518,Division 3,3B, Therapy Services
27631,Division 3,3B, Therapy Services
86187,Division 3,3B, Therapy Services
5483,Division 3,3B, Therapy Services
66631,Division 3,3B, Therapy Services
64972,Division 3,3B, Therapy Services
81263,Division 3,3B, Therapy Services
89670,Division 3,3B, Therapy Services
62914,Division 3,3B, Therapy Services
78452,Division 3,3B, Therapy Services
86930,Division 3,3B, Therapy Services
88410,Division 3,3B, Therapy Services
32453,Division 3,3B, Therapy Services
81454,Division 3,3B, Therapy Services
69882,Division 3,3B, Therapy Services
79127,Division 3,3B, Therapy Services
88090,Division 3,3B, Therapy Services
92370,Division 3,3B, Therapy Services
69586,Division 3,3B, Therapy Services
85627,Division 3,3B, Therapy Services
94594,Division 3,3B, Therapy Services
88477,Division 3,3B, Therapy Services
96134,Division 3,3B, Therapy Services
54286,Division 3,3B, Therapy Services
32454,Division 3,3B, Therapy Services
81723,Division 3,3B, Therapy Services
75728,Division 3,3B, Therapy Services
20791,Division 3,3B, Therapy Services
30534,Division 3,3B, Therapy Services
90309,Division 3,3B, Therapy Services
59901,Division 3,3B, Therapy Services
80780,Division 3,3B, Therapy Services
74738,Division 3,3B, Therapy Services
15267,Division 3,3B, Therapy Services
12453,Division 3,3B, Therapy Services
60763,Division 3,3B, Therapy Services
32456,Division 3,3B, Therapy Services
88153,Division 3,3B, Therapy Services
90740,Division 3,3B, Therapy Services
68785,Division 3,3B, Therapy Services
66192,Division 3,3B, Therapy Services
95274,Division 3,3B, Therapy Services
96766,Division 3,3B, Therapy Services
93425,Division 3,3B, Therapy Services
59673,Division 3,3B, Therapy Services
54294,Division 3,3B, Therapy Services
75608,Division 3,3B, Therapy Services
68222,Division 3,3B, Therapy Services
94278,Division 3,3B, Therapy Services
76149,Division 3,3B, Therapy Services
78115,Division 3,3B, Therapy Services
57550,Division 3,3B, Therapy Services
77830,Division 3,3B, Therapy Services
61212,Division 3,3B, Therapy Services
88811,Division 3,3B, Therapy Services
65593,Division 3,3B, Therapy Services
92232,Division 3,3B, Therapy Services
70740,Division 3,3B, Therapy Services
78048,Division 3,3B, Therapy Services
81724,Division 3,3B, Therapy Services
74725,Division 3,3B, Therapy Services
77825,Division 3,3B, Therapy Services
93931,Division 3,3B, Therapy Services
87433,Division 3,3B, Therapy Services
84676,Division 3,3B, Therapy Services
91164,Division 3,3B, Therapy Services
86706,Division 3,3B, Therapy Services
64679,Division 3,3B, Therapy Services
81387,Division 3,3B, Therapy Services
81725,Division 3,3B, Therapy Services
27444,Division 3,3B, Therapy Services
46988,Division 3,3B, Therapy Services
90215,Division 3,3B, Therapy Services
81389,Division 3,3B, Therapy Services
78979,Division 3,3B, Therapy Services
88180,Division 3,3B, Therapy Services
83625,Division 3,3B, Therapy Services
77860,Division 3,3B, Therapy Services
94401,Division 3,3B, Therapy Services
91829,Division 3,3B, Therapy Services
74332,Division 3,3B, Therapy Services
95632,Division 3,3B, Therapy Services
87176,Division 3,3B, Therapy Services
75893,Division 3,3B, Therapy Services
32461,Division 3,3B, Therapy Services
89019,Division 3,3B, Therapy Services
94601,Division 3,3B, Therapy Services
14120,Division 3,3B, Therapy Services
96562,Division 3,3B, Therapy Services
12457,Division 3,4A, Therapy Services
94204,Division 3,3B, Therapy Services
89224,Division 3,3B, Therapy Services
81388,Division 3,3B, Therapy Services
80496,Division 3,3B, Therapy Services
65910,Division 3,3B, Therapy Services
70733,Division 3,3B, Therapy Services
85281,Division 3,3B, Therapy Services
90216,Division 3,3B, Therapy Services
21783,Division 3,3B, Therapy Services
91538,Division 3,3B, Therapy Services
32463,Division 3,3B, Therapy Services
68650,Division 3,3B, Therapy Services
87760,Division 3,3B, Therapy Services
32464,Division 3,3B, Therapy Services
21181,Division 3,3B, Therapy Services
80692,Division 3,3B, Therapy Services
74630,Division 3,3B, Therapy Services
84677,Division 3,3B, Therapy Services
30098,Division 3,3B, Therapy Services
94400,Division 3,3B, Therapy Services
88812,Division 3,3B, Therapy Services
61090,Division 3,3B, Therapy Services
92543,Division 3,3B, Therapy Services
94913,Division 3,3B, Therapy Services
66094,Division 3,3B, Therapy Services
89911,Division 3,3B, Therapy Services
76236,Division 3,3B, Therapy Services
87032,Division 3,3B, Therapy Services
65885,Division 3,3B, Therapy Services
63834,Division 3,3B, Therapy Services
62658,Division 3,3B, Therapy Services
77582,Division 3,3B, Therapy Services
93168,Division 3,3B, Therapy Services
46990,Division 3,3B, Therapy Services
58997,Division 3,3B, Therapy Services
32466,Division 3,3B, Therapy Services
27679,Division 3,3B, Therapy Services
72192,Division 3,3B, Therapy Services
87286,Division 3,3B, Therapy Services
74228,Division 3,3B, Therapy Services
77427,Division 3,3B, Therapy Services
65084,Division 3,3B, Therapy Services
70258,Division 3,3B, Therapy Services
90108,Division 3,3B, Therapy Services
68571,Division 3,3B, Therapy Services
64458,Division 3,3B, Therapy Services
29135,Division 3,3B, Therapy Services
62575,Division 3,3B, Therapy Services
64945,Division 3,3B, Therapy Services
78065,Division 3,3B, Therapy Services
91239,Division 3,3B, Therapy Services
80050,Division 3,3B, Therapy Services
96446,Division 3,3B, Therapy Services
86372,Division 3,3B, Therapy Services
93571,Division 3,3B, Therapy Services
83638,Division 3,3B, Therapy Services
74333,Division 3,3B, Therapy Services
74698,Division 3,3B, Therapy Services
46993,Division 3,3B, Therapy Services
72082,Division 3,3B, Therapy Services
67940,Division 3,3B, Therapy Services
60519,Division 3,3B, Therapy Services
29936,Division 3,3B, Therapy Services
68923,Division 3,3B, Therapy Services
68099,Division 3,3B, Therapy Services
91042,Division 3,3B, Therapy Services
74229,Division 3,3B, Therapy Services
72766,Division 3,3B, Therapy Services
94009,Division 3,3B, Therapy Services
64956,Division 3,3B, Therapy Services
75249,Division 3,3B, Therapy Services
85827,Division 3,3B, Therapy Services
81726,Division 3,3B, Therapy Services
66492,Division 3,3B, Therapy Services
25157,Division 3,3B, Therapy Services
46995,Division 3,3B, Therapy Services
21529,Division 3,3B, Therapy Services
3206,Division 3,3B, Therapy Services
80051,Division 3,3B, Therapy Services
65609,Division 3,3B, Therapy Services
46996,Division 3,3B, Therapy Services
32474,Division 3,3B, Therapy Services
26060,Division 3,3B, Therapy Services
15921,Division 3,3B, Therapy Services
71196,Division 3,3B, Therapy Services
85124,Division 3,3B, Therapy Services
65841,Division 3,3B, Therapy Services
46998,Division 3,3B, Therapy Services
88813,Division 3,3B, Therapy Services
19951,Division 3,3B, Therapy Services
74083,Division 3,3B, Therapy Services
69463,Division 3,3B, Therapy Services
32479,Division 3,3B, Therapy Services
28470,Division 3,3B, Therapy Services
58975,Division 3,3B, Therapy Services
60465,Division 3,3B, Therapy Services
93398,Division 3,3B, Therapy Services
11560,Division 3,3B, Therapy Services
90217,Division 3,3B, Therapy Services
95262,Division 3,3B, Therapy Services
79129,Division 3,3B, Therapy Services
16549,Division 3,3B, Therapy Services
47000,Division 3,3B, Therapy Services
76835,Division 3,3B, Therapy Services
25550,Division 3,3B, Therapy Services
47001,Division 3,3B, Therapy Services
93121,Division 3,3B, Therapy Services
93545,Division 3,3B, Therapy Services
60303,Division 3,3B, Therapy Services
69692,Division 3,3B, Therapy Services
23954,Division 3,3B, Therapy Services
19408,Division 3,3B, Therapy Services
84237,Division 3,3B, Therapy Services
94447,Division 3,3B, Therapy Services
47002,Division 3,3B, Therapy Services
25031,Division 3,3B, Therapy Services
20158,Division 3,3B, Therapy Services
69587,Division 3,3B, Therapy Services
32484,Division 3,3B, Therapy Services
63935,Division 3,3B, Therapy Services
60723,Division 3,3B, Therapy Services
25202,Division 3,3B, Therapy Services
47004,Division 3,3B, Therapy Services
32485,Division 3,3B, Therapy Services
61752,Division 3,3B, Therapy Services
22420,Division 3,3B, Therapy Services
58749,Division 3,3B, Therapy Services
32509,Division 3,3B, Therapy Services
29319,Division 3,3B, Therapy Services
92782,Division 3,, Therapy Services
47007,Division 3,3B, Therapy Services
15920,Division 3,3B, Therapy Services
24827,Division 3,3B, Therapy Services
91664,Division 3,3B, Therapy Services
92233,Division 3,3B, Therapy Services
80384,Division 3,3B, Therapy Services
29320,Division 3,3B, Therapy Services
26763,Division 3,3B, Therapy Services
96853,Division 3,3B, Therapy Services
73758,Division 3,3B, Therapy Services
28005,Division 3,3B, Therapy Services
69883,Division 3,3B, Therapy Services
96915,Division 3,3B, Therapy Services
32490,Division 3,3B, Therapy Services
66759,Division 3,3B, Therapy Services
67088,Division 3,3B, Therapy Services
32514,Division 3,3B, Therapy Services
23323,Division 3,3B, Therapy Services
61691,Division 3,3B, Therapy Services
22626,Division 3,3B, Therapy Services
32492,Division 3,3B, Therapy Services
85522,Division 3,3B, Therapy Services
47013,Division 3,3B, Therapy Services
94467,Division 3,3B, Therapy Services
16268,Division 3,3B, Therapy Services
32495,Division 3,3B, Therapy Services
62347,Division 3,3B, Therapy Services
46974,Division 3,3B, Therapy Services
198,Division 3,, Therapy Services
83640,Division 3,3B, Therapy Services
67941,Division 3,3B, Therapy Services
5492,Division 3,3B, Therapy Services
26607,Division 3,3B, Therapy Services
66046,Division 3,3B, Therapy Services
60653,Division 3,3B, Therapy Services
47016,Division 3,3B, Therapy Services
59964,Division 3,3B, Therapy Services
77154,Division 3,3B, Therapy Services
47018,Division 3,3B, Therapy Services
65647,Division 3,3B, Therapy Services
68223,Division 3,3B, Therapy Services
199,Division 3,3B, Therapy Services
29032,Division 3,3B, Therapy Services
91758,Division 3,3B, Therapy Services
71969,Division 3,3B, Therapy Services
15038,Division 3,3B, Therapy Services
12140,Division 3,3B, Therapy Services
91291,Division 3,3B, Therapy Services
89969,Division 3,3B, Therapy Services
19570,Division 3,3B, Therapy Services
78454,Division 3,3B, Therapy Services
72845,Division 3,3B, Therapy Services
12367,Division 3,3B, Therapy Services
32507,Division 3,3B, Therapy Services
27477,Division 3,3B, Therapy Services
67161,Division 3,3B, Therapy Services
62615,Division 3,3B, Therapy Services
15922,Division 3,3B, Therapy Services
73014,Division 3,3B, Therapy Services
92688,Division 3,3B, Therapy Services
95548,Division 3,3B, Therapy Services
32500,Division 3,3B, Therapy Services
84398,Division 3,3B, Therapy Services
90109,Division 3,3B, Therapy Services
27764,Division 3,3B, Therapy Services
18103,Division 3,3B, Therapy Services
47022,Division 3,3B, Therapy Services
32504,Division 3,3B, Therapy Services
68582,Division 3,3B, Therapy Services
93166,Division 3,3B, Therapy Services
92434,Division 3,3B, Therapy Services
65742,Division 3,3B, Therapy Services
76988,Division 3,3B, Therapy Services
81170,Division 3,3B, Therapy Services
77212,Division 3,3B, Therapy Services
89466,Division 3,3B, Therapy Services
26535,Division 3,, Therapy Services
23297,Division 3,3B, Therapy Services
5495,Division 3,3B, Therapy Services
70885,Division 3,3B, Therapy Services
26789,Division 3,3B, Therapy Services
58128,Division 3,3B, Therapy Services
47025,Division 3,3B, Therapy Services
5496,Division 3,3B, Therapy Services
69497,Division 3,3B, Therapy Services
5497,Division 3,3B, Therapy Services
70887,Division 3,3B, Therapy Services
61654,Division 3,3B, Therapy Services
57846,Division 3,3B, Therapy Services
96002,Division 3,3B, Therapy Services
47028,Division 3,3B, Therapy Services
30905,Division 3,3B, Therapy Services
32512,Division 3,3B, Therapy Services
68224,Division 3,3B, Therapy Services
30100,Division 3,3B, Therapy Services
47031,Division 3,3B, Therapy Services
86063,Division 3,3B, Therapy Services
61753,Division 3,3B, Therapy Services
47032,Division 3,3B, Therapy Services
73232,Division 3,3B, Therapy Services
21665,Division 3,3B, Therapy Services
47033,Division 3,3B, Therapy Services
94048,Division 3,3B, Therapy Services
87526,Division 3,3B, Therapy Services
45819,Division 3,3B, Therapy Services
73356,Division 3,3B, Therapy Services
87847,Division 3,3B, Therapy Services
91540,Division 3,3B, Therapy Services
83371,Division 3,3B, Therapy Services
83494,Division 3,3B, Therapy Services
84810,Division 3,3B, Therapy Services
32521,Division 3,3B, Therapy Services
32522,Division 3,3B, Therapy Services
32523,Division 3,3B, Therapy Services
78709,Division 3,3B, Therapy Services
74124,Division 3,3B, Therapy Services
64270,Division 3,3B, Therapy Services
47036,Division 3,3B, Therapy Services
93279,Division 3,3B, Therapy Services
83353,Division 3,3B, Therapy Services
9971,Division 3,3B, Therapy Services
66569,Division 3,3B, Therapy Services
95337,Division 3,3B, Therapy Services
66017,Division 3,3B, Therapy Services
89513,Division 3,3B, Therapy Services
32526,Division 3,3B, Therapy Services
96916,Division 3,3B, Therapy Services
70723,Division 3,3B, Therapy Services
65154,Division 3,3B, Therapy Services
47038,Division 3,3B, Therapy Services
32529,Division 3,3B, Therapy Services
78453,Division 3,3B, Therapy Services
58303,Division 3,3B, Therapy Services
32501,Division 3,3B, Therapy Services
94207,Division 3,3B, Therapy Services
47039,Division 3,3B, Therapy Services
73613,Division 3,3B, Therapy Services
11075,Division 3,3B, Therapy Services
27006,Division 3,3B, Therapy Services
73467,Division 3,3B, Therapy Services
47040,Division 3,3B, Therapy Services
28541,Division 3,295 3A,
21182,Division 3,295 3A,
86444,Division 3,295 3A,
75312,Division 3,295 3A,
62429,Division 3,295 3A,
92162,Division 3,295 3B,
69067,Division 4,4A, 4A Wards
86600,Division 4,4A, 4A Wards
32531,Division 4,4A, 4A Wards
72193,Division 4,4A, 4A Wards
83229,Division 4,4A, 4A Wards
79846,Division 4,4A, 4A Wards
94296,Division 4,4A, 4A Wards
68545,Division 4,4A, 4A Wards
69248,Division 4,4A, 4A Wards
90110,Division 4,4A, 4A Wards
47041,Division 4,4A, 4A Wards
22608,Division 4,4A, 4A Wards
66897,Division 4,4A, 4A Wards
32533,Division 4,4A, 4A Wards
88628,Division 4,4A, 4A Wards
32534,Division 4,4A, 4A Wards
78440,Division 4,4A, 4A Wards
74146,Division 4,4A, 4A Wards
73015,Division 4,4A, 4A Wards
93681,Division 4,4A, 4A Wards
88167,Division 4,4A, 4A Wards
89474,Division 4,4A, 4A Wards
47043,Division 4,4A, 4A Wards
79774,Division 4,4A, 4A Wards
80250,Division 4,, 4A Wards
78116,Division 4,4A, 4A Wards
32538,Division 4,4A, 4A Wards
5501,Division 4,4A, 4A Wards
66113,Division 4,4A, 4A Wards
68505,Division 4,4A, 4A Wards
47045,Division 4,4A, 4A Wards
80705,Division 4,4A, 4A Wards
21646,Division 4,4A, 4A Wards
71198,Division 4,, 4A Wards
70016,Division 4,4A, 4A Wards
62915,Division 4,4A, 4A Wards
73759,Division 4,4A, 4A Wards
85392,Division 4,4A, 4A Wards
96288,Division 4,4A, 4A Wards
47047,Division 4,4A, 4A Wards
73016,Division 4,4A, 4A Wards
85282,Division 4,4A, 4A Wards
81390,Division 4,4A, 4A Wards
66238,Division 4,4A, 4A Wards
85628,Division 4,4A, 4A Wards
91374,Division 4,4A, 4A Wards
81894,Division 4,4A, 4A Wards
23130,Division 4,4A, 4A Wards
75923,Division 4,4A, 4A Wards
62855,Division 4,4A, 4A Wards
91375,Division 4,4A, 4A Wards
88342,Division 4,4A, 4A Wards
72846,Division 4,4A, 4A Wards
28287,Division 4,4A, 4A Wards
63880,Division 4,4A, 4A Wards
76989,Division 4,4A, 4A Wards
92783,Division 4,4A, 4A Wards
61879,Division 4,4A, 4A Wards
54299,Division 4,4A, 4A Wards
26840,Division 4,4A, 4A Wards
82137,Division 4,4A, 4A Wards
12466,Division 4,4B, 4B Wards
24158,Division 4,4B, 4B Wards
78066,Division 4,4B, 4B Wards
71856,Division 4,4B, 4B Wards
5502,Division 4,4B, 4B Wards
74922,Division 4,4B, 4B Wards
59674,Division 4,4B, 4B Wards
65005,Division 4,4B, 4B Wards
87033,Division 4,4B, 4B Wards
83758,Division 4,, 4B Wards
83641,Division 4,4B, 4B Wards
32547,Division 4,4B, 4B Wards
84990,Division 4,, 4B Wards
54301,Division 4,4B, 4B Wards
78076,Division 4,4B, 4B Wards
88746,Division 4,4B, 4B Wards
91235,Division 4,4B, 4B Wards
89251,Division 4,4B, 4B Wards
81727,Division 4,4B, 4B Wards
66490,Division 4,4B, 4B Wards
93546,Division 4,4B, 4B Wards
89312,Division 4,4B, 4B Wards
77217,Division 4,4B, 4B Wards
80373,Division 4,4B, 4B Wards
61472,Division 4,4B, 4B Wards
64164,Division 4,4B, 4B Wards
88343,Division 4,4B, 4B Wards
88814,Division 4,4B, 4B Wards
96067,Division 4,4B, 4B Wards
75552,Division 4,4B, 4B Wards
94218,Division 4,4B, 4B Wards
94737,Division 4,4B, 4B Wards
87636,Division 4,, 4B Wards
71431,Division 4,4M, Div 4 Management
47053,Division 4,4M, Div 4 Management
58072,Division 4,4M, Div 4 Management
12467,Division 4,4M, Div 4 Management
32552,Division 4,4M, Div 4 Management
20394,Division 4,4M, Div 4 Management
83350,Division 4,4M, Div 4 Management
69508,Division 4,4M, Div 4 Management
89487,Division 4,4M, Div 4 Management
85910,Division 4,4M, Div 4 Management
32553,Division 4,4M, Div 4 Management
90874,Division 4,4M, Div 4 Management
87761,Division 4,4B," Ear, Nose And Throat"
69510,Division 4,4B," Ear, Nose And Throat"
84212,Division 4,4B," Ear, Nose And Throat"
86445,Division 4,4B," Ear, Nose And Throat"
47054,Division 4,4B," Ear, Nose And Throat"
80951,Division 4,4B," Ear, Nose And Throat"
207,Division 4,4B," Ear, Nose And Throat"
208,Division 4,4B," Ear, Nose And Throat"
209,Division 4,4B," Ear, Nose And Throat"
47055,Division 4,4B," Ear, Nose And Throat"
81391,Division 4,4B," Ear, Nose And Throat"
82855,Division 4,4B," Ear, Nose And Throat"
93098,Division 4,4B," Ear, Nose And Throat"
72728,Division 4,4B," Ear, Nose And Throat"
66984,Division 4,4B," Ear, Nose And Throat"
67739,Division 4,4B," Ear, Nose And Throat"
85629,Division 4,4B," Ear, Nose And Throat"
84399,Division 4,4B," Ear, Nose And Throat"
59853,Division 4,4B," Ear, Nose And Throat"
70671,Division 4,4B," Ear, Nose And Throat"
32559,Division 4,4B," Ear, Nose And Throat"
64959,Division 4,4B," Ear, Nose And Throat"
86189,Division 4,4B," Ear, Nose And Throat"
58701,Division 4,4B," Ear, Nose And Throat"
87938,Division 4,4B," Ear, Nose And Throat"
47058,Division 4,4B," Ear, Nose And Throat"
90310,Division 4,4B," Ear, Nose And Throat"
67174,Division 4,4B," Ear, Nose And Throat"
69388,Division 4,4B," Ear, Nose And Throat"
71767,Division 4,4B," Ear, Nose And Throat"
61030,Division 4,4B," Ear, Nose And Throat"
66700,Division 4,4B," Ear, Nose And Throat"
82358,Division 4,4B," Ear, Nose And Throat"
73242,Division 4,4B," Ear, Nose And Throat"
32566,Division 4,4B," Ear, Nose And Throat"
211,Division 4,4B," Ear, Nose And Throat"
79770,Division 4,4B," Ear, Nose And Throat"
63881,Division 4,4B," Ear, Nose And Throat"
47061,Division 4,4B," Ear, Nose And Throat"
86553,Division 4,4B," Ear, Nose And Throat"
47062,Division 4,4B," Ear, Nose And Throat"
47063,Division 4,4B," Ear, Nose And Throat"
26502,Division 4,4B," Ear, Nose And Throat"
93099,Division 4,4B," Ear, Nose And Throat"
47064,Division 4,4B," Ear, Nose And Throat"
75626,Division 4,4B," Ear, Nose And Throat"
32570,Division 4,4B," Ear, Nose And Throat"
63857,Division 4,4B," Ear, Nose And Throat"
90644,Division 4,4B," Ear, Nose And Throat"
5505,Division 4,4B," Ear, Nose And Throat"
63043,Division 4,4B," Ear, Nose And Throat"
21183,Division 4,4B," Ear, Nose And Throat"
76708,Division 4,4B," Ear, Nose And Throat"
94147,Division 4,4B," Ear, Nose And Throat"
65105,Division 4,4B," Ear, Nose And Throat"
47065,Division 4,4B," Ear, Nose And Throat"
5506,Division 4,4B," Ear, Nose And Throat"
47067,Division 4,4B," Ear, Nose And Throat"
212,Division 4,4B," Ear, Nose And Throat"
213,Division 4,4B," Ear, Nose And Throat"
70888,Division 4,4B," Ear, Nose And Throat"
47069,Division 4,4B," Ear, Nose And Throat"
71698,Division 4,3B," Ear, Nose And Throat"
32578,Division 4,4B," Ear, Nose And Throat"
96651,Division 4,4B," Ear, Nose And Throat"
32576,Division 4,295 4A, Emergency General Surgery
95308,Division 4,295 4A, Emergency General Surgery
30312,Division 4,295 4A, Emergency General Surgery
78064,Division 4,295 4A, Emergency General Surgery
69128,Division 4,4A, Emergency General Surgery
81264,Division 4,4A, Emergency General Surgery
5509,Division 4,4A, Emergency General Surgery
75937,Division 4,4A, Emergency General Surgery
47072,Division 4,4A, Emergency General Surgery
80484,Division 4,4A, Emergency General Surgery
5510,Division 4,4A, Emergency General Surgery
47073,Division 4,4A, Emergency General Surgery
88478,Division 4,4A, Emergency General Surgery
94146,Division 4,4A, Emergency General Surgery
18940,Division 4,4A, Emergency General Surgery
216,Division 4,4A, Emergency General Surgery
92973,Division 4,4A, Emergency General Surgery
80052,Division 4,4A, Emergency General Surgery
32583,Division 4,4A, Emergency General Surgery
217,Division 4,4A, Emergency General Surgery
11368,Division 4,4A, Emergency General Surgery
45324,Division 4,4A, Emergency General Surgery
21184,Division 4,4A, Emergency General Surgery
74985,Division 4,4A, Emergency General Surgery
54304,Division 4,4A, Emergency General Surgery
91961,Division 4,4A, Emergency General Surgery
80193,Division 4,4A, Emergency General Surgery
26839,Division 4,4A, Emergency General Surgery
84400,Division 4,4A, Emergency General Surgery
85826,Division 4,4A, Emergency General Surgery
77188,Division 4,4A, Emergency General Surgery
77423,Division 4,4A, Emergency General Surgery
83757,Division 4,4A, Emergency General Surgery
80808,Division 4,4A, Emergency General Surgery
32589,Division 4,4A, Emergency General Surgery
54305,Division 4,4A, Emergency General Surgery
71326,Division 4,4A, Emergency General Surgery
54306,Division 4,4A, Emergency General Surgery
54307,Division 4,4A, Emergency General Surgery
227,Division 4,4A, Emergency General Surgery
25858,Division 4,4A, Emergency General Surgery
58329,Division 4,4A, Emergency General Surgery
69659,Division 4,4A, Emergency General Surgery
86707,Division 4,4A, Emergency General Surgery
80385,Division 4,4A, Emergency General Surgery
54308,Division 4,4A, Emergency General Surgery
54310,Division 4,4A, Emergency General Surgery
89423,Division 4,4A, Emergency General Surgery
61226,Division 4,4A, Emergency General Surgery
54311,Division 4,4A, Emergency General Surgery
32596,Division 4,4A, Emergency General Surgery
26427,Division 4,4A, Emergency General Surgery
70006,Division 4,4A, Emergency General Surgery
80952,Division 4,4A, Emergency General Surgery
29324,Division 4,4A, Emergency General Surgery
32597,Division 4,4A, Emergency General Surgery
65954,Division 4,4A, Emergency General Surgery
15083,Division 4,4A, Emergency General Surgery
80218,Division 4,4A, Emergency General Surgery
89515,Division 4,4A, Emergency General Surgery
64448,Division 4,4A, Emergency General Surgery
32599,Division 4,4A, Emergency General Surgery
5533,Division 4,4A, Emergency General Surgery
32600,Division 4,4A, Emergency General Surgery
83996,Division 4,4A, Emergency General Surgery
5514,Division 4,4A, Emergency General Surgery
89514,Division 4,4A, Emergency General Surgery
84811,Division 4,4A, Emergency General Surgery
5515,Division 4,4A, Emergency General Surgery
54312,Division 4,4A, Emergency General Surgery
220,Division 4,4A, Emergency General Surgery
54313,Division 4,304 4A, Emergency General Surgery
54315,Division 4,4A, Emergency General Surgery
67549,Division 4,4A, Emergency General Surgery
59578,Division 4,4A, Emergency General Surgery
72915,Division 4,4A, Emergency General Surgery
19409,Division 4,4A, Emergency General Surgery
15191,Division 4,4A, Emergency General Surgery
14819,Division 4,4A, Emergency General Surgery
54318,Division 4,4A, Emergency General Surgery
54319,Division 4,4A, Emergency General Surgery
54320,Division 4,4A, Emergency General Surgery
96652,Division 4,4A, Emergency General Surgery
32609,Division 4,4A, Emergency General Surgery
65219,Division 4,4A, Emergency General Surgery
70563,Division 4,4A, Emergency General Surgery
54321,Division 4,4A, Emergency General Surgery
45821,Division 4,, Emergency General Surgery
20448,Division 4,4A, Emergency General Surgery
66142,Division 4,4A, Emergency General Surgery
78118,Division 4,4A, Emergency General Surgery
91271,Division 4,4A, Emergency General Surgery
59209,Division 4,4A, Emergency General Surgery
64266,Division 4,4A, Emergency General Surgery
54322,Division 4,4A, Endoscopy And Gastro Medicine
54323,Division 4,4A, Endoscopy And Gastro Medicine
62189,Division 4,4A, Endoscopy And Gastro Medicine
15230,Division 4,4A, Endoscopy And Gastro Medicine
54324,Division 4,4A, Endoscopy And Gastro Medicine
32613,Division 4,4A, Endoscopy And Gastro Medicine
29326,Division 4,4A, Endoscopy And Gastro Medicine
89132,Division 4,3A, Endoscopy And Gastro Medicine
32614,Division 4,4A, Endoscopy And Gastro Medicine
54326,Division 4,4A, Endoscopy And Gastro Medicine
59765,Division 4,4A, Endoscopy And Gastro Medicine
57545,Division 4,4A, Endoscopy And Gastro Medicine
54327,Division 4,4A, Endoscopy And Gastro Medicine
93480,Division 4,4A, Endoscopy And Gastro Medicine
71023,Division 4,4A, Endoscopy And Gastro Medicine
221,Division 4,4A, Endoscopy And Gastro Medicine
54330,Division 4,4A, Endoscopy And Gastro Medicine
54331,Division 4,4A, Endoscopy And Gastro Medicine
54333,Division 4,4A, Endoscopy And Gastro Medicine
84401,Division 4,4A, Endoscopy And Gastro Medicine
22644,Division 4,4A, Endoscopy And Gastro Medicine
46652,Division 4,4A, Endoscopy And Gastro Medicine
69542,Division 4,4A, Endoscopy And Gastro Medicine
32622,Division 4,4A, Endoscopy And Gastro Medicine
54334,Division 4,4A, Endoscopy And Gastro Medicine
76836,Division 4,4A, Endoscopy And Gastro Medicine
96884,Division 4,4A, Endoscopy And Gastro Medicine
3428,Division 4,4A, Endoscopy And Gastro Medicine
54335,Division 4,4A, Endoscopy And Gastro Medicine
90963,Division 4,4A, Endoscopy And Gastro Medicine
5517,Division 4,4A, Endoscopy And Gastro Medicine
14946,Division 4,4A, Endoscopy And Gastro Medicine
61083,Division 4,4A, Endoscopy And Gastro Medicine
65723,Division 4,4A, Endoscopy And Gastro Medicine
54338,Division 4,4A, Endoscopy And Gastro Medicine
67813,Division 4,4A, Endoscopy And Gastro Medicine
79343,Division 4,4A, Endoscopy And Gastro Medicine
84896,Division 4,, Endoscopy And Gastro Medicine
32625,Division 4,4A, Endoscopy And Gastro Medicine
77351,Division 4,4A, Endoscopy And Gastro Medicine
73152,Division 4,4A, Endoscopy And Gastro Medicine
25420,Division 4,4A, Endoscopy And Gastro Medicine
20607,Division 4,, Endoscopy And Gastro Medicine
80775,Division 4,4A, Endoscopy And Gastro Medicine
32626,Division 4,4A, Endoscopy And Gastro Medicine
76837,Division 4,4A, Endoscopy And Gastro Medicine
72414,Division 4,4A, Endoscopy And Gastro Medicine
63697,Division 4,4A, Endoscopy And Gastro Medicine
5141,Division 4,4A, Endoscopy And Gastro Medicine
70150,Division 4,4A, Endoscopy And Gastro Medicine
32662,Division 4,4A, Endoscopy And Gastro Medicine
78710,Division 4,4A, Endoscopy And Gastro Medicine
54342,Division 4,4A, Endoscopy And Gastro Medicine
92613,Division 4,4A, Endoscopy And Gastro Medicine
25373,Division 4,4A, Endoscopy And Gastro Medicine
66116,Division 4,4A, Endoscopy And Gastro Medicine
71930,Division 4,4A, Endoscopy And Gastro Medicine
71697,Division 4,4A, Endoscopy And Gastro Medicine
54343,Division 4,4A, Endoscopy And Gastro Medicine
78887,Division 4,4A, Endoscopy And Gastro Medicine
32663,Division 4,4A, Endoscopy And Gastro Medicine
75112,Division 4,4A, Endoscopy And Gastro Medicine
58542,Division 4,4A, Endoscopy And Gastro Medicine
71927,Division 4,4A, Endoscopy And Gastro Medicine
5523,Division 4,4A, Endoscopy And Gastro Medicine
72044,Division 4,4A, Endoscopy And Gastro Medicine
5525,Division 4,4A, Lower GI Surgery
46503,Division 4,4A, Lower GI Surgery
63780,Division 4,4A, Lower GI Surgery
20017,Division 4,4A, Lower GI Surgery
54347,Division 4,4A, Lower GI Surgery
94840,Division 4,4A, Lower GI Surgery
32638,Division 4,4A, Lower GI Surgery
54349,Division 4,4A, Lower GI Surgery
64070,Division 4,4A, Lower GI Surgery
69588,Division 4,4A, Lower GI Surgery
32641,Division 4,4B, Maxillofacial
223,Division 4,4B, Maxillofacial
78295,Division 4,4B, Maxillofacial
81672,Division 4,4B, Maxillofacial
224,Division 4,4B, Maxillofacial
54353,Division 4,4B, Maxillofacial
54354,Division 4,4B, Maxillofacial
64036,Division 4,4B, Maxillofacial
72184,Division 4,4B, Maxillofacial
87514,Division 4,4B, Maxillofacial
71730,Division 4,4B, Maxillofacial
95338,Division 4,4B, Maxillofacial
54356,Division 4,4B, Maxillofacial
18503,Division 4,4B, Maxillofacial
88091,Division 4,4B, Maxillofacial
21185,Division 4,4B, Maxillofacial
78117,Division 4,4B, Maxillofacial
32647,Division 4,4B, Maxillofacial
32665,Division 4,4B, Maxillofacial
54358,Division 4,4B, Maxillofacial
94134,Division 4,4B, Maxillofacial
67293,Division 4,4B, Maxillofacial
80161,Division 4,4B, Maxillofacial
54359,Division 4,4B, Maxillofacial
54360,Division 4,4B, Maxillofacial
32667,Division 4,4B, Maxillofacial
27437,Division 4,4B, Maxillofacial
75113,Division 4,4B, Maxillofacial
91055,Division 4,4B, Maxillofacial
62916,Division 4,4B, Maxillofacial
5532,Division 4,4B, Maxillofacial
54362,Division 4,4B, Maxillofacial
82359,Division 4,4B, Maxillofacial
54363,Division 4,4B, Maxillofacial
68420,Division 4,4B, Maxillofacial
225,Division 4,4B, Maxillofacial
19780,Division 4,4B, Maxillofacial
14770,Division 4,4B, Maxillofacial
32654,Division 4,4B, Maxillofacial
54364,Division 4,4B, Maxillofacial
88756,Division 4,4B, Maxillofacial
79261,Division 4,4B, Maxillofacial
90645,Division 4,4B, Maxillofacial
54365,Division 4,4B, Maxillofacial
75313,Division 4,4B, Maxillofacial
226,Division 4,4B, Maxillofacial
86064,Division 4,4B, Maxillofacial
32659,Division 4,4B, Maxillofacial
77875,Division 4,304 4B, Ophthalmology
27903,Division 4,304 4B, Ophthalmology
90519,Division 4,4B, Ophthalmology
88515,Division 4,4B, Ophthalmology
95698,Division 4,4B, Ophthalmology
85546,Division 4,4B, Ophthalmology
60235,Division 4,4B, Ophthalmology
62341,Division 4,, Ophthalmology
87202,Division 4,4B, Ophthalmology
5524,Division 4,4B, Ophthalmology
63477,Division 4,4B, Ophthalmology
59663,Division 4,4B, Ophthalmology
64655,Division 4,4B, Ophthalmology
87045,Division 4,4B, Ophthalmology
29076,Division 4,4B, Ophthalmology
93547,Division 4,4B, Ophthalmology
70017,Division 4,4B, Ophthalmology
64908,Division 4,4B, Ophthalmology
93540,Division 4,4B, Ophthalmology
96634,Division 4,4B, Ophthalmology
24765,Division 4,4B, Ophthalmology
85630,Division 4,4B, Ophthalmology
66205,Division 4,4B, Ophthalmology
90520,Division 4,4B, Ophthalmology
18104,Division 4,4B, Ophthalmology
85911,Division 4,4B, Ophthalmology
47075,Division 4,4B, Ophthalmology
77922,Division 4,4B, Ophthalmology
86190,Division 4,4B, Ophthalmology
93041,Division 4,4B, Ophthalmology
74334,Division 4,4B, Ophthalmology
79704,Division 4,4B, Ophthalmology
73616,Division 4,4B, Ophthalmology
70804,Division 4,4B, Ophthalmology
69229,Division 4,4B, Ophthalmology
63468,Division 4,4B, Ophthalmology
72835,Division 4,4B, Outpatient Clinics
95885,Division 4,4B, Outpatient Clinics
94308,Division 4,4B, Outpatient Clinics
71384,Division 4,4B, Outpatient Clinics
47077,Division 4,4B, Outpatient Clinics
86049,Division 4,4B, Outpatient Clinics
94671,Division 4,4B, Outpatient Clinics
69037,Division 4,4B, Outpatient Clinics
21186,Division 4,4B, Outpatient Clinics
95793,Division 4,4B, Outpatient Clinics
96917,Division 4,4B, Outpatient Clinics
60850,Division 4,4B, Outpatient Clinics
19667,Division 4,4B, Outpatient Clinics
94148,Division 4,4B, Outpatient Clinics
85934,Division 4,4B, Outpatient Clinics
87527,Division 4,4B, Outpatient Clinics
15156,Division 4,4B, Outpatient Clinics
72687,Division 4,4B, Outpatient Clinics
81895,Division 4,4B, Outpatient Clinics
60571,Division 4,4B, Outpatient Clinics
5535,Division 4,4B, Outpatient Clinics
84678,Division 4,4B, Outpatient Clinics
47080,Division 4,4B, Outpatient Clinics
81455,Division 4,4B, Outpatient Clinics
32676,Division 4,4B, Outpatient Clinics
47081,Division 4,4B, Outpatient Clinics
79262,Division 4,4B, Outpatient Clinics
76150,Division 4,4B, Outpatient Clinics
60775,Division 4,4B, Outpatient Clinics
92808,Division 4,4B, Outpatient Clinics
67288,Division 4,4B, Outpatient Clinics
59389,Division 4,4B, Outpatient Clinics
229,Division 4,4B, Outpatient Clinics
68325,Division 4,4B, Outpatient Clinics
77461,Division 4,4B, Outpatient Clinics
77673,Division 4,4B, Outpatient Clinics
90454,Division 4,4B, Outpatient Clinics
90646,Division 4,4B, Outpatient Clinics
89726,Division 4,4B, Outpatient Clinics
91165,Division 4,4B, Outpatient Clinics
65075,Division 4,4B, Outpatient Clinics
69589,Division 4,4B, Outpatient Clinics
78456,Division 4,4B, Outpatient Clinics
95794,Division 4,4B, Outpatient Clinics
59225,Division 4,4B, Outpatient Clinics
79705,Division 4,4B, Outpatient Clinics
47082,Division 4,4B, Outpatient Clinics
85283,Division 4,4B, Outpatient Clinics
47083,Division 4,4B, Outpatient Clinics
90647,Division 4,4B, Outpatient Clinics
5536,Division 4,4B, Outpatient Clinics
95151,Division 4,4B, Outpatient Clinics
86709,Division 4,4B, Outpatient Clinics
32682,Division 4,4B, Outpatient Clinics
75803,Division 4,4B, Outpatient Clinics
76944,Division 4,4B, Outpatient Clinics
71199,Division 4,4B, Outpatient Clinics
3427,Division 4,4B, Outpatient Clinics
232,Division 4,4B, Outpatient Clinics
32683,Division 4,4B, Outpatient Clinics
32684,Division 4,4B, Outpatient Clinics
32685,Division 4,4B, Outpatient Clinics
66718,Division 4,4B, Outpatient Clinics
64039,Division 4,4B, Outpatient Clinics
76814,Division 4,4B, Outpatient Clinics
95460,Division 4,4B, Outpatient Clinics
24455,Division 4,4B, Outpatient Clinics
233,Division 4,4B, Outpatient Clinics
32686,Division 4,4B, Outpatient Clinics
240,Division 4,4B, Outpatient Clinics
5539,Division 4,4B, Outpatient Clinics
61980,Division 4,4B, Outpatient Clinics
47086,Division 4,4B, Outpatient Clinics
5540,Division 4,4B, Outpatient Clinics
47087,Division 4,4B, Outpatient Clinics
88000,Division 4,4B, Outpatient Clinics
90470,Division 4,4B, Outpatient Clinics
47088,Division 4,4B, Outpatient Clinics
12474,Division 4,4B, Outpatient Clinics
22288,Division 4,4B, Outpatient Clinics
5542,Division 4,4B, Outpatient Clinics
47089,Division 4,4B, Outpatient Clinics
47090,Division 4,4B, Outpatient Clinics
62217,Division 4,4B, Outpatient Clinics
87939,Division 4,4B, Outpatient Clinics
32692,Division 4,4B, Outpatient Clinics
12478,Division 4,4B, Outpatient Clinics
241,Division 4,4B, Outpatient Clinics
28057,Division 4,4B, Outpatient Clinics
47091,Division 4,4B, Outpatient Clinics
236,Division 4,4B, Outpatient Clinics
77187,Division 4,4B, Outpatient Clinics
47092,Division 4,4B, Outpatient Clinics
12480,Division 4,4B, Outpatient Clinics
47093,Division 4,4B, Outpatient Clinics
5543,Division 4,4B, Outpatient Clinics
47094,Division 4,4B, Outpatient Clinics
70889,Division 4,4B, Outpatient Clinics
11139,Division 4,4B, Outpatient Clinics
91041,Division 4,4B, Outpatient Clinics
32695,Division 4,4B, Outpatient Clinics
88529,Division 4,4B, Outpatient Clinics
18105,Division 4,4A, Upper GI Surgery
79130,Division 4,4A, Upper GI Surgery
5544,Division 4,4A, Upper GI Surgery
5545,Division 4,4A, Upper GI Surgery
22865,Division 4,4A, Upper GI Surgery
47096,Division 4,4A, Upper GI Surgery
5547,Division 4,4A, Upper GI Surgery
47097,Division 4,4A, Upper GI Surgery
84238,Division 4,4A, Upper GI Surgery
72033,Division 4,4A, Upper GI Surgery
47098,Division 4,4B, Urology
47099,Division 4,4B, Urology
5548,Division 4,4B, Urology
32697,Division 4,4B, Urology
47100,Division 4,4B, Urology
73763,Division 4,4B, Urology
15207,Division 4,4B, Urology
59597,Division 4,4B, Urology
12476,Division 4,4B, Urology
80452,Division 4,4B, Urology
47101,Division 4,4B, Urology
32701,Division 4,4B, Urology
32703,Division 4,4B, Urology
76529,Division 4,4B, Urology
32704,Division 4,4B, Urology
22254,Division 4,4B, Urology
32705,Division 4,4B, Urology
11698,Division 4,4B, Urology
243,Division 4,4B, Urology
28586,Division 4,4B, Urology
12479,Division 4,4B, Urology
47104,Division 4,4B, Urology
76838,Division 4,4B, Urology
29193,Division 4,4B, Urology
79017,Division 4,4B, Urology
47105,Division 4,4B, Urology
66788,Division 4,4B, Urology
71050,Division 4,4B, Urology
65812,Division 4,4B, Urology
73762,Division 4,4B, Urology
94078,Division 4,4B, Urology
65062,Division 4,4B, Urology
79263,Division 4,4B, Urology
26586,Division 4,4B, Urology
5554,Division 4,4B, Vascular
12203,Division 4,4B, Vascular
24071,Division 4,4B, Vascular
47110,Division 4,4B, Vascular
27596,Division 4,4B, Vascular
47111,Division 4,4B, Vascular
27902,Division 4,4B, Vascular
66530,Division 4,4B, Vascular
246,Division 4,4B, Vascular
75802,Division 4,, Vascular
87079,Division 4,4B, Vascular
32716,Division 4,4B, Vascular
82332,Division 4,4B, Vascular
5556,Division 4,4B, Vascular
76991,Division 4,4B, Vascular
5557,Division 4,4B, Vascular
60939,Division 4,4B, Vascular
74947,Division 4,4B, Vascular
5558,Division 4,4B, Vascular
80216,Division 4,4B, Vascular
59675,Division 4,4B, Vascular
91759,Division 4,4B, Vascular
47115,Division 4,4B, Vascular
86708,Division 4,4B, Vascular
32720,Division 4,4B, Vascular
47116,Division 4,4B, Vascular
5559,Division 4,4B, Vascular
47117,Division 4,4B, Vascular
89336,Division 4,4B, Vascular
95039,Division 4,4B, Vascular
90958,Division 4,4B, Vascular
47118,Division 4,4B, Vascular
5560,Division 4,4B, Vascular
12154,Division 4,295 4A,
252,Division 4,295 4A,
47122,Division 4,295 4A,
30369,Division 4,295 4B,
84558,Division 4,295 4A,
96493,Division 5,5A, 5A Wards
68421,Division 5,5A, 5A Wards
88609,Division 5,5A, 5A Wards
81092,Division 5,5A, 5A Wards
75938,Division 5,5A, 5A Wards
70491,Division 5,5A, 5A Wards
253,Division 5,5A, 5A Wards
47124,Division 5,5A, 5A Wards
91131,Division 5,5A, 5A Wards
32725,Division 5,5A, 5A Wards
73617,Division 5,5A, 5A Wards
95093,Division 5,5A, 5A Wards
47125,Division 5,5A, 5A Wards
92779,Division 5,5A, 5A Wards
62509,Division 5,5A, 5A Wards
62513,Division 5,5A, 5A Wards
93682,Division 5,5A, 5A Wards
94797,Division 5,5A, 5A Wards
72303,Division 5,5A, 5A Wards
5561,Division 5,5A, 5A Wards
32727,Division 5,5A, 5A Wards
73017,Division 5,5A, 5A Wards
89056,Division 5,5A, 5A Wards
57416,Division 5,5A, 5A Wards
92432,Division 5,5A, 5A Wards
32729,Division 5,5A, 5A Wards
78457,Division 5,5A, 5A Wards
92355,Division 5,5A, 5A Wards
81728,Division 5,5A, 5A Wards
81896,Division 5,5A, 5A Wards
94914,Division 5,5A, 5A Wards
67289,Division 5,5A, 5A Wards
257,Division 5,5A, 5A Wards
72534,Division 5,5A, 5A Wards
77140,Division 5,5A, 5A Wards
47128,Division 5,5A, 5A Wards
81551,Division 5,5A, 5A Wards
66913,Division 5,5A, 5A Wards
76276,Division 5,5A, 5A Wards
54369,Division 5,5A, 5A Wards
88684,Division 5,5A, 5A Wards
32735,Division 5,5A, 5A Wards
74852,Division 5,5A, 5A Wards
60424,Division 5,5A, 5A Wards
47130,Division 5,5A, 5A Wards
91134,Division 5,5A, 5A Wards
12481,Division 5,5A, 5A Wards
258,Division 5,5A, 5A Wards
58130,Division 5,5A, 5A Wards
87434,Division 5,5A, 5A Wards
95275,Division 5,5A, 5A Wards
67012,Division 5,4B, 5A Wards
71769,Division 5,5A, 5A Wards
69590,Division 5,5A, 5A Wards
76417,Division 5,5A, 5A Wards
70756,Division 5,5A, 5A Wards
75480,Division 5,5A, 5A Wards
68062,Division 5,5A, 5A Wards
91738,Division 5,5A, 5A Wards
94227,Division 5,5A, 5A Wards
94298,Division 5,5A, 5A Wards
62744,Division 5,5A, 5A Wards
86373,Division 5,5A, 5A Wards
54370,Division 5,5A, 5A Wards
92884,Division 5,5A, 5A Wards
75015,Division 5,5A, 5A Wards
94915,Division 5,5A, 5A Wards
91995,Division 5,5A, 5A Wards
5566,Division 5,5A, 5A Wards
77750,Division 5,5B, 5B Wards
80366,Division 5,5B, 5B Wards
80809,Division 5,5B, 5B Wards
75922,Division 5,5B, 5B Wards
89337,Division 5,5B, 5B Wards
91996,Division 5,5B, 5B Wards
85388,Division 5,5B, 5B Wards
66180,Division 5,5B, 5B Wards
29631,Division 5,5B, 5B Wards
73018,Division 5,5B, 5B Wards
45576,Division 5,5B, 5B Wards
25381,Division 5,5B, 5B Wards
32741,Division 5,5B, 5B Wards
12483,Division 5,5B, 5B Wards
85413,Division 5,5B, 5B Wards
92339,Division 5,5B, 5B Wards
70564,Division 5,5B, 5B Wards
96449,Division 5,5B, 5B Wards
77923,Division 5,5B, 5B Wards
64680,Division 5,5B, 5B Wards
32742,Division 5,5B, 5B Wards
95266,Division 5,5B, 5B Wards
80023,Division 5,5B, 5B Wards
5568,Division 5,5B, 5B Wards
76418,Division 5,5B, 5B Wards
77583,Division 5,5B, 5B Wards
88760,Division 5,5B, 5B Wards
23171,Division 5,5B, 5B Wards
82633,Division 5,5B, 5B Wards
76277,Division 5,5B, 5B Wards
96527,Division 5,5B, 5B Wards
95513,Division 5,5B, 5B Wards
85838,Division 5,5B, 5B Wards
82490,Division 5,5B, 5B Wards
81392,Division 5,5B, 5B Wards
71200,Division 5,5B, 5B Wards
84221,Division 5,5B, 5B Wards
76151,Division 5,5B, 5B Wards
81685,Division 5,5B, 5B Wards
75314,Division 5,5B, 5B Wards
47133,Division 5,5B, 5B Wards
87830,Division 5,5B, 5B Wards
60354,Division 5,5B, 5B Wards
70672,Division 5,5B, 5B Wards
47135,Division 5,5B, 5B Wards
47134,Division 5,5B, 5B Wards
63204,Division 5,5B, 5B Wards
96852,Division 5,5B, 5B Wards
85820,Division 5,5B, 5B Wards
92831,Division 5,5B, 5B Wards
84402,Division 5,5B, 5B Wards
88718,Division 5,5B, 5B Wards
64395,Division 5,5B, 5B Wards
64160,Division 5,5B, 5B Wards
81171,Division 5,5B, 5B Wards
69732,Division 5,5B, 5B Wards
71858,Division 5,5B, 5B Wards
32747,Division 5,5B, 5B Wards
83643,Division 5,5B, 5B Wards
83997,Division 5,5B, 5B Wards
95392,Division 5,5B, 5B Wards
70565,Division 5,5B, 5B Wards
94973,Division 5,5B, 5B Wards
72304,Division 5,5B, 5B Wards
92885,Division 5,5B, 5B Wards
83455,Division 5,5B, 5B Wards
93572,Division 5,, 5B Wards
83616,Division 5,5B, 5B Wards
95996,Division 5,5B, 5B Wards
94356,Division 5,5B, 5B Wards
87858,Division 5,5B, 5B Wards
93951,Division 5,, 5B Wards
83609,Division 5,5B, 5B Wards
47136,Division 5,5B, 5B Wards
96289,Division 5,5B, 5B Wards
22291,Division 5,5B, 5B Wards
74230,Division 5,5B, 5B Wards
47137,Division 5,5B, 5B Wards
83943,Division 5,5B, 5B Wards
80630,Division 5,5B, 5B Wards
47138,Division 5,5B, 5B Wards
65080,Division 5,5B, 5B Wards
27773,Division 5,5B, 5B Wards
90111,Division 5,5B, 5B Wards
64460,Division 5,5B, 5B Wards
60940,Division 5,5B, 5B Wards
71770,Division 5,5B, 5B Wards
84679,Division 5,5B, 5B Wards
66672,Division 5,5B, 5B Wards
77741,Division 5,5B, 5B Wards
47139,Division 5,5B, 5B Wards
47141,Division 5,5B, 5B Wards
28733,Division 5,5B, 5B Wards
89459,Division 5,5B, 5B Wards
96450,Division 5,5B, 5B Wards
94856,Division 5,5B, 5B Wards
77895,Division 5,5B, 5B Wards
58933,Division 5,5A, Breast
63732,Division 5,5A, Breast
47145,Division 5,5A, Breast
63992,Division 5,5A, Breast
5571,Division 5,5A, Breast
29222,Division 5,5A, Breast
5572,Division 5,5A, Breast
84680,Division 5,5A, Burns
60605,Division 5,5A, Burns
32758,Division 5,5M, Div 5 Management
96003,Division 5,5M, Div 5 Management
76420,Division 5,5M, Div 5 Management
92689,Division 5,5M, Div 5 Management
47149,Division 5,5M, Div 5 Management
5574,Division 5,5M, Div 5 Management
32761,Division 5,5M, Div 5 Management
47151,Division 5,5M, Div 5 Management
29328,Division 5,5M, Div 5 Management
5573,Division 5,5M, Div 5 Management
31818,Division 5,5M, Div 5 Management
264,Division 5,5M, Div 5 Management
92371,Division 5,5M, Div 5 Management
76421,Division 5,5M, Div 5 Management
63602,Division 5,5B, Haematology
94798,Division 5,, Haematology
90521,Division 5,5B, Haematology
86815,Division 5,5B, Haematology
90218,Division 5,5B, Haematology
59246,Division 5,5B, Haematology
83495,Division 5,5B, Haematology
5575,Division 5,5B, Haematology
32763,Division 5,5B, Haematology
32768,Division 5,5B, Haematology
23657,Division 5,5B, Haematology
32764,Division 5,5B, Haematology
266,Division 5,5B, Haematology
85839,Division 5,5B, Haematology
32766,Division 5,5B, Haematology
70168,Division 5,5B, Haematology
32765,Division 5,, Haematology
47154,Division 5,5B, Haematology
84681,Division 5,5B, Haematology
59247,Division 5,5B, Haematology
72994,Division 5,5B, Haematology
75939,Division 5,5B, Haematology
47155,Division 5,5B, Haematology
69249,Division 5,5B, Haematology
69068,Division 5,5B, Haematology
24669,Division 5,5B, Haematology
90648,Division 5,5B, Haematology
91256,Division 5,5B, Haematology
90383,Division 5,5B, Haematology
64598,Division 5,5B, Haematology
72195,Division 5,5B, Haematology
47156,Division 5,5B, Haematology
88605,Division 5,5B, Haematology
47157,Division 5,5B, Haematology
58984,Division 5,5B, Haematology
20644,Division 5,5B, Haematology
67411,Division 5,5B, Haematology
83644,Division 5,5B, Haematology
30529,Division 5,5B, Haematology
67942,Division 5,5B, Haematology
77325,Division 5,5B, Haematology
72415,Division 5,5B, Haematology
93789,Division 5,5B, Haematology
47158,Division 5,5B, Haematology
82360,Division 5,5B, Haematology
76947,Division 5,5B, Haematology
71330,Division 5,5B, Haematology
91665,Division 5,5B, Haematology
83761,Division 5,5B, Haematology
89482,Division 5,5B, Haematology
74231,Division 5,5B, Haematology
81897,Division 5,5B, Haematology
64990,Division 5,5B, Neurology
61614,Division 5,5B, Neurology
82952,Division 5,5B, Neurology
90112,Division 5,5B, Neurology
92886,Division 5,5B, Neurology
75804,Division 5,5B, Neurology
67127,Division 5,5B, Neurology
85631,Division 5,5B, Neurology
76948,Division 5,5B, Neurology
89057,Division 5,5B, Neurology
86446,Division 5,5B, Neurology
28856,Division 5,5B, Neurology
92974,Division 5,5B, Neurology
80252,Division 5,5B, Neurology
25139,Division 5,5B, Neurology
92163,Division 5,5B, Neurology
96381,Division 5,5B, Neurology
86191,Division 5,5B, Neurology
47159,Division 5,5B, Neurology
66135,Division 5,5B, Neurology
94468,Division 5,5B, Neurology
5578,Division 5,5B, Neurology
90964,Division 5,5B, Neurology
63058,Division 5,5B, Neurology
23370,Division 5,5B, Neurology
62917,Division 5,5B, Neurology
70843,Division 5,5B, Neurology
96068,Division 5,5B, Neurology
74878,Division 5,5B, Neurology
64136,Division 5,5B, Neurology
67101,Division 5,5B, Neurology
76393,Division 5,5B, Neurology
80631,Division 5,5B, Neurology
92234,Division 5,, Neurology
61195,Division 5,5B, Neurology
74717,Division 5,5B, Neurology
26851,Division 5,5B, Neurology
95226,Division 5,5B, Neurology
94853,Division 5,5B, Neurology
268,Division 5,5B, Neurology
32790,Division 5,5B, Neurology
5581,Division 5,5B, Neurology
47164,Division 5,5B, Neurology
59766,Division 5,5B, Neurosurgery
5582,Division 5,5B, Neurosurgery
74336,Division 5,5B, Neurosurgery
32778,Division 5,5B, Neurosurgery
27518,Division 5,5B, Neurosurgery
65800,Division 5,5B, Neurosurgery
270,Division 5,5B, Neurosurgery
271,Division 5,5B, Neurosurgery
76992,Division 5,5B, Neurosurgery
86438,Division 5,5B, Neurosurgery
26528,Division 5,5B, Neurosurgery
47166,Division 5,5B, Neurosurgery
94212,Division 5,5B, Neurosurgery
12488,Division 5,5B, Neurosurgery
77462,Division 5,5B, Neurosurgery
47167,Division 5,5B, Neurosurgery
78569,Division 5,5B, Neurosurgery
272,Division 5,5B, Neurosurgery
5587,Division 5,5B, Neurosurgery
62529,Division 5,, Neurosurgery
5589,Division 5,5B, Neurosurgery
87327,Division 5,5B, Neurosurgery
47168,Division 5,5B, Neurosurgery
12489,Division 5,5B, Neurosurgery
68203,Division 5,5B, Neurosurgery
5592,Division 5,5B, Neurosurgery
47169,Division 5,5B, Neurosurgery
47170,Division 5,5B, Neurosurgery
67301,Division 5,5B, Neurosurgery
14486,Division 5,295 5B, Oncology & Palliative Care
274,Division 5,5B, Oncology & Palliative Care
47171,Division 5,5B, Oncology & Palliative Care
95222,Division 5,5B, Oncology & Palliative Care
63561,Division 5,5B, Oncology & Palliative Care
32787,Division 5,5B, Oncology & Palliative Care
94367,Division 5,5B, Oncology & Palliative Care
47172,Division 5,5B, Oncology & Palliative Care
5594,Division 5,5B, Oncology & Palliative Care
321,Division 5,5B, Oncology & Palliative Care
80255,Division 5,5B, Oncology & Palliative Care
32789,Division 5,5B, Oncology & Palliative Care
80810,Division 5,5B, Oncology & Palliative Care
64334,Division 5,, Oncology & Palliative Care
73766,Division 5,5B, Oncology & Palliative Care
279,Division 5,5B, Oncology & Palliative Care
73765,Division 5,5B, Oncology & Palliative Care
62100,Division 5,5B, Oncology & Palliative Care
47174,Division 5,5B, Oncology & Palliative Care
32791,Division 5,5B, Oncology & Palliative Care
47175,Division 5,5B, Oncology & Palliative Care
87859,Division 5,5B, Oncology & Palliative Care
27933,Division 5,5B, Oncology & Palliative Care
95473,Division 5,5B, Oncology & Palliative Care
65385,Division 5,5B, Oncology & Palliative Care
73764,Division 5,5B, Oncology & Palliative Care
5600,Division 5,, Oncology & Palliative Care
324,Division 5,5B, Oncology & Palliative Care
86573,Division 5,5B, Oncology & Palliative Care
5602,Division 5,5B, Oncology & Palliative Care
47176,Division 5,, Oncology & Palliative Care
59871,Division 5,5B, Oncology & Palliative Care
47177,Division 5,5B, Oncology & Palliative Care
277,Division 5,5B, Oncology & Palliative Care
47178,Division 5,, Oncology & Palliative Care
67019,Division 5,5B, Oncology & Palliative Care
30091,Division 5,5B, Oncology & Palliative Care
79706,Division 5,5B, Oncology & Palliative Care
5604,Division 5,5B, Oncology & Palliative Care
11127,Division 5,5B, Oncology & Palliative Care
47180,Division 5,5B, Oncology & Palliative Care
47181,Division 5,5B, Oncology & Palliative Care
32892,Division 5,5B, Oncology & Palliative Care
319,Division 5,5B, Oncology & Palliative Care
60425,Division 5,5B, Oncology & Palliative Care
322,Division 5,5B, Oncology & Palliative Care
47183,Division 5,5B, Oncology & Palliative Care
47184,Division 5,5B, Oncology & Palliative Care
91760,Division 5,5B, Oncology & Palliative Care
61756,Division 5,5B, Oncology & Palliative Care
47185,Division 5,5B, Oncology & Palliative Care
22758,Division 5,5B, Oncology & Palliative Care
90017,Division 5,5B, Oncology & Palliative Care
61668,Division 5,5B, Oncology & Palliative Care
75096,Division 5,5B, Oncology & Palliative Care
76093,Division 5,5B, Oncology & Palliative Care
291,Division 5,5B, Oncology & Palliative Care
88815,Division 5,5B, Oncology & Palliative Care
61466,Division 5,5B, Oncology & Palliative Care
73153,Division 5,5B, Oncology & Palliative Care
32804,Division 5,5B, Oncology & Palliative Care
28370,Division 5,, Oncology & Palliative Care
91257,Division 5,5B, Oncology & Palliative Care
47189,Division 5,5B, Oncology & Palliative Care
47190,Division 5,304 5A, Plastics
82347,Division 5,5A, Plastics
32806,Division 5,5A, Plastics
93352,Division 5,5A, Plastics
59652,Division 5,5A, Plastics
62198,Division 5,5A, Plastics
19398,Division 5,5A, Plastics
47191,Division 5,5A, Plastics
14947,Division 5,5A, Plastics
5607,Division 5,5A, Plastics
62643,Division 5,5A, Plastics
14772,Division 5,5A, Plastics
85551,Division 5,5A, Plastics
65575,Division 5,5A, Plastics
63730,Division 5,5A, Plastics
81055,Division 5,5A, Plastics
65383,Division 5,5A, Plastics
91667,Division 5,5A, Plastics
72618,Division 5,5A, Plastics
60053,Division 5,5A, Plastics
91666,Division 5,5A, Plastics
47193,Division 5,5A, Plastics
81729,Division 5,5A, Plastics
32808,Division 5,5A, Plastics
64162,Division 5,5A, Plastics
72061,Division 5,5A, Plastics
90649,Division 5,5B, Radiotherapy
72847,Division 5,5B, Radiotherapy
95769,Division 5,5B, Radiotherapy
24724,Division 5,5B, Radiotherapy
69130,Division 5,5B, Radiotherapy
59780,Division 5,5B, Radiotherapy
77924,Division 5,5B, Radiotherapy
58462,Division 5,5B, Radiotherapy
47197,Division 5,5B, Radiotherapy
81898,Division 5,5B, Radiotherapy
288,Division 5,5B, Radiotherapy
45547,Division 5,5B, Radiotherapy
68191,Division 5,5B, Radiotherapy
22230,Division 5,5B, Radiotherapy
47198,Division 5,5B, Radiotherapy
28994,Division 5,5B, Radiotherapy
77684,Division 5,5B, Radiotherapy
30103,Division 5,5B, Radiotherapy
89517,Division 5,5B, Radiotherapy
65833,Division 5,5B, Radiotherapy
85840,Division 5,5B, Radiotherapy
77840,Division 5,5B, Radiotherapy
5610,Division 5,304 5A, Trauma & Orthopaedics
68664,Division 5,304 5A, Trauma & Orthopaedics
61755,Division 5,5A, Trauma & Orthopaedics
47201,Division 5,5A, Trauma & Orthopaedics
77815,Division 5,5A, Trauma & Orthopaedics
76395,Division 5,5A, Trauma & Orthopaedics
67260,Division 5,5A, Trauma & Orthopaedics
47202,Division 5,5A, Trauma & Orthopaedics
47203,Division 5,5A, Trauma & Orthopaedics
284,Division 5,5A, Trauma & Orthopaedics
75805,Division 5,5A, Trauma & Orthopaedics
66297,Division 5,5A, Trauma & Orthopaedics
3809,Division 5,5A, Trauma & Orthopaedics
96004,Division 5,5A, Trauma & Orthopaedics
61865,Division 5,5A, Trauma & Orthopaedics
74232,Division 5,5A, Trauma & Orthopaedics
47204,Division 5,5A, Trauma & Orthopaedics
68646,Division 5,5A, Trauma & Orthopaedics
92433,Division 5,5A, Trauma & Orthopaedics
65401,Division 5,5A, Trauma & Orthopaedics
78405,Division 5,, Trauma & Orthopaedics
289,Division 5,5A, Trauma & Orthopaedics
20600,Division 5,5A, Trauma & Orthopaedics
65077,Division 5,5A, Trauma & Orthopaedics
71051,Division 5,5A, Trauma & Orthopaedics
81160,Division 5,5A, Trauma & Orthopaedics
88420,Division 5,5A, Trauma & Orthopaedics
47205,Division 5,5A, Trauma & Orthopaedics
60756,Division 5,, Trauma & Orthopaedics
47207,Division 5,5A, Trauma & Orthopaedics
68214,Division 5,5A, Trauma & Orthopaedics
89516,Division 5,5A, Trauma & Orthopaedics
76422,Division 5,5A, Trauma & Orthopaedics
32825,Division 5,5A, Trauma & Orthopaedics
5611,Division 5,5A, Trauma & Orthopaedics
80700,Division 5,5A, Trauma & Orthopaedics
12494,Division 5,5A, Trauma & Orthopaedics
87647,Division 5,5A, Trauma & Orthopaedics
5613,Division 5,5A, Trauma & Orthopaedics
83230,Division 5,5A, Trauma & Orthopaedics
47209,Division 5,5A, Trauma & Orthopaedics
47210,Division 5,5A, Trauma & Orthopaedics
73243,Division 5,5A, Trauma & Orthopaedics
89518,Division 5,5A, Trauma & Orthopaedics
68225,Division 5,5A, Trauma & Orthopaedics
59676,Division 5,5A, Trauma & Orthopaedics
47211,Division 5,5A, Trauma & Orthopaedics
73618,Division 5,5A, Trauma & Orthopaedics
96918,Division 5,5A, Trauma & Orthopaedics
79264,Division 5,5A, Trauma & Orthopaedics
95131,Division 5,5A, Trauma & Orthopaedics
91640,Division 5,5A, Trauma & Orthopaedics
96097,Division 5,, Trauma & Orthopaedics
74125,Division 5,5A, Trauma & Orthopaedics
5614,Division 5,5A, Trauma & Orthopaedics
32829,Division 5,5A, Trauma & Orthopaedics
77108,Division 5,5A, Trauma & Orthopaedics
5606,Division 5,5A, Trauma & Orthopaedics
74313,Division 5,5A, Trauma & Orthopaedics
58297,Division 5,5A, Trauma & Orthopaedics
292,Division 5,5A, Trauma & Orthopaedics
5615,Division 5,5A, Trauma & Orthopaedics
87860,Division 5,5A, Trauma & Orthopaedics
88661,Division 5,5A, Trauma & Orthopaedics
76993,Division 5,, Trauma & Orthopaedics
78570,Division 5,5A, Trauma & Orthopaedics
57548,Division 5,5A, Trauma & Orthopaedics
47216,Division 5,5A, Trauma & Orthopaedics
32833,Division 5,5A, Trauma & Orthopaedics
10014,Division 5,5A, Trauma & Orthopaedics
84239,Division 5,5A, Trauma & Orthopaedics
90522,Division 5,5A, Trauma & Orthopaedics
29655,Division 5,5A, Trauma & Orthopaedics
47220,Division 5,5A, Trauma & Orthopaedics
285,Division 5,5A, Trauma & Orthopaedics
88607,Division 5,5A, Trauma & Orthopaedics
32835,Division 5,, Trauma & Orthopaedics
32836,Division 5,5A, Trauma & Orthopaedics
47221,Division 5,5A, Trauma & Orthopaedics
64393,Division 5,5A, Trauma & Orthopaedics
62009,Division 5,5A, Trauma & Orthopaedics
80386,Division 5,, Trauma & Orthopaedics
63486,Division 5,5A, Trauma & Orthopaedics
94791,Division 5,5A, Trauma & Orthopaedics
45437,Division 5,5A, Trauma & Orthopaedics
80290,Division 5,5A, Trauma & Orthopaedics
47223,Division 5,5A, Trauma & Orthopaedics
60682,Division 5,5A, Trauma & Orthopaedics
47225,Division 5,5A, Trauma & Orthopaedics
85390,Division 5,5A, Trauma & Orthopaedics
82491,Division 5,5A, Trauma & Orthopaedics
47227,Division 5,5A, Trauma & Orthopaedics
47230,Division 5,5A, Trauma & Orthopaedics
12496,Division 5,5A, Trauma & Orthopaedics
85632,Division 5,5A, Trauma & Orthopaedics
81730,Division 5,5A, Trauma & Orthopaedics
77925,Division 6,6A, 6A Wards
66592,Division 6,6A, 6A Wards
88320,Division 6,6A, 6A Wards
87762,Division 6,6A, 6A Wards
86065,Division 6,6A, 6A Wards
85633,Division 6,6A, 6A Wards
81899,Division 6,6A, 6A Wards
31945,Division 6,6A, 6A Wards
32851,Division 6,6A, 6A Wards
47233,Division 6,6A, 6A Wards
47234,Division 6,6A, 6A Wards
69034,Division 6,6A, 6A Wards
1550,Division 6,RD, 6A Wards
62183,Division 6,6A, 6A Wards
76407,Division 6,6A, 6A Wards
5585,Division 6,6A, 6A Wards
32857,Division 6,6A, 6A Wards
3434,Division 6,6A, 6A Wards
70018,Division 6,6A, 6A Wards
47238,Division 6,6A, 6A Wards
68772,Division 6,6A, 6A Wards
86555,Division 6,6A, 6A Wards
64048,Division 6,6A, 6A Wards
69591,Division 6,6A, 6A Wards
299,Division 6,, 6A Wards
92679,Division 6,6A, 6A Wards
5619,Division 6,6A, 6A Wards
47240,Division 6,6A, 6A Wards
20586,Division 6,6A, 6A Wards
62495,Division 6,6A, 6A Wards
93042,Division 6,6A, 6A Wards
32862,Division 6,6A, 6A Wards
66699,Division 6,6A, 6A Wards
5620,Division 6,6A, 6A Wards
47242,Division 6,6A, 6A Wards
47243,Division 6,6A, 6A Wards
62010,Division 6,6A, 6A Wards
84198,Division 6,6A, 6A Wards
57559,Division 6,6A, 6A Wards
87763,Division 6,6A, 6A Wards
66786,Division 6,6A, 6A Wards
66092,Division 6,6A, 6A Wards
47245,Division 6,6A, 6A Wards
5624,Division 6,6A, 6A Wards
86578,Division 6,6A, 6A Wards
32865,Division 6,6A, 6A Wards
32876,Division 6,6A, 6A Wards
12500,Division 6,6A, 6A Wards
304,Division 6,6A, 6A Wards
12501,Division 6,6A, 6A Wards
283,Division 6,6A, 6A Wards
91997,Division 6,6A, 6A Wards
5629,Division 6,6A, 6A Wards
47246,Division 6,6A, 6A Wards
5630,Division 6,6A, 6A Wards
60114,Division 6,6M, Div 6 Management
87133,Division 6,6M, Div 6 Management
306,Division 6,6M, Div 6 Management
31226,Division 6,6M, Div 6 Management
95040,Division 6,6M, Div 6 Management
69131,Division 6,6M, Div 6 Management
47250,Division 6,295 6A, Gynaecology
32875,Division 6,6A, Gynaecology
87203,Division 6,6A, Gynaecology
26852,Division 6,6A, Gynaecology
32878,Division 6,6A, Gynaecology
90965,Division 6,6A, Gynaecology
79132,Division 6,6A, Gynaecology
63378,Division 6,6A, Gynaecology
79707,Division 6,6A, Gynaecology
67796,Division 6,6A, Gynaecology
92887,Division 6,6A, Gynaecology
20955,Division 6,6A, Gynaecology
85125,Division 6,6A, Gynaecology
5633,Division 6,6A, Gynaecology
86710,Division 6,6A, Gynaecology
47255,Division 6,6A, Gynaecology
22294,Division 6,6A, Gynaecology
31033,Division 6,6A, Gynaecology
3402,Division 6,6A, Gynaecology
47256,Division 6,6A, Gynaecology
69592,Division 6,6A, HIV
47257,Division 6,6A, HIV
311,Division 6,6A, HIV
5643,Division 6,6A, HIV
21965,Division 6,6A, HIV
313,Division 6,6A, HIV
47258,Division 6,6A, HIV
19555,Division 6,6A, Immunology And Allergy
71052,Division 6,6A, Immunology And Allergy
16472,Division 6,295 6A, Infectious Diseases
47259,Division 6,6A, Infectious Diseases
22866,Division 6,6A, Infectious Diseases
74233,Division 6,6A, Infectious Diseases
5637,Division 6,1B, Infectious Diseases
5638,Division 6,6A, Infectious Diseases
47260,Division 6,6A, Infectious Diseases
47261,Division 6,6A, Infectious Diseases
79133,Division 6,6A, Infectious Diseases
32886,Division 6,6A, Infectious Diseases
65276,Division 6,6A, Infectious Diseases
315,Division 6,6A, Infectious Diseases
316,Division 6,6A, Infectious Diseases
317,Division 6,6A, Infectious Diseases
79265,Division 6,6A, Infectious Diseases
5639,Division 6,6A, Infectious Diseases
92821,Division 6,6A, Infectious Diseases
47262,Division 6,6A, Infectious Diseases
16718,Division 6,6A, Infectious Diseases
86192,Division 6,6A, Infectious Diseases
90003,Division 6,6A, Infectious Diseases
61677,Division 6,6A, Infectious Diseases
83372,Division 6,6A, Infectious Diseases
3462,Division 6,6A, Infectious Diseases
47264,Division 6,6A, Infectious Diseases
87861,Division 6,6A, Infectious Diseases
47265,Division 6,6A, Infectious Diseases
84240,Division 6,6A, Infectious Diseases
77585,Division 6,295 6A, Obstetrics
25372,Division 6,295 6A, Obstetrics
63577,Division 6,295 6A, Obstetrics
80291,Division 6,6A, Obstetrics
94010,Division 6,6A, Obstetrics
78996,Division 6,6A, Obstetrics
83496,Division 6,6A, Obstetrics
82216,Division 6,6A, Obstetrics
87764,Division 6,6A, Obstetrics
96539,Division 6,6A, Obstetrics
74992,Division 6,6A, Obstetrics
61451,Division 6,6A, Obstetrics
25421,Division 6,6A, Obstetrics
94439,Division 6,6A, Obstetrics
75481,Division 6,6A, Obstetrics
67295,Division 6,6A, Obstetrics
78711,Division 6,6A, Obstetrics
94079,Division 6,6A, Obstetrics
93361,Division 6,6A, Obstetrics
45341,Division 6,6A, Obstetrics
83454,Division 6,6A, Obstetrics
86931,Division 6,6A, Obstetrics
72917,Division 6,6A, Obstetrics
5648,Division 6,6A, Obstetrics
96217,Division 6,6A, Obstetrics
84812,Division 6,6A, Obstetrics
78712,Division 6,6A, Obstetrics
96218,Division 6,6A, Obstetrics
74963,Division 6,6A, Obstetrics
86447,Division 6,6A, Obstetrics
83645,Division 6,6A, Obstetrics
66834,Division 6,6A, Obstetrics
61757,Division 6,6A, Obstetrics
81172,Division 6,6A, Obstetrics
58575,Division 6,6A, Obstetrics
79370,Division 6,, Obstetrics
96767,Division 6,6A, Obstetrics
93799,Division 6,6A, Obstetrics
79369,Division 6,6A, Obstetrics
32897,Division 6,6A, Obstetrics
94877,Division 6,6A, Obstetrics
58418,Division 6,6A, Obstetrics
68651,Division 6,6A, Obstetrics
87034,Division 6,6A, Obstetrics
61713,Division 6,6A, Obstetrics
78713,Division 6,6A, Obstetrics
77777,Division 6,6A, Obstetrics
81038,Division 6,6A, Obstetrics
81552,Division 6,6A, Obstetrics
25605,Division 6,6A, Obstetrics
47267,Division 6,6A, Obstetrics
205,Division 6,6A, Obstetrics
54375,Division 6,6A, Obstetrics
61276,Division 6,6A, Obstetrics
95094,Division 6,6A, Obstetrics
46621,Division 6,6A, Obstetrics
75940,Division 6,6A, Obstetrics
67944,Division 6,6A, Obstetrics
93573,Division 6,6A, Obstetrics
74732,Division 6,RD, Obstetrics
54376,Division 6,6A, Obstetrics
93482,Division 6,6A, Obstetrics
70872,Division 6,6A, Obstetrics
91166,Division 6,6A, Obstetrics
86356,Division 6,6A, Obstetrics
32899,Division 6,RD, Obstetrics
47268,Division 6,, Obstetrics
47269,Division 6,6A, Obstetrics
96540,Division 6,6A, Obstetrics
68711,Division 6,6A, Obstetrics
87648,Division 6,6A, Obstetrics
78119,Division 6,6A, Obstetrics
78120,Division 6,6A, Obstetrics
88421,Division 6,6A, Obstetrics
95339,Division 6,6A, Obstetrics
90523,Division 6,6A, Obstetrics
54380,Division 6,6A, Obstetrics
85126,Division 6,6A, Obstetrics
59667,Division 6,6A, Obstetrics
90859,Division 6,6A, Obstetrics
45835,Division 6,6A, Obstetrics
32903,Division 6,6A, Obstetrics
79480,Division 6,6A, Obstetrics
71601,Division 6,6A, Obstetrics
80292,Division 6,6A, Obstetrics
64681,Division 6,6A, Obstetrics
64084,Division 6,6A, Obstetrics
9643,Division 6,6A, Obstetrics
5650,Division 6,6A, Obstetrics
75724,Division 6,6A, Obstetrics
87765,Division 6,6A, Obstetrics
54383,Division 6,6A, Obstetrics
54384,Division 6,6A, Obstetrics
54385,Division 6,, Obstetrics
54386,Division 6,6A, Obstetrics
54387,Division 6,6A, Obstetrics
80953,Division 6,6A, Obstetrics
27055,Division 6,6A, Obstetrics
54388,Division 6,6A, Obstetrics
32912,Division 6,6A, Obstetrics
63513,Division 6,6A, Obstetrics
73769,Division 6,6A, Obstetrics
32913,Division 6,6A, Obstetrics
60179,Division 6,6A, Obstetrics
54389,Division 6,6A, Obstetrics
22868,Division 6,6A, Obstetrics
60889,Division 6,6A, Obstetrics
21197,Division 6,6A, Obstetrics
96885,Division 6,6A, Obstetrics
64850,Division 6,6A, Obstetrics
75016,Division 6,6A, Obstetrics
68950,Division 6,6A, Obstetrics
32916,Division 6,6A, Obstetrics
78459,Division 6,6A, Obstetrics
32918,Division 6,6A, Obstetrics
12507,Division 6,6A, Obstetrics
79018,Division 6,6A, Obstetrics
80811,Division 6,6A, Obstetrics
54394,Division 6,6A, Obstetrics
54395,Division 6,6A, Obstetrics
27300,Division 6,6A, Obstetrics
91056,Division 6,6A, Obstetrics
54397,Division 6,6A, Obstetrics
94664,Division 6,6A, Obstetrics
71834,Division 6,6A, Obstetrics
75760,Division 6,6A, Obstetrics
32922,Division 6,6A, Obstetrics
78121,Division 6,6A, Obstetrics
54398,Division 6,6A, Obstetrics
22321,Division 6,6A, Obstetrics
5654,Division 6,6A, Obstetrics
88001,Division 6,6A, Obstetrics
87195,Division 6,6A, Obstetrics
73019,Division 6,6A, Obstetrics
91668,Division 6,6A, Obstetrics
63476,Division 6,6A, Obstetrics
64107,Division 6,6A, Obstetrics
77587,Division 6,6A, Obstetrics
95152,Division 6,6A, Obstetrics
93439,Division 6,6A, Obstetrics
73768,Division 6,6A, Obstetrics
9645,Division 6,6A, Obstetrics
59677,Division 6,6A, Obstetrics
90741,Division 6,6A, Obstetrics
64378,Division 6,6A, Obstetrics
94045,Division 6,6A, Obstetrics
86067,Division 6,6A, Obstetrics
19647,Division 6,6A, Obstetrics
77323,Division 6,6A, Obstetrics
59965,Division 6,6A, Obstetrics
91761,Division 6,3B, Obstetrics
89519,Division 6,6A, Obstetrics
78878,Division 6,6A, Obstetrics
24959,Division 6,6A, Obstetrics
92544,Division 6,6A, Obstetrics
83813,Division 6,6A, Obstetrics
12508,Division 6,6A, Obstetrics
93683,Division 6,6A, Obstetrics
73357,Division 6,6A, Obstetrics
32930,Division 6,6A, Obstetrics
24851,Division 6,295 6A, Paediatrics
89058,Division 6,295 6A, Paediatrics
85501,Division 6,295 6A, Paediatrics
86711,Division 6,295 6A, Paediatrics
22869,Division 6,6A, Paediatrics
54402,Division 6,6A, Paediatrics
54403,Division 6,6A, Paediatrics
61473,Division 6,6A, Paediatrics
96356,Division 6,6A, Paediatrics
63742,Division 6,6A, Paediatrics
32932,Division 6,6A, Paediatrics
92545,Division 6,6A, Paediatrics
54406,Division 6,6A, Paediatrics
54407,Division 6,6A, Paediatrics
94469,Division 6,6A, Paediatrics
87862,Division 6,6A, Paediatrics
76949,Division 6,6A, Paediatrics
79328,Division 6,6A, Paediatrics
72417,Division 6,6A, Paediatrics
77769,Division 6,6A, Paediatrics
32939,Division 6,6A, Paediatrics
80812,Division 6,6A, Paediatrics
65055,Division 6,6A, Paediatrics
32940,Division 6,6A, Paediatrics
80372,Division 6,6A, Paediatrics
76950,Division 6,6A, Paediatrics
84682,Division 6,6A, Paediatrics
85634,Division 6,6A, Paediatrics
73020,Division 6,6A, Paediatrics
86448,Division 6,6A, Paediatrics
96326,Division 6,6A, Paediatrics
77746,Division 6,6A, Paediatrics
30493,Division 6,6A, Paediatrics
80813,Division 6,6A, Paediatrics
80632,Division 6,6A, Paediatrics
69069,Division 6,6A, Paediatrics
85635,Division 6,6A, Paediatrics
81371,Division 6,6A, Paediatrics
90113,Division 6,6A, Paediatrics
65484,Division 6,6A, Paediatrics
68608,Division 6,6A, Paediatrics
74337,Division 6,6A, Paediatrics
94602,Division 6,6A, Paediatrics
47273,Division 6,6A, Paediatrics
47274,Division 6,6A, Paediatrics
68226,Division 6,6A, Paediatrics
85935,Division 6,6A, Paediatrics
77926,Division 6,6A, Paediatrics
84683,Division 6,6A, Paediatrics
86449,Division 6,6A, Paediatrics
79371,Division 6,6A, Paediatrics
95549,Division 6,6A, Paediatrics
95340,Division 6,6A, Paediatrics
92235,Division 6,6A, Paediatrics
83814,Division 6,6A, Paediatrics
84684,Division 6,6A, Paediatrics
77768,Division 6,6A, Paediatrics
87528,Division 6,6A, Paediatrics
92442,Division 6,6A, Paediatrics
94364,Division 6,6A, Paediatrics
78888,Division 6,6A, Paediatrics
84686,Division 6,6A, Paediatrics
96529,Division 6,6A, Paediatrics
32943,Division 6,6A, Paediatrics
84685,Division 6,6A, Paediatrics
91541,Division 6,6A, Paediatrics
95986,Division 6,6A, Paediatrics
92149,Division 6,6A, Paediatrics
86563,Division 6,6A, Paediatrics
90114,Division 6,6A, Paediatrics
75464,Division 6,6A, Paediatrics
85636,Division 6,6A, Paediatrics
68081,Division 6,6A, Paediatrics
89706,Division 6,6A, Paediatrics
62864,Division 6,6A, Paediatrics
81731,Division 6,6A, Paediatrics
83815,Division 6,6A, Paediatrics
88749,Division 6,6A, Paediatrics
88816,Division 6,3A, Paediatrics
68501,Division 6,6A, Paediatrics
64548,Division 6,6A, Paediatrics
70376,Division 6,6A, Paediatrics
94080,Division 6,6A, Paediatrics
65093,Division 6,6A, Paediatrics
89338,Division 6,6A, Paediatrics
26748,Division 6,6A, Paediatrics
20018,Division 6,6A, Paediatrics
32946,Division 6,6A, Paediatrics
88344,Division 6,6A, Paediatrics
54411,Division 6,6A, Paediatrics
71970,Division 6,6A, Paediatrics
54412,Division 6,6A, Paediatrics
32949,Division 6,6A, Paediatrics
77169,Division 6,6A, Paediatrics
83362,Division 6,6A, Paediatrics
96653,Division 6,6A, Paediatrics
47276,Division 6,6A, Paediatrics
87766,Division 6,6A, Paediatrics
47277,Division 6,6A, Paediatrics
90875,Division 6,6A, Paediatrics
45581,Division 6,6A, Paediatrics
47280,Division 6,6A, Paediatrics
47281,Division 6,6A, Paediatrics
75114,Division 6,6A, Paediatrics
82492,Division 6,6A, Paediatrics
92164,Division 6,3B, Paediatrics
30357,Division 6,6A, Paediatrics
74984,Division 6,6A, Paediatrics
59678,Division 6,6A, Paediatrics
93684,Division 6,6A, Paediatrics
25692,Division 6,6A, Paediatrics
88295,Division 6,6A, Paediatrics
88747,Division 6,6A, Paediatrics
82217,Division 6,6A, Paediatrics
80480,Division 6,6A, Paediatrics
90016,Division 6,6A, Paediatrics
91762,Division 6,6A, Paediatrics
80134,Division 6,6A, Paediatrics
54413,Division 6,6A, Paediatrics
60602,Division 6,6A, Paediatrics
85926,Division 6,6A, Paediatrics
61112,Division 6,3B, Paediatrics
64805,Division 6,6A, Paediatrics
71201,Division 6,CV, Paediatrics
47286,Division 6,6A, Paediatrics
85936,Division 6,6A, Paediatrics
69734,Division 6,6A, Paediatrics
47289,Division 6,6A, Paediatrics
77588,Division 6,6A, Paediatrics
91652,Division 6,6A, Paediatrics
81732,Division 6,6A, Paediatrics
89059,Division 6,6A, Paediatrics
85397,Division 6,6A, Paediatrics
78060,Division 6,6A, Paediatrics
93894,Division 6,6A, Paediatrics
74338,Division 6,6A, Paediatrics
83944,Division 6,6A, Paediatrics
93871,Division 6,6A, Paediatrics
92690,Division 6,6A, Paediatrics
75807,Division 6,6A, Paediatrics
95722,Division 6,6A, Paediatrics
75942,Division 6,6A, Paediatrics
20561,Division 6,6A, Paediatrics
47291,Division 6,6A, Paediatrics
25132,Division 6,6A, Paediatrics
86193,Division 6,6A, Paediatrics
71517,Division 6,6A, Paediatrics
84403,Division 6,, Sexual Health
90384,Division 6,6A, Sexual Health
85523,Division 6,6A, Sexual Health
93685,Division 6,6A, Sexual Health
66041,Division 6,6A, Sexual Health
59781,Division 6,6A, Sexual Health
92165,Division 6,6A, Sexual Health
64553,Division 6,6A, Sexual Health
76994,Division 6,6A, Sexual Health
84130,Division 6,6A, Sexual Health
88240,Division 6,6A, Sexual Health
70566,Division 6,6A, Sexual Health
65011,Division 6,6A, Sexual Health
80293,Division 6,6A, Sexual Health
27008,Division 6,6A, Sexual Health
82218,Division 6,6A, Sexual Health
47292,Division 6,6A, Sexual Health
64769,Division 6,6A, Sexual Health
77088,Division 6,6A, Sexual Health
47294,Division 6,6A, Sexual Health
77589,Division 6,6A, Sexual Health
75315,Division 6,6A, Sexual Health
45078,Division 6,6A, Sexual Health
95550,Division 6,6A, Sexual Health
83206,Division 6,6A, Sexual Health
93574,Division 6,6A, Sexual Health
61432,Division 6,6A, Sexual Health
88817,Division 6,6A, Sexual Health
78714,Division 6,6A, Sexual Health
77763,Division 6,6A, Sexual Health
80633,Division 6,6A, Sexual Health
95551,Division 6,6A, Sexual Health
82770,Division 6,6A, Sexual Health
75297,Division 6,6A, Sexual Health
89315,Division 6,6A, Sexual Health
90614,Division 6,6A, Sexual Health
94470,Division 6,6A, Sexual Health
96586,Division 6,6A, Sexual Health
62011,Division 6,6A, Sexual Health
75275,Division 6,6A, Sexual Health
86374,Division 6,6A, Sexual Health
85637,Division 6,6A, Sexual Health
29331,Division 6,6A, Sexual Health
87529,Division 6,6A, Sexual Health
62919,Division 6,6A, Sexual Health
47296,Division 6,6A, Sexual Health
82152,Division 6,6A, Sexual Health
65767,Division 6,6A, Sexual Health
47297,Division 6,6A, Sexual Health
47298,Division 6,6A, Sexual Health
76840,Division 6,6A, Sexual Health
27935,Division 6,6A, Sexual Health
75943,Division 6,6A, Sexual Health
78889,Division 6,6A, Sexual Health
85937,Division 6,6A, Sexual Health
96451,Division 6,6A, Sexual Health
89406,Division 6,6A, Sexual Health
89494,Division 6,6A, Sexual Health
71452,Division 6,6A, Sexual Health
96319,Division 6,6A, Sexual Health
94874,Division 6,6A, Sexual Health
79134,Division 6,6A, Sexual Health
68688,Division 6,6A, Sexual Health
85465,Division 6,6A, Sexual Health
94603,Division 6,6A, Sexual Health
78077,Division 6,295 6A,
47299,Division 6,295 6A,
75304,Division 7,304 Group O Bank, Admin and Clerical
90115,Division 7,304 Group O Bank, Admin and Clerical
77463,Division 7,304 Group O Bank, Admin and Clerical
46661,Division 7,304 Group O Bank, Admin and Clerical
81733,Division 7,304 Group O Bank, Admin and Clerical
32970,Division 7,304 Group O Bank, Admin and Clerical
58860,Division 7,304 Group O Bank, Admin and Clerical
73021,Division 7,304 Group O Bank, Admin and Clerical
92614,Division 7,304 Group O Bank, Admin and Clerical
83816,Division 7,304 Group O Bank, Admin and Clerical
84131,Division 7,304 Group O Bank, Admin and Clerical
47300,Division 7,304 Group O Bank, Admin and Clerical
96526,Division 7,304 Group O Bank, Admin and Clerical
91158,Division 7,304 Group O Bank, Admin and Clerical
67842,Division 7,304 Group O Bank, Admin and Clerical
83497,Division 7,304 Group O Bank, Admin and Clerical
82593,Division 7,304 Group O Bank, Admin and Clerical
87729,Division 7,304 Group O Bank, Admin and Clerical
94074,Division 7,304 Group O Bank, Admin and Clerical
85455,Division 7,304 Group O Bank, Admin and Clerical
89060,Division 7,304 Group O Bank, Admin and Clerical
63883,Division 7,304 Group O Bank, Admin and Clerical
70161,Division 7,304 Group O Bank, Admin and Clerical
92356,Division 7,304 Group O Bank, Admin and Clerical
71472,Division 7,304 Group O Bank, Admin and Clerical
82635,Division 7,304 Group O Bank, Admin and Clerical
82219,Division 7,304 Group O Bank, Admin and Clerical
54418,Division 7,304 Group O Bank, Admin and Clerical
88698,Division 7,304 Group O Bank, Admin and Clerical
77552,Division 7,304 Group O Bank, Admin and Clerical
89520,Division 7,304 Group O Bank, Admin and Clerical
84991,Division 7,304 Group O Bank, Admin and Clerical
20957,Division 7,304 Group O Bank, Admin and Clerical
65128,Division 7,304 Group O Bank, Admin and Clerical
94149,Division 7,304 Group O Bank, Admin and Clerical
22703,Division 7,304 Group O Bank, Admin and Clerical
90487,Division 7,304 Group O Bank, Admin and Clerical
76841,Division 7,304 Group O Bank, Admin and Clerical
85938,Division 7,304 Group O Bank, Admin and Clerical
47304,Division 7,304 Group O Bank, Admin and Clerical
87736,Division 7,304 Group O Bank, Admin and Clerical
67569,Division 7,304 Group O Bank, Admin and Clerical
63731,Division 7,304 Group O Bank, Admin and Clerical
90385,Division 7,304 Group O Bank, Admin and Clerical
75115,Division 7,304 Group O Bank, Admin and Clerical
80706,Division 7,304 Group O Bank, Admin and Clerical
81734,Division 7,304 Group O Bank, Admin and Clerical
69051,Division 7,304 Group O Bank, Admin and Clerical
64447,Division 7,304 Group O Bank, Admin and Clerical
80634,Division 7,304 Group O Bank, Admin and Clerical
77927,Division 7,304 Group O Bank, Admin and Clerical
59199,Division 7,304 Group O Bank, Admin and Clerical
68786,Division 7,304 Group O Bank, Admin and Clerical
87095,Division 7,Group O Bank, Allied Health Professionals
93122,Division 7,304 Group O Bank, Allied Health Professionals
30065,Division 7,304 Group O Bank, Allied Health Professionals
54421,Division 7,7B, Dental Services
13238,Division 7,7B, Dental Services
16690,Division 7,7B, Dental Services
85638,Division 7,7B, Dental Services
88615,Division 7,3B, Dental Services
66611,Division 7,7B, Dental Services
68667,Division 7,7B, Dental Services
77464,Division 7,7B, Dental Services
94395,Division 7,7B, Dental Services
63899,Division 7,7B, Discharge Lounge
96886,Division 7,7B, Discharge Lounge
60613,Division 7,7B, Discharge Lounge
76244,Division 7,3B, Discharge Lounge
61445,Division 7,7B, Discharge Lounge
60039,Division 7,7B, Discharge Lounge
66067,Division 7,7B, Discharge Lounge
22147,Division 7,3B, Discharge Lounge
32983,Division 7,7B, Discharge Lounge
47306,Division 7,3B, Discharge Lounge
10028,Division 7,7B, Discharge Lounge
5666,Division 7,7B, Discharge Lounge
331,Division 7,3B, Discharge Lounge
87008,Division 7,7B, Discharge Lounge
332,Division 7,7B, Discharge Lounge
21198,Division 7,304 7M, Div 7 Management
47307,Division 7,7M, Div 7 Management
59872,Division 7,7M, Division 7 Management
86068,Division 7,304 Group O Bank, Estates & Ancillary
91376,Division 7,304 Group O Bank, Estates & Ancillary
32987,Division 7,304 Group O Bank, Estates & Ancillary
88574,Division 7,304 Group O Bank, Estates & Ancillary
93800,Division 7,304 Group O Bank, Estates & Ancillary
95198,Division 7,304 Group O Bank, Estates & Ancillary
59248,Division 7,304 Group O Bank, Estates & Ancillary
83373,Division 7,304 Group O Bank, Estates & Ancillary
65676,Division 7,304 Group O Bank, Estates & Ancillary
86450,Division 7,304 Group O Bank, Estates & Ancillary
67471,Division 7,304 Group O Bank, Estates & Ancillary
19923,Division 7,304 Group O Bank, Estates & Ancillary
78571,Division 7,304 Group O Bank, Estates & Ancillary
82595,Division 7,304 Group O Bank, Estates & Ancillary
71202,Division 7,304 Group O Bank, Estates & Ancillary
84519,Division 7,304 Group O Bank, Estates & Ancillary
83976,Division 7,304 Group O Bank, Estates & Ancillary
25544,Division 7,304 Group O Bank, Estates & Ancillary
66619,Division 7,304 Group O Bank, Estates & Ancillary
32991,Division 7,304 Group O Bank, Estates & Ancillary
77771,Division 7,304 Group O Bank, Estates & Ancillary
54424,Division 7,304 Group O Bank, Estates & Ancillary
84687,Division 7,304 Group O Bank, Healthcare Scientist & Technic
91267,Division 7,304 Group O Bank, Healthcare Scientist & Technician
93405,Division 7,7B, Intermediate Care
86194,Division 7,7B, Intermediate Care
77352,Division 7,7B, Intermediate Care
69133,Division 7,7B, Intermediate Care Beds
73476,Division 7,7B, Intermediate Care Beds
92426,Division 7,7B, Intermediate Care Beds
65469,Division 7,7B, Intermediate Care Beds
81553,Division 7,304 Group O Bank, Nursing HCSW ODO & ODP
87767,Division 7,304 Group O Bank, Nursing HCSW ODO & ODP
86712,Division 7,304 Group O Bank, Nursing HCSW ODO & ODP
82953,Division 7,304 Group O Bank, Nursing HCSW ODO & ODP
82361,Division 7,304 Group O Bank, Nursing HCSW ODO & ODP
84814,Division 7,304 Group O Bank, Nursing HCSW ODO & ODP
91507,Division 7,304 Group O Bank, Nursing HCSW ODO & ODP
57843,Division 7,304 Group O Bank, Nursing HCSW ODO & ODP
84241,Division 7,304 Group O Bank, Nursing HCSW ODO & ODP
88530,Division 7,304 Group O Bank, Nursing HCSW ODO & ODP
64665,Division 7,304 Group O Bank, Nursing HCSW ODO & ODP
47314,Division 7,304 Group O Bank, Nursing HCSW ODO & ODP
47315,Division 7,Group O Bank, Nursing HCSW ODO & ODP
70259,Division 7,304 Group O Bank, Nursing HCSW ODO & ODP
64340,Division 7,304 Group O Bank, Nursing HCSW ODO & ODP
71053,Division 7,304 Group O Bank, Nursing HCSW ODO & ODP
85127,Division 7,304 Group O Bank, Nursing HCSW ODO & ODP
18460,Division 7,304 Group O Bank, Nursing HCSW ODO & ODP
32997,Division 7,304 Group O Bank, Nursing HCSW ODO & ODP
32999,Division 7,304 Group O Bank, Nursing HCSW ODO & ODP
78980,Division 7,304 Group O Bank, Nursing HCSW ODO & ODP
81393,Division 7,304 Group O Bank, Nursing HCSW ODO & ODP
64159,Division 7,304 Group O Bank, Nursing HCSW ODO & ODP
79868,Division 7,304 Group O Bank, Nursing HCSW ODO & ODP
76278,Division 7,304 Group O Bank, Nursing HCSW ODO & ODP
79338,Division 7,304 Group O Bank, Nursing HCSW ODO & ODP
68064,Division 7,304 Group O Bank, Nursing HCSW ODO & ODP
94883,Division 7,304 Group O Bank, Nursing HCSW ODO & ODP
335,Division 7,304 Group O Bank, Nursing HCSW ODO & ODP
89480,Division 7,304 Group O Bank, Nursing HCSW ODO & ODP
71203,Division 7,304 Group O Bank, Nursing HCSW ODO & ODP
62624,Division 7,304 Group O Bank, Nursing HCSW ODO & ODP
70552,Division 7,304 Group O Bank, Nursing HCSW ODO & ODP
14426,Division 7,304 Group O Bank, Nursing HCSW ODO & ODP
73477,Division 7,304 Group O Bank, Nursing HCSW ODO & ODP
14720,Division 7,304 Group O Bank, Nursing HCSW ODO & ODP
85939,Division 7,304 Group O Bank, Nursing HCSW ODO & ODP
87530,Division 7,304 Group O Bank, Nursing HCSW ODO & ODP
69735,Division 7,304 Group O Bank, Nursing HCSW ODO & ODP
70825,Division 7,304 Group O Bank, Nursing HCSW ODO & ODP
83156,Division 7,304 Group O Bank, Nursing HCSW ODO & ODP
70820,Division 7,304 Group O Bank, Nursing HCSW ODO & ODP
83817,Division 7,Group O Bank, Nursing HCSW ODO & ODP
76951,Division 7,Group O Bank, Nursing HCSW ODO & ODP
79333,Division 7,304 Group O Bank, Nursing HCSW ODO & ODP
75088,Division 7,304 Group O Bank, Nursing HCSW ODO & ODP
30570,Division 7,304 Group O Bank, Nursing HCSW ODO & ODP
82954,Division 7,Group O Bank, Nursing HCSW ODO & ODP
89994,Division 7,304 Group O Bank, Nursing HCSW ODO & ODP
19963,Division 7,304 Group O Bank, Nursing HCSW ODO & ODP
5670,Division 7,304 Group O Bank, Nursing HCSW ODO & ODP
60427,Division 7,304 Group O Bank, Nursing HCSW ODO & ODP
58244,Division 7,304 Group O Bank, Nursing HCSW ODO & ODP
33002,Division 7,304 Group O Bank, Nursing HCSW ODO & ODP
47316,Division 7,304 Group O Bank, Nursing HCSW ODO & ODP
94150,Division 7,304 Group O Bank, Nursing HCSW ODO & ODP
88657,Division 7,304 Group O Bank, Nursing HCSW ODO & ODP
70863,Division 7,304 Group O Bank, Nursing HCSW ODO & ODP
47317,Division 7,304 Group O Bank, Pharmacy
5671,Division 7,304 Group O Bank, Pharmacy
92312,Division 7,304 Group O Bank, Pharmacy
5672,Division 7,304 Group O Bank, Pharmacy
78431,Division 7,304 Group O Bank, Pharmacy
95341,Division 7,7A, Primary Care Services
33006,Division 7,7A, Primary Care Services
94351,Division 7,7A, Primary Care Services
81040,Division 7,7A, Primary Care Services
76152,Division 7,304 Group O Bank, Professional and Technical
67945,Division 7,304 Group O Bank, Professional and Technical
91735,Division 7,304 Group O Bank, Professional and Technical
33007,Division 7,304 Group O Bank, Professional and Technical
75233,Division 7,304 Group O Bank, Professional and Technical
5675,Division 7,304 Group O Bank, Professional and Technical
86816,Division 7,304 Group O Bank, Professional and Technical
5674,Division 7,304 Group O Bank, Professional and Technical
80707,Division 7,304 Group O Bank, Professional and Technical
70247,Division 7,304 Group O Bank, Professional and Technical
94392,Division 7,304 Group O Bank, Professional and Technical
78296,Division 7,7B, Solihull Community Services
67329,Division 7,7B, Solihull Community Services
72083,Division 7,7B, Solihull Community Services
88818,Division 7,7B, Solihull Community Services
94581,Division 7,7B, Solihull Community Services
90459,Division 7,7B, Solihull Community Services
73619,Division 7,7B, Solihull Community Services
87012,Division 7,7B, Solihull Community Services
47318,Division 7,7B, Solihull Community Services
73154,Division 7,7B, Solihull Community Services
85639,Division 7,7B, Solihull Community Services
79372,Division 7,7B, Solihull Community Services
78122,Division 7,7B, Solihull Community Services
82636,Division 7,3B, Solihull Community Services
74113,Division 7,7B, Solihull Community Services
80497,Division 7,7B, Solihull Community Services
54432,Division 7,7B, Solihull Community Services
5677,Division 7,7B, Solihull Community Services
83646,Division 7,7B, Solihull Community Services
71427,Division 7,7B, Solihull Community Services
74340,Division 7,7B, Solihull Community Services
81900,Division 7,7B, Solihull Community Services
94974,Division 7,7B, Solihull Community Services
83999,Division 7,7B, Solihull Community Services
78285,Division 7,7B, Solihull Community Services
89485,Division 7,7B, Solihull Community Services
84113,Division 7,7B, Solihull Community Services
84900,Division 7,7B, Solihull Community Services
83647,Division 7,7B, Solihull Community Services
64862,Division 7,7B, Solihull Community Services
96509,Division 7,7B, Solihull Community Services
91303,Division 7,7B, Solihull Community Services
94254,Division 7,7B, Solihull Community Services
80387,Division 7,7B, Solihull Community Services
29333,Division 7,7B, Solihull Community Services
91998,Division 7,7B, Solihull Community Services
77765,Division 7,7B, Solihull Community Services
79617,Division 7,7B, Solihull Community Services
87435,Division 7,7B, Solihull Community Services
77204,Division 7,7B, Solihull Community Services
61735,Division 7,7B, Solihull Community Services
85640,Division 7,7B, Solihull Community Services
93801,Division 7,7B, Solihull Community Services
79135,Division 7,304 Group O Bank,
67610,Division 7,304 Group O Bank,
74341,Division 7,304 Group O Bank,
54433,Division 7,304 Group O Bank,
22315,Division 7,304 Group O Bank,
90618,Division 7,304 Group O Bank,
94873,Division 7,304 Group O Bank,
5678,Division 7,304 Group O Bank,
67436,Division 7,304 Group O Bank,
68134,Division 7,304 Group O Bank,
74845,Division 7,,
77465,Division 7,304 Group O Bank,
31604,Division 7,304 Group O Bank,
92372,Division 7,304 Group O Bank,
88644,Division 7,304 Group O Bank,
47320,Division 7,304 Group O Honorary,
86433,Division 7,304 Group O Bank,
47321,Division 7,304 Group 3 Finance,
61552,Division 7,304 Group O Bank,
74342,Division 7,304 Group O Bank,
74475,Division 7,304 Group O Honorary,
12515,Division 7,304 Group O Bank,
73478,Division 7,304 Group O Bank,
76132,Division 7,304 Group O Bank,
80635,Division 7,304 Group O Bank,
63061,Division 7,304 Group O Bank,
77929,Division 7,304 Group O Bank,
93280,Division 7,304 Group O Bank,
27777,Division 7,304 Group O Bank,
90524,Division 7,304 Group O Bank,
78715,Division 7,304 Group O Bank,
71971,Division 7,304 Group O Bank,
33017,Division 7,304 Group O Bank,
88422,Division 7,304 Group O Bank,
80498,Division 7,304 Group O Bank,
82637,Division 7,304 Group O Bank,
33018,Division 7,304 Group O Bank,
93686,Division 7,304 Group O Bank,
60130,Division 7,304 Group O Bank,
78572,Division 7,304 Group O Bank,
5679,Division 7,304 Group O Bank,
83818,Division 7,304 Group O Bank,
77928,Division 7,304 Group O Bank,
86195,Division 7,304 Group O Honorary,
70377,Division 7,304 Group O Bank,
47323,Division 7,304 Group O Bank,
78890,Division 7,304 Group O Bank,
33020,Division 7,304 Group O Bank,
87405,Division 7,304 Group O Bank,
79373,Division 7,304 Group O Bank,
71473,Division 7,304 Group O Bank,
66267,Division 7,304 Group O Bank,
28266,Division 7,304 Group O Bank,
19900,Division 7,304 Group O Bank,
87046,Division L,Group T,
85795,Division L,Group T,
91999,Division L,Group T,
85350,Division L,Group T,
84790,Division L,Group T,
75218,Division L,Group T,
92333,Division L,Group T,
72767,Division L,Group T,
88727,Division L,Group T,
92832,Division L,Group T,
79374,Division L,Group T,
91515,Division L,Group T,
89521,Division L,Group T,
78891,Division L,Group T,
33022,Division L,Group T,
86375,Division L,Group T,
91356,Division L,Group T,
92952,Division L,Group T,
82493,Division L,Group T,
84000,Division L,Group T,
77748,Division L,Group T,
47325,Division L,Group T,
47326,Division L,Group T,
86196,Division L,Group T,
21157,Division L,Group T,
75944,Division L,Group T,
90485,Division L,Group T,
47329,Division L,Group T,
78297,Division L,Group T,
75116,Division L,Group T,
29980,Division Z,Group O Bank, Admin and Clerical
80708,Division Z,Group O Bank, Admin and Clerical
84404,Division Z,, Admin and Clerical
60996,Division Z,Group O Bank, Admin and Clerical
68940,Division Z,Group O Bank, Admin and Clerical
83231,Division Z,Group O Bank, Admin and Clerical
22309,Division Z,Group O Bank, Admin and Clerical
85271,Division Z,Group O Bank, Admin and Clerical
66660,Division Z,Group O Bank, Admin and Clerical
47328,Division Z,Group O Bank, Admin and Clerical
90650,Division Z,Group O Bank, Admin and Clerical
62870,Division Z,Group O Bank, Admin and Clerical
85940,Division Z,Group O Bank, Admin and Clerical
84132,Division Z,Group O Bank, Admin and Clerical
59856,Division Z,Group O Bank, Admin and Clerical
23550,Division Z,Group O Bank, Admin and Clerical
77236,Division Z,Group O Bank, Admin and Clerical
89339,Division Z,Group O Bank, Admin and Clerical
77930,Division Z,Group O Bank, Admin and Clerical
71300,Division Z,Group O Bank, Admin and Clerical
80954,Division Z,Group O Bank, Admin and Clerical
63345,Division Z,Group O Bank, Admin and Clerical
54438,Division Z,Group O Bank, Admin and Clerical
82638,Division Z,Group O Bank, Admin and Clerical
13861,Division Z,Group O Bank, Admin and Clerical
78123,Division Z,Group O Bank, Admin and Clerical
93281,Division Z,Group O Bank, Admin and Clerical
33037,Division Z,Group O Bank, Admin and Clerical
71645,Division Z,Group O Bank, Admin and Clerical
79481,Division Z,Group O Bank, Admin and Clerical
78124,Division Z,Group O Bank, Admin and Clerical
77237,Division Z,Group O Bank, Admin and Clerical
76099,Division Z,Group O Bank, Admin and Clerical
91377,Division Z,Group O Bank, Admin and Clerical
59966,Division Z,Group O Bank, Admin and Clerical
90502,Division Z,Group O Bank, Admin and Clerical
66399,Division Z,Group O Bank, Admin and Clerical
79708,Division Z,Group O Bank, Admin and Clerical
82220,Division Z,Group O Bank, Admin and Clerical
68575,Division Z,Group O Bank, Admin and Clerical
88641,Division Z,Group O Bank, Admin and Clerical
33039,Division Z,Group O Bank, Admin and Clerical
87204,Division Z,Group O Bank, Admin and Clerical
68951,Division Z,Group O Bank, Admin and Clerical
54441,Division Z,Group O Bank, Admin and Clerical
68952,Division Z,Group O Bank, Admin and Clerical
93043,Division Z,Group O Bank, Admin and Clerical
54442,Division Z,Group O Bank, Admin and Clerical
94916,Division Z,Group O Bank, Admin and Clerical
83498,Division Z,Group O Bank, Admin and Clerical
71474,Division Z,Group O Bank, Admin and Clerical
94414,Division Z,Group O Bank, Admin and Clerical
91167,Division Z,Group O Bank, Admin and Clerical
3346,Division Z,Group O Bank, Admin and Clerical
65588,Division Z,Group O Bank, Admin and Clerical
20508,Division Z,Group O Bank, Admin and Clerical
77218,Division Z,Group O Bank, Admin and Clerical
84992,Division Z,Group O Bank, Admin and Clerical
84993,Division Z,Group O Bank, Admin and Clerical
33044,Division Z,Group O Bank, Admin and Clerical
92888,Division Z,Group O Bank, Admin and Clerical
78716,Division Z,Group O Bank, Admin and Clerical
82955,Division Z,Group O Bank, Admin and Clerical
63206,Division Z,Group O Bank, Admin and Clerical
80709,Division Z,Group O Bank, Admin and Clerical
75017,Division Z,Group O Bank, Admin and Clerical
72418,Division Z,Group O Bank, Admin and Clerical
74310,Division Z,Group O Bank, Admin and Clerical
54444,Division Z,Group O Bank, Admin and Clerical
28369,Division Z,Group O Bank, Admin and Clerical
54446,Division Z,Group O Bank, Admin and Clerical
67947,Division Z,Group O Bank, Admin and Clerical
67124,Division Z,Group O Bank, Admin and Clerical
25383,Division Z,Group O Bank, Admin and Clerical
70673,Division Z,Group O Bank, Admin and Clerical
68682,Division Z,Group O Bank, Admin and Clerical
96636,Division Z,Group O Bank, Admin and Clerical
89395,Division Z,Group O Bank, Admin and Clerical
87037,Division Z,Group O Bank, Admin and Clerical
74234,Division Z,Group O Bank, Admin and Clerical
87290,Division Z,Group O Bank, Admin and Clerical
92319,Division Z,Group O Bank, Admin and Clerical
92958,Division Z,Group O Bank, Admin and Clerical
5683,Division Z,Group O Bank, Admin and Clerical
61389,Division Z,Group O Bank, Admin and Clerical
88751,Division Z,Group O Bank, Admin and Clerical
47336,Division Z,Group O Bank, Admin and Clerical
89319,Division Z,, Admin and Clerical
88819,Division Z,Group O Bank, Admin and Clerical
95991,Division Z,Group O Bank, Admin and Clerical
81686,Division Z,Group O Bank, Admin and Clerical
64549,Division Z,Group O Bank, Admin and Clerical
90041,Division Z,Group O Bank, Admin and Clerical
75299,Division Z,Group O Bank, Admin and Clerical
75372,Division Z,Group O Bank, Admin and Clerical
75761,Division Z,Group O Bank, Admin and Clerical
61831,Division Z,Group O Bank, Admin and Clerical
82828,Division Z,Group O Bank, Admin and Clerical
47337,Division Z,Group O Bank, Admin and Clerical
61277,Division Z,, Admin and Clerical
90817,Division Z,Group O Bank, Admin and Clerical
81046,Division Z,Group O Bank, Admin and Clerical
47338,Division Z,Group O Bank, Admin and Clerical
47339,Division Z,Group O Bank, Admin and Clerical
65287,Division Z,Group O Bank, Admin and Clerical
91236,Division Z,Group O Bank, Admin and Clerical
82494,Division Z,Group O Bank, Admin and Clerical
62012,Division Z,Group O Bank, Admin and Clerical
94081,Division Z,Group O Bank, Admin and Clerical
81394,Division Z,, Admin and Clerical
78125,Division Z,Group O Bank, Admin and Clerical
3316,Division Z,1B, Admin and Clerical
54450,Division Z,Group O Bank, Admin and Clerical
85524,Division Z,Group O Bank, Admin and Clerical
88820,Division Z,Group O Bank, Admin and Clerical
88631,Division Z,, Admin and Clerical
68723,Division Z,Group O Bank, Admin and Clerical
23743,Division Z,Group O Bank, Admin and Clerical
89522,Division Z,Group O Bank, Admin and Clerical
33054,Division Z,Group O Bank, Admin and Clerical
94471,Division Z,Group O Bank, Admin and Clerical
63207,Division Z,Group O Bank, Admin and Clerical
74771,Division Z,Group O Bank, Admin and Clerical
85641,Division Z,Group O Bank, Admin and Clerical
62746,Division Z,Group O Bank, Admin and Clerical
80942,Division Z,Group O Bank, Admin and Clerical
81901,Division Z,Group O Bank, Admin and Clerical
5685,Division Z,Group O Bank, Admin and Clerical
72084,Division Z,Group O Bank, Admin and Clerical
73480,Division Z,Group O Bank, Admin and Clerical
95325,Division Z,Group O Bank, Admin and Clerical
84559,Division Z,Group O Bank, Admin and Clerical
95552,Division Z,Group O Bank, Admin and Clerical
47340,Division Z,Group O Bank, Admin and Clerical
91243,Division Z,Group O Bank, Admin and Clerical
93440,Division Z,Group O Bank, Admin and Clerical
89907,Division Z,Group O Bank, Admin and Clerical
87507,Division Z,Group O Bank, Admin and Clerical
94151,Division Z,Group O Bank, Admin and Clerical
83760,Division Z,Group O Bank, Admin and Clerical
77353,Division Z,Group O Bank, Admin and Clerical
80636,Division Z,Group O Bank, Admin and Clerical
93857,Division Z,Group O Bank, Admin and Clerical
85425,Division Z,Group O Bank, Admin and Clerical
70170,Division Z,Group O Bank, Admin and Clerical
93191,Division Z,Group O Bank, Admin and Clerical
88821,Division Z,Group O Bank, Admin and Clerical
77931,Division Z,Group O Bank, Admin and Clerical
94895,Division Z,Group O Bank, Admin and Clerical
74538,Division Z,Group O Bank, Admin and Clerical
76153,Division Z,Group O Bank, Admin and Clerical
87436,Division Z,Group O Bank, Admin and Clerical
65926,Division Z,Group O Bank, Admin and Clerical
84001,Division Z,Group O Bank, Admin and Clerical
83499,Division Z,Group O Bank, Admin and Clerical
76280,Division Z,Group O Bank, Admin and Clerical
81735,Division Z,Group O Bank, Admin and Clerical
61688,Division Z,Group O Bank, Admin and Clerical
76279,Division Z,Group O Bank, Admin and Clerical
90474,Division Z,Group O Bank, Admin and Clerical
82221,Division Z,Group O Bank, Admin and Clerical
5687,Division Z,Group O Bank, Admin and Clerical
12522,Division Z,Group O Bank, Admin and Clerical
96354,Division Z,Group O Bank, Admin and Clerical
30388,Division Z,Group O Bank, Admin and Clerical
88789,Division Z,Group O Bank, Admin and Clerical
86197,Division Z,Group O Bank, Admin and Clerical
75482,Division Z,Group O Bank, Admin and Clerical
84964,Division Z,Group O Bank, Admin and Clerical
77932,Division Z,Group O Bank, Admin and Clerical
77232,Division Z,Group O Bank, Admin and Clerical
84688,Division Z,Group O Bank, Admin and Clerical
89727,Division Z,Group O Bank, Admin and Clerical
75118,Division Z,Group O Bank, Admin and Clerical
68787,Division Z,Group O Bank, Admin and Clerical
47344,Division Z,Group O Bank, Admin and Clerical
77145,Division Z,4A, Admin and Clerical
81554,Division Z,Group O Bank, Admin and Clerical
94082,Division Z,Group O Bank, Admin and Clerical
72419,Division Z,Group O Bank, Admin and Clerical
92000,Division Z,Group O Bank, Admin and Clerical
92052,Division Z,Group O Bank, Admin and Clerical
75316,Division Z,Group O Bank, Admin and Clerical
58853,Division Z,Group O Bank, Admin and Clerical
96052,Division Z,Group O Bank, Admin and Clerical
16272,Division Z,Group O Bank, Admin and Clerical
27776,Division Z,Group O Bank, Admin and Clerical
25629,Division Z,Group O Bank, Admin and Clerical
80637,Division Z,Group O Bank, Admin and Clerical
89912,Division Z,Group O Bank, Admin and Clerical
47347,Division Z,Group O Bank, Admin and Clerical
86317,Division Z,, Admin and Clerical
93687,Division Z,Group O Bank, Admin and Clerical
95028,Division Z,Group O Bank, Admin and Clerical
74476,Division Z,Group O Bank, Admin and Clerical
33064,Division Z,Group O Bank, Admin and Clerical
87035,Division Z,Group O Bank, Admin and Clerical
72420,Division Z,Group O Bank, Admin and Clerical
73359,Division Z,Group O Bank, Admin and Clerical
88345,Division Z,Group O Bank, Admin and Clerical
64914,Division Z,Group O Bank, Admin and Clerical
60236,Division Z,Group O Bank, Admin and Clerical
69250,Division Z,Group O Bank, Admin and Clerical
82362,Division Z,Group O Bank, Admin and Clerical
87231,Division Z,Group O Bank, Admin and Clerical
75609,Division Z,Group O Bank, Admin and Clerical
93873,Division Z,Group O Bank, Admin and Clerical
31823,Division Z,Group O Bank, Admin and Clerical
88274,Division Z,Group O Bank, Admin and Clerical
79783,Division Z,Group O Bank, Admin and Clerical
92236,Division Z,Group O Bank, Admin and Clerical
75394,Division Z,Group O Bank, Admin and Clerical
85460,Division Z,Group O Bank, Admin and Clerical
33066,Division Z,Group O Bank, Admin and Clerical
70379,Division Z,Group O Bank, Admin and Clerical
92615,Division Z,Group O Bank, Admin and Clerical
87205,Division Z,Group O Bank, Admin and Clerical
75226,Division Z,Group O Bank, Admin and Clerical
79375,Division Z,Group O Bank, Admin and Clerical
70380,Division Z,Group O Bank, Admin and Clerical
76952,Division Z,Group O Bank, Admin and Clerical
69228,Division Z,Group O Bank, Admin and Clerical
88531,Division Z,Group O Bank, Admin and Clerical
75627,Division Z,Group O Bank, Admin and Clerical
70171,Division Z,Group O Bank, Admin and Clerical
47349,Division Z,Group O Bank, Admin and Clerical
12523,Division Z,Group O Bank, Admin and Clerical
86803,Division Z,Group O Bank, Admin and Clerical
47351,Division Z,Group O Bank, Admin and Clerical
62490,Division Z,Group O Bank, Admin and Clerical
72600,Division Z,Group O Bank, Admin and Clerical
90069,Division Z,Group O Bank, Admin and Clerical
78573,Division Z,Group O Bank, Admin and Clerical
33070,Division Z,Group O Bank, Admin and Clerical
92524,Division Z,Group O Bank, Admin and Clerical
33071,Division Z,Group O Bank, Admin and Clerical
72671,Division Z,Group O Bank, Admin and Clerical
21687,Division Z,Group O Bank, Admin and Clerical
68763,Division Z,Group O Bank, Admin and Clerical
47352,Division Z,Group O Bank, Admin and Clerical
76953,Division Z,Group O Bank, Admin and Clerical
86713,Division Z,Group O Bank, Admin and Clerical
88479,Division Z,Group O Bank, Admin and Clerical
58935,Division Z,Group O Bank, Admin and Clerical
89831,Division Z,Group O Bank, Admin and Clerical
87649,Division Z,Group O Bank, Admin and Clerical
82222,Division Z,Group O Bank, Admin and Clerical
79376,Division Z,Group O Bank, Admin and Clerical
79007,Division Z,Group O Bank, Admin and Clerical
86714,Division Z,Group O Bank, Admin and Clerical
71972,Division Z,Group O Bank, Admin and Clerical
76561,Division Z,Group O Bank, Admin and Clerical
78262,Division Z,Group O Bank, Admin and Clerical
78574,Division Z,Group O Bank, Admin and Clerical
82495,Division Z,Group O Bank, Admin and Clerical
80295,Division Z,Group O Bank, Admin and Clerical
18354,Division Z,Group O Bank, Admin and Clerical
25565,Division Z,Group O Bank, Admin and Clerical
64019,Division Z,Group O Bank, Admin and Clerical
47353,Division Z,Group O Bank, Admin and Clerical
92237,Division Z,Group O Bank, Admin and Clerical
81456,Division Z,Group O Bank, Admin and Clerical
70019,Division Z,Group O Bank, Admin and Clerical
33075,Division Z,Group O Bank, Admin and Clerical
65564,Division Z,Group O Bank, Admin and Clerical
75119,Division Z,Group O Bank, Admin and Clerical
93499,Division Z,Group O Bank, Admin and Clerical
68953,Division Z,Group O Bank, Admin and Clerical
81395,Division Z,Group O Bank, Admin and Clerical
86451,Division Z,Group O Bank, Admin and Clerical
92075,Division Z,Group O Bank, Admin and Clerical
67107,Division Z,Group O Bank, Admin and Clerical
77933,Division Z,Group O Bank, Admin and Clerical
71518,Division Z,Group O Bank, Admin and Clerical
68789,Division Z,Group O Bank, Admin and Clerical
83599,Division Z,Group O Bank, Admin and Clerical
83138,Division Z,Group O Bank, Admin and Clerical
33079,Division Z,Group O Bank, Admin and Clerical
33080,Division Z,Group O Bank, Admin and Clerical
83819,Division Z,Group O Bank, Admin and Clerical
84915,Division Z,Group O Bank, Allied Health Professionals
78717,Division Z,Group O Bank, Allied Health Professionals
81157,Division Z,Group O Bank, Allied Health Professionals
92546,Division Z,Group O Bank, Allied Health Professionals
342,Division Z,Group O Bank, Allied Health Professionals
75808,Division Z,Group O Bank, Allied Health Professionals
47356,Division Z,Group O Bank, Allied Health Professionals
47357,Division Z,Group O Bank, Estates & Ancillary
33086,Division Z,Group O Bank, Estates & Ancillary
80056,Division Z,, Estates & Ancillary
90651,Division Z,Group O Bank, Estates & Ancillary
12526,Division Z,Group O Bank, Estates & Ancillary
28980,Division Z,Group O Bank, Estates & Ancillary
47359,Division Z,Group O Bank, Estates & Ancillary
5693,Division Z,Group O Bank, Estates & Ancillary
14632,Division Z,Group O Bank, Estates & Ancillary
93418,Division Z,Group O Bank, Estates & Ancillary
82956,Division Z,Group O Bank, Estates & Ancillary
86715,Division Z,, Estates & Ancillary
22718,Division Z,Group O Bank, Estates & Ancillary
31195,Division Z,Group O Bank, Estates & Ancillary
45846,Division Z,Group O Bank, Estates & Ancillary
89149,Division Z,Group O Bank, Estates & Ancillary
59873,Division Z,Group O Bank, Estates & Ancillary
84815,Division Z,Group O Bank, Estates & Ancillary
70726,Division Z,Group O Bank, Estates & Ancillary
95638,Division Z,Group O Bank, Estates & Ancillary
25188,Division Z,Group O Bank, Estates & Ancillary
82496,Division Z,Group O Bank, Estates & Ancillary
79950,Division Z,Group O Bank, Estates & Ancillary
29685,Division Z,Group O Bank, Estates & Ancillary
80296,Division Z,Group O Bank, Estates & Ancillary
62352,Division Z,Group O Bank, Estates & Ancillary
85841,Division Z,Group O Bank, Estates & Ancillary
79784,Division Z,Group O Bank, Estates & Ancillary
54458,Division Z,Group O Bank, Estates & Ancillary
91763,Division Z,Group O Bank, Estates & Ancillary
96135,Division Z,Group O Bank, Estates & Ancillary
33089,Division Z,Group O Bank, Estates & Ancillary
84243,Division Z,Group O Bank, Estates & Ancillary
68576,Division Z,Group O Bank, Estates & Ancillary
58614,Division Z,Group O Bank, Estates & Ancillary
88643,Division Z,Group O Bank, Estates & Ancillary
47362,Division Z,Group O Bank, Estates & Ancillary
89150,Division Z,Group O Bank, Estates & Ancillary
54460,Division Z,Group O Bank, Estates & Ancillary
66539,Division Z,Group O Bank, Estates & Ancillary
65595,Division Z,, Estates & Ancillary
86165,Division Z,Group O Bank, Estates & Ancillary
80192,Division Z,Group O Bank, Estates & Ancillary
69251,Division Z,Group O Bank, Estates & Ancillary
75809,Division Z,Group O Bank, Estates & Ancillary
344,Division Z,Group O Bank, Estates & Ancillary
91378,Division Z,Group O Bank, Estates & Ancillary
73022,Division Z,Group O Bank, Estates & Ancillary
18664,Division Z,Group O Bank, Estates & Ancillary
5695,Division Z,Group O Bank, Estates & Ancillary
88469,Division Z,Group O Bank, Estates & Ancillary
70766,Division Z,Group O Bank, Estates & Ancillary
47364,Division Z,, Estates & Ancillary
47365,Division Z,Group O Bank, Estates & Ancillary
95090,Division Z,Group O Bank, Estates & Ancillary
94589,Division Z,Group O Bank, Estates & Ancillary
79324,Division Z,Group O Bank, Estates & Ancillary
54461,Division Z,Group O Bank, Estates & Ancillary
54462,Division Z,Group O Bank, Estates & Ancillary
33099,Division Z,Group O Bank, Estates & Ancillary
66876,Division Z,Group O Bank, Estates & Ancillary
70233,Division Z,Group O Bank, Estates & Ancillary
73023,Division Z,Group O Bank, Estates & Ancillary
80132,Division Z,Group O Bank, Estates & Ancillary
22322,Division Z,Group O Bank, Estates & Ancillary
33101,Division Z,Group O Bank, Estates & Ancillary
22767,Division Z,Group O Bank, Estates & Ancillary
96521,Division Z,Group O Bank, Estates & Ancillary
62636,Division Z,Group O Bank, Estates & Ancillary
5697,Division Z,Group O Bank, Estates & Ancillary
80814,Division Z,Group O Bank, Estates & Ancillary
26465,Division Z,Group O Bank, Estates & Ancillary
5698,Division Z,Group O Bank, Estates & Ancillary
20699,Division Z,Group O Bank, Estates & Ancillary
5700,Division Z,Group O Bank, Estates & Ancillary
89523,Division Z,Group O Bank, Estates & Ancillary
15927,Division Z,, Estates & Ancillary
54463,Division Z,Group O Bank, Estates & Ancillary
33104,Division Z,Group O Bank, Estates & Ancillary
74723,Division Z,Group O Bank, Estates & Ancillary
81902,Division Z,Group O Bank, Estates & Ancillary
54464,Division Z,Group O Bank, Estates & Ancillary
90116,Division Z,Group O Bank, Estates & Ancillary
96574,Division Z,Group O Bank, Estates & Ancillary
96587,Division Z,Group O Bank, Estates & Ancillary
75395,Division Z,Group O Bank, Estates & Ancillary
89421,Division Z,Group O Bank, Estates & Ancillary
61219,Division Z,Group O Bank, Estates & Ancillary
83820,Division Z,Group O Bank, Estates & Ancillary
78892,Division Z,Group O Bank, Estates & Ancillary
89832,Division Z,Group O Bank, Estates & Ancillary
94917,Division Z,Group O Bank, Estates & Ancillary
68790,Division Z,Group O Bank, Estates & Ancillary
91379,Division Z,Group O Bank, Estates & Ancillary
82847,Division Z,Group O Bank, Estates & Ancillary
91505,Division Z,Group O Bank, Estates & Ancillary
86198,Division Z,Group O Bank, Estates & Ancillary
67927,Division Z,Group O Bank, Estates & Ancillary
87940,Division Z,Group O Bank, Estates & Ancillary
33106,Division Z,Group O Bank, Estates & Ancillary
54466,Division Z,Group O Bank, Estates & Ancillary
96910,Division Z,Group O Bank, Estates & Ancillary
89032,Division Z,, Estates & Ancillary
87650,Division Z,Group O Bank, Estates & Ancillary
76710,Division Z,Group O Bank, Estates & Ancillary
87096,Division Z,Group O Bank, Estates & Ancillary
75945,Division Z,Group O Bank, Estates & Ancillary
45849,Division Z,Group O Bank, Estates & Ancillary
94259,Division Z,Group O Bank, Estates & Ancillary
89524,Division Z,Group O Bank, Estates & Ancillary
61880,Division Z,Group O Bank, Estates & Ancillary
64132,Division Z,Group O Bank, Estates & Ancillary
83594,Division Z,, Estates & Ancillary
88092,Division Z,Group O Bank, Estates & Ancillary
89298,Division Z,Group O Bank, Estates & Ancillary
96654,Division Z,Group O Bank, Estates & Ancillary
91669,Division Z,Group O Bank, Estates & Ancillary
95095,Division Z,Group O Bank, Estates & Ancillary
28825,Division Z,Group O Bank, Estates & Ancillary
82590,Division Z,Group O Bank, Estates & Ancillary
47366,Division Z,Group O Bank, Estates & Ancillary
85941,Division Z,Group O Bank, Estates & Ancillary
66655,Division Z,Group O Bank, Estates & Ancillary
61371,Division Z,Group O Bank, Estates & Ancillary
89061,Division Z,Group O Bank, Estates & Ancillary
57525,Division Z,Group O Bank, Estates & Ancillary
87206,Division Z,Group O Bank, Estates & Ancillary
88241,Division Z,Group O Bank, Estates & Ancillary
93802,Division Z,Group O Bank, Estates & Ancillary
93575,Division Z,Group O Bank, Estates & Ancillary
87036,Division Z,Group O Bank, Estates & Ancillary
65403,Division Z,Group O Bank, Estates & Ancillary
30522,Division Z,Group O Bank, Estates & Ancillary
94020,Division Z,Group O Bank, Estates & Ancillary
85285,Division Z,Group O Bank, Estates & Ancillary
76531,Division Z,Group O Bank, Estates & Ancillary
61759,Division Z,Group O Bank, Estates & Ancillary
68703,Division Z,Group O Bank, Estates & Ancillary
85286,Division Z,Group O Bank, Estates & Ancillary
88822,Division Z,Group O Bank, Estates & Ancillary
87521,Division Z,Group O Bank, Estates & Ancillary
46534,Division Z,Group O Bank, Estates & Ancillary
82957,Division Z,Group O Bank, Estates & Ancillary
23872,Division Z,Group O Bank, Estates & Ancillary
74637,Division Z,Group O Bank, Estates & Ancillary
77590,Division Z,Group O Bank, Estates & Ancillary
22050,Division Z,Group O Bank, Estates & Ancillary
66644,Division Z,Group O Bank, Estates & Ancillary
61581,Division Z,Group O Bank, Estates & Ancillary
61465,Division Z,Group O Bank, Estates & Ancillary
26519,Division Z,Group O Bank, Estates & Ancillary
60807,Division Z,Group O Bank, Estates & Ancillary
84002,Division Z,Group O Bank, Estates & Ancillary
87531,Division Z,Group O Bank, Estates & Ancillary
73689,Division Z,Group O Bank, Estates & Ancillary
74343,Division Z,Group O Bank, Estates & Ancillary
90652,Division Z,, Estates & Ancillary
93393,Division Z,Group O Bank, Estates & Ancillary
90629,Division Z,Group O Bank, Estates & Ancillary
95553,Division Z,Group O Bank, Estates & Ancillary
90386,Division Z,Group O Bank, Estates & Ancillary
33111,Division Z,Group O Bank, Estates & Ancillary
96655,Division Z,Group O Bank, Estates & Ancillary
86200,Division Z,Group O Bank, Estates & Ancillary
89833,Division Z,Group O Bank, Estates & Ancillary
74209,Division Z,Group O Bank, Estates & Ancillary
62748,Division Z,Group O Bank, Estates & Ancillary
95705,Division Z,Group O Bank, Estates & Ancillary
73773,Division Z,Group O Bank, Estates & Ancillary
75011,Division Z,Group O Bank, Healthcare Scientist & Technician
85915,Division Z,Group O Bank, Healthcare Scientist & Technician
47371,Division Z,Group O Bank, Nursing HCSW ODO & ODP
87737,Division Z,Group O Bank, Nursing HCSW ODO & ODP
89525,Division Z,Group O Bank, Nursing HCSW ODO & ODP
16273,Division Z,Group O Bank, Nursing HCSW ODO & ODP
78718,Division Z,1B, Nursing HCSW ODO & ODP
66063,Division Z,Group O Bank, Nursing HCSW ODO & ODP
86932,Division Z,Group O Bank, Nursing HCSW ODO & ODP
68699,Division Z,Group O Bank, Nursing HCSW ODO & ODP
75449,Division Z,Group O Bank, Nursing HCSW ODO & ODP
78126,Division Z,Group O Bank, Nursing HCSW ODO & ODP
96396,Division Z,Group O Bank, Nursing HCSW ODO & ODP
59874,Division Z,Group O Bank, Nursing HCSW ODO & ODP
69390,Division Z,Group O Bank, Nursing HCSW ODO & ODP
76562,Division Z,Group O Bank, Nursing HCSW ODO & ODP
82882,Division Z,Group O Bank, Nursing HCSW ODO & ODP
81396,Division Z,Group O Bank, Nursing HCSW ODO & ODP
87097,Division Z,Group O Bank, Nursing HCSW ODO & ODP
84689,Division Z,Group O Bank, Nursing HCSW ODO & ODP
47373,Division Z,Group O Bank, Nursing HCSW ODO & ODP
33114,Division Z,Group O Bank, Nursing HCSW ODO & ODP
85642,Division Z,Group O Bank, Nursing HCSW ODO & ODP
86199,Division Z,Group O Bank, Nursing HCSW ODO & ODP
90092,Division Z,Group O Bank, Nursing HCSW ODO & ODP
47374,Division Z,Group O Bank, Nursing HCSW ODO & ODP
96327,Division Z,Group O Bank, Nursing HCSW ODO & ODP
74344,Division Z,Group O Bank, Nursing HCSW ODO & ODP
65371,Division Z,Group O Bank, Nursing HCSW ODO & ODP
94282,Division Z,Group O Bank, Nursing HCSW ODO & ODP
86376,Division Z,Group O Bank, Nursing HCSW ODO & ODP
70891,Division Z,Group O Bank, Nursing HCSW ODO & ODP
84206,Division Z,Group O Bank, Nursing HCSW ODO & ODP
85287,Division Z,Group O Bank, Nursing HCSW ODO & ODP
72086,Division Z,5B, Nursing HCSW ODO & ODP
77843,Division Z,Group O Bank, Nursing HCSW ODO & ODP
68070,Division Z,Group O Bank, Nursing HCSW ODO & ODP
81397,Division Z,Group O Bank, Nursing HCSW ODO & ODP
89526,Division Z,Group O Bank, Nursing HCSW ODO & ODP
72055,Division Z,Group O Bank, Nursing HCSW ODO & ODP
59182,Division Z,Group O Bank, Nursing HCSW ODO & ODP
94291,Division Z,Group O Bank, Nursing HCSW ODO & ODP
90051,Division Z,Group O Bank, Nursing HCSW ODO & ODP
91324,Division Z,Group O Bank, Nursing HCSW ODO & ODP
87402,Division Z,Group O Bank, Nursing HCSW ODO & ODP
88706,Division Z,Group O Bank, Nursing HCSW ODO & ODP
68764,Division Z,Group O Bank, Nursing HCSW ODO & ODP
64682,Division Z,Group O Bank, Nursing HCSW ODO & ODP
75213,Division Z,Group O Bank, Nursing HCSW ODO & ODP
33117,Division Z,Group O Bank, Nursing HCSW ODO & ODP
31374,Division Z,Group O Bank, Nursing HCSW ODO & ODP
86601,Division Z,Group O Bank, Nursing HCSW ODO & ODP
75810,Division Z,Group O Bank, Nursing HCSW ODO & ODP
79266,Division Z,Group O Bank, Nursing HCSW ODO & ODP
82147,Division Z,Group O Bank, Nursing HCSW ODO & ODP
68704,Division Z,Group O Bank, Nursing HCSW ODO & ODP
81265,Division Z,Group O Bank, Nursing HCSW ODO & ODP
95075,Division Z,Group O Bank, Nursing HCSW ODO & ODP
75003,Division Z,Group O Bank, Nursing HCSW ODO & ODP
67769,Division Z,Group O Bank, Nursing HCSW ODO & ODP
95795,Division Z,Group O Bank, Nursing HCSW ODO & ODP
86602,Division Z,Group O Bank, Nursing HCSW ODO & ODP
90460,Division Z,Group O Bank, Nursing HCSW ODO & ODP
86817,Division Z,Group O Bank, Nursing HCSW ODO & ODP
95342,Division Z,Group O Bank, Nursing HCSW ODO & ODP
88328,Division Z,Group O Bank, Nursing HCSW ODO & ODP
61255,Division Z,Group O Bank, Nursing HCSW ODO & ODP
77238,Division Z,Group O Bank, Nursing HCSW ODO & ODP
80499,Division Z,Group O Bank, Nursing HCSW ODO & ODP
88532,Division Z,Group O Bank, Nursing HCSW ODO & ODP
47377,Division Z,Group O Bank, Nursing HCSW ODO & ODP
90219,Division Z,Group O Bank, Nursing HCSW ODO & ODP
64134,Division Z,Group O Bank, Nursing HCSW ODO & ODP
83648,Division Z,Group O Bank, Nursing HCSW ODO & ODP
87207,Division Z,Group O Bank, Nursing HCSW ODO & ODP
93441,Division Z,Group O Bank, Nursing HCSW ODO & ODP
67751,Division Z,Group O Bank, Nursing HCSW ODO & ODP
77354,Division Z,1B, Nursing HCSW ODO & ODP
84994,Division Z,Group O Bank, Nursing HCSW ODO & ODP
88823,Division Z,Group O Bank, Nursing HCSW ODO & ODP
84690,Division Z,Group O Bank, Nursing HCSW ODO & ODP
83374,Division Z,Group O Bank, Nursing HCSW ODO & ODP
87863,Division Z,Group O Bank, Nursing HCSW ODO & ODP
82736,Division Z,Group O Bank, Nursing HCSW ODO & ODP
46516,Division Z,Group O Bank, Nursing HCSW ODO & ODP
96768,Division Z,Group O Bank, Nursing HCSW ODO & ODP
14348,Division Z,Group O Bank, Nursing HCSW ODO & ODP
64331,Division Z,Group O Bank, Nursing HCSW ODO & ODP
24970,Division Z,Group O Bank, Nursing HCSW ODO & ODP
23381,Division Z,Group O Bank, Nursing HCSW ODO & ODP
87437,Division Z,Group O Bank, Nursing HCSW ODO & ODP
81556,Division Z,Group O Bank, Nursing HCSW ODO & ODP
68955,Division Z,Group O Bank, Nursing HCSW ODO & ODP
84510,Division Z,Group O Bank, Nursing HCSW ODO & ODP
31348,Division Z,Group O Bank, Nursing HCSW ODO & ODP
77082,Division Z,Group O Bank, Nursing HCSW ODO & ODP
25612,Division Z,Group O Bank, Nursing HCSW ODO & ODP
81555,Division Z,Group O Bank, Nursing HCSW ODO & ODP
87098,Division Z,Group O Bank, Nursing HCSW ODO & ODP
86452,Division Z,, Nursing HCSW ODO & ODP
68675,Division Z,Group O Bank, Nursing HCSW ODO & ODP
87532,Division Z,Group O Bank, Nursing HCSW ODO & ODP
60907,Division Z,Group O Bank, Nursing HCSW ODO & ODP
18114,Division Z,Group O Bank, Nursing HCSW ODO & ODP
87208,Division Z,Group O Bank, Nursing HCSW ODO & ODP
33122,Division Z,Group O Bank, Nursing HCSW ODO & ODP
86467,Division Z,Group O Bank, Nursing HCSW ODO & ODP
83798,Division Z,Group O Bank, Nursing HCSW ODO & ODP
92616,Division Z,3B, Nursing HCSW ODO & ODP
57863,Division Z,Group O Bank, Nursing HCSW ODO & ODP
77548,Division Z,Group O Bank, Nursing HCSW ODO & ODP
95343,Division Z,Group O Bank, Nursing HCSW ODO & ODP
91542,Division Z,Group O Bank, Nursing HCSW ODO & ODP
95993,Division Z,Group O Bank, Nursing HCSW ODO & ODP
88332,Division Z,Group O Bank, Nursing HCSW ODO & ODP
86933,Division Z,Group O Bank, Nursing HCSW ODO & ODP
89834,Division Z,Group O Bank, Nursing HCSW ODO & ODP
94419,Division Z,, Nursing HCSW ODO & ODP
83965,Division Z,Group O Bank, Nursing HCSW ODO & ODP
74801,Division Z,Group O Bank, Nursing HCSW ODO & ODP
63208,Division Z,Group O Bank, Nursing HCSW ODO & ODP
12529,Division Z,Group O Bank, Nursing HCSW ODO & ODP
75384,Division Z,Group O Bank, Nursing HCSW ODO & ODP
83233,Division Z,Group O Bank, Nursing HCSW ODO & ODP
66442,Division Z,Group O Bank, Nursing HCSW ODO & ODP
47381,Division Z,Group O Bank, Nursing HCSW ODO & ODP
64453,Division Z,Group O Bank, Nursing HCSW ODO & ODP
71385,Division Z,Group O Bank, Nursing HCSW ODO & ODP
77591,Division Z,, Nursing HCSW ODO & ODP
59865,Division Z,Group O Bank, Nursing HCSW ODO & ODP
30520,Division Z,Group O Bank, Nursing HCSW ODO & ODP
96541,Division Z,Group O Bank, Nursing HCSW ODO & ODP
93688,Division Z,Group O Bank, Nursing HCSW ODO & ODP
96976,Division Z,Group O Bank, Nursing HCSW ODO & ODP
61409,Division Z,Group O Bank, Nursing HCSW ODO & ODP
27765,Division Z,Group O Bank, Nursing HCSW ODO & ODP
87099,Division Z,Group O Bank, Nursing HCSW ODO & ODP
82958,Division Z,Group O Bank, Nursing HCSW ODO & ODP
94036,Division Z,Group O Bank, Nursing HCSW ODO & ODP
61760,Division Z,Group O Bank, Nursing HCSW ODO & ODP
82066,Division Z,Group O Bank, Nursing HCSW ODO & ODP
81903,Division Z,Group O Bank, Nursing HCSW ODO & ODP
73446,Division Z,Group O Bank, Nursing HCSW ODO & ODP
5701,Division Z,Group O Bank, Nursing HCSW ODO & ODP
28891,Division Z,, Nursing HCSW ODO & ODP
33127,Division Z,Group O Bank, Nursing HCSW ODO & ODP
80057,Division Z,Group O Bank, Nursing HCSW ODO & ODP
69849,Division Z,Group O Bank, Nursing HCSW ODO & ODP
33128,Division Z,Group O Bank, Nursing HCSW ODO & ODP
76424,Division Z,Group O Bank, Nursing HCSW ODO & ODP
81266,Division Z,Group O Bank, Nursing HCSW ODO & ODP
87438,Division Z,Group O Bank, Nursing HCSW ODO & ODP
30358,Division Z,Group O Bank, Nursing HCSW ODO & ODP
94472,Division Z,Group O Bank, Nursing HCSW ODO & ODP
71520,Division Z,Group O Bank, Nursing HCSW ODO & ODP
89397,Division Z,Group O Bank, Nursing HCSW ODO & ODP
69391,Division Z,Group O Bank, Nursing HCSW ODO & ODP
96375,Division Z,Group O Bank, Nursing HCSW ODO & ODP
90011,Division Z,Group O Bank, Nursing HCSW ODO & ODP
86716,Division Z,Group O Bank, Nursing HCSW ODO & ODP
87864,Division Z,Group O Bank, Nursing HCSW ODO & ODP
91380,Division Z,Group O Bank, Nursing HCSW ODO & ODP
5702,Division Z,Group O Bank, Nursing HCSW ODO & ODP
33130,Division Z,Group O Bank, Nursing HCSW ODO & ODP
30106,Division Z,Group O Bank, Nursing HCSW ODO & ODP
89225,Division Z,Group O Bank, Nursing HCSW ODO & ODP
12530,Division Z,Group O Bank, Nursing HCSW ODO & ODP
21491,Division Z,Group O Bank, Nursing HCSW ODO & ODP
19865,Division Z,Group O Bank, Nursing HCSW ODO & ODP
82959,Division Z,Group O Bank, Nursing HCSW ODO & ODP
19546,Division Z,Group O Bank, Nursing HCSW ODO & ODP
94309,Division Z,Group O Bank, Nursing HCSW ODO & ODP
86453,Division Z,Group O Bank, Nursing HCSW ODO & ODP
86201,Division Z,Group O Bank, Nursing HCSW ODO & ODP
92617,Division Z,Group O Bank, Nursing HCSW ODO & ODP
79951,Division Z,Group O Bank, Nursing HCSW ODO & ODP
70020,Division Z,Group O Bank, Nursing HCSW ODO & ODP
84953,Division Z,Group O Bank, Nursing HCSW ODO & ODP
79952,Division Z,Group O Bank, Nursing HCSW ODO & ODP
83500,Division Z,, Nursing HCSW ODO & ODP
5703,Division Z,Group O Bank, Nursing HCSW ODO & ODP
66130,Division Z,Group O Bank, Nursing HCSW ODO & ODP
93667,Division Z,Group O Bank, Nursing HCSW ODO & ODP
348,Division Z,Group O Bank, Nursing HCSW ODO & ODP
86202,Division Z,Group O Bank, Nursing HCSW ODO & ODP
47387,Division Z,Group O Bank, Nursing HCSW ODO & ODP
65289,Division Z,Group O Bank, Nursing HCSW ODO & ODP
92076,Division Z,Group O Bank, Nursing HCSW ODO & ODP
67949,Division Z,Group O Bank, Nursing HCSW ODO & ODP
72667,Division Z,5B, Nursing HCSW ODO & ODP
70831,Division Z,Group O Bank, Nursing HCSW ODO & ODP
67614,Division Z,Group O Bank, Nursing HCSW ODO & ODP
74345,Division Z,Group O Bank, Nursing HCSW ODO & ODP
54475,Division Z,Group O Bank, Nursing HCSW ODO & ODP
45036,Division Z,Group O Bank, Nursing HCSW ODO & ODP
25511,Division Z,Group O Bank, Nursing HCSW ODO & ODP
83467,Division Z,Group O Bank, Nursing HCSW ODO & ODP
83144,Division Z,Group O Bank, Nursing HCSW ODO & ODP
85554,Division Z,Group O Bank, Nursing HCSW ODO & ODP
28917,Division Z,Group O Bank, Nursing HCSW ODO & ODP
74346,Division Z,Group O Bank, Nursing HCSW ODO & ODP
68506,Division Z,Group O Bank, Nursing HCSW ODO & ODP
47390,Division Z,Group O Bank, Nursing HCSW ODO & ODP
349,Division Z,Group O Bank, Nursing HCSW ODO & ODP
27373,Division Z,Group O Bank, Nursing HCSW ODO & ODP
79618,Division Z,Group O Bank, Nursing HCSW ODO & ODP
20395,Division Z,Group O Bank, Nursing HCSW ODO & ODP
61279,Division Z,Group O Bank, Nursing HCSW ODO & ODP
96542,Division Z,Group O Bank, Nursing HCSW ODO & ODP
96328,Division Z,Group O Bank, Nursing HCSW ODO & ODP
61003,Division Z,Group O Bank, Nursing HCSW ODO & ODP
86818,Division Z,Group O Bank, Nursing HCSW ODO & ODP
33139,Division Z,Group O Bank, Nursing HCSW ODO & ODP
47393,Division Z,Group O Bank, Nursing HCSW ODO & ODP
47394,Division Z,Group O Bank, Nursing HCSW ODO & ODP
64390,Division Z,Group O Bank, Nursing HCSW ODO & ODP
5706,Division Z,Group O Bank, Nursing HCSW ODO & ODP
63759,Division Z,Group O Bank, Nursing HCSW ODO & ODP
33146,Division Z,Group O Bank, Nursing HCSW ODO & ODP
62657,Division Z,Group O Bank, Nursing HCSW ODO & ODP
79953,Division Z,Group O Bank, Nursing HCSW ODO & ODP
78127,Division Z,Group O Bank, Nursing HCSW ODO & ODP
59377,Division Z,Group O Bank, Nursing HCSW ODO & ODP
47389,Division Z,Group O Bank, Nursing HCSW ODO & ODP
47395,Division Z,Group O Bank, Nursing HCSW ODO & ODP
93500,Division Z,Group O Bank, Nursing HCSW ODO & ODP
33149,Division Z,Group O Bank, Nursing HCSW ODO & ODP
73774,Division Z,Group O Bank, Nursing HCSW ODO & ODP
94223,Division Z,Group O Bank, Nursing HCSW ODO & ODP
82363,Division Z,Group O Bank, Nursing HCSW ODO & ODP
72675,Division Z,Group O Bank, Nursing HCSW ODO & ODP
80620,Division Z,, Nursing HCSW ODO & ODP
5707,Division Z,Group O Bank, Nursing HCSW ODO & ODP
80202,Division Z,Group O Bank, Nursing HCSW ODO & ODP
66233,Division Z,Group O Bank, Nursing HCSW ODO & ODP
15929,Division Z,Group O Bank, Nursing HCSW ODO & ODP
66639,Division Z,Group O Bank, Nursing HCSW ODO & ODP
96474,Division Z,Group O Bank, Nursing HCSW ODO & ODP
88150,Division Z,Group O Bank, Nursing HCSW ODO & ODP
45401,Division Z,, Nursing HCSW ODO & ODP
65486,Division Z,Group O Bank, Nursing HCSW ODO & ODP
83981,Division Z,Group O Bank, Nursing HCSW ODO & ODP
66916,Division Z,Group O Bank, Nursing HCSW ODO & ODP
77138,Division Z,Group O Bank, Nursing HCSW ODO & ODP
47396,Division Z,Group O Bank, Nursing HCSW ODO & ODP
26009,Division Z,Group O Bank, Nursing HCSW ODO & ODP
73024,Division Z,Group O Bank, Nursing HCSW ODO & ODP
69559,Division Z,Group O Bank, Nursing HCSW ODO & ODP
22312,Division Z,Group O Bank, Nursing HCSW ODO & ODP
87100,Division Z,Group O Bank, Nursing HCSW ODO & ODP
65606,Division Z,Group O Bank, Nursing HCSW ODO & ODP
19779,Division Z,Group O Bank, Nursing HCSW ODO & ODP
68956,Division Z,Group O Bank, Nursing HCSW ODO & ODP
74914,Division Z,Group O Bank, Nursing HCSW ODO & ODP
76387,Division Z,Group O Bank, Nursing HCSW ODO & ODP
65063,Division Z,Group O Bank, Nursing HCSW ODO & ODP
78128,Division Z,Group O Bank, Nursing HCSW ODO & ODP
352,Division Z,Group O Bank, Nursing HCSW ODO & ODP
72780,Division Z,Group O Bank, Nursing HCSW ODO & ODP
76954,Division Z,, Nursing HCSW ODO & ODP
47397,Division Z,Group O Bank, Nursing HCSW ODO & ODP
90015,Division Z,Group O Bank, Nursing HCSW ODO & ODP
46599,Division Z,Group O Bank, Nursing HCSW ODO & ODP
70567,Division Z,Group O Bank, Nursing HCSW ODO & ODP
82127,Division Z,Group O Bank, Nursing HCSW ODO & ODP
89527,Division Z,Group O Bank, Nursing HCSW ODO & ODP
86693,Division Z,Group O Bank, Nursing HCSW ODO & ODP
91529,Division Z,Group O Bank, Nursing HCSW ODO & ODP
82639,Division Z,Group O Bank, Nursing HCSW ODO & ODP
71152,Division Z,Group O Bank, Nursing HCSW ODO & ODP
80955,Division Z,Group O Bank, Nursing HCSW ODO & ODP
47400,Division Z,Group O Bank, Nursing HCSW ODO & ODP
33154,Division Z,Group O Bank, Nursing HCSW ODO & ODP
21613,Division Z,Group O Bank, Nursing HCSW ODO & ODP
47401,Division Z,Group O Bank, Nursing HCSW ODO & ODP
354,Division Z,Group O Bank, Nursing HCSW ODO & ODP
27939,Division Z,Group O Bank, Nursing HCSW ODO & ODP
14350,Division Z,Group O Bank, Nursing HCSW ODO & ODP
355,Division Z,Group O Bank, Nursing HCSW ODO & ODP
33156,Division Z,Group O Bank, Nursing HCSW ODO & ODP
69702,Division Z,Group O Bank, Nursing HCSW ODO & ODP
77698,Division Z,Group O Bank, Nursing HCSW ODO & ODP
356,Division Z,Group O Bank, Nursing HCSW ODO & ODP
70013,Division Z,Group O Bank, Nursing HCSW ODO & ODP
70650,Division Z,Group O Bank, Nursing HCSW ODO & ODP
47404,Division Z,Group O Bank, Nursing HCSW ODO & ODP
70653,Division Z,Group O Bank, Nursing HCSW ODO & ODP
47405,Division Z,Group O Bank, Nursing HCSW ODO & ODP
69657,Division Z,Group O Bank, Nursing HCSW ODO & ODP
66779,Division Z,Group O Bank, Nursing HCSW ODO & ODP
31621,Division Z,Group O Bank, Nursing HCSW ODO & ODP
47406,Division Z,Group O Bank, Nursing HCSW ODO & ODP
25924,Division Z,Group O Bank, Nursing HCSW ODO & ODP
33161,Division Z,Group O Bank, Nursing HCSW ODO & ODP
47408,Division Z,Group O Bank, Nursing HCSW ODO & ODP
12532,Division Z,Group O Bank, Nursing HCSW ODO & ODP
80388,Division Z,Group O Bank, Nursing HCSW ODO & ODP
20020,Division Z,Group O Bank, Nursing HCSW ODO & ODP
24514,Division Z,, Nursing HCSW ODO & ODP
82640,Division Z,Group O Bank, Nursing HCSW ODO & ODP
73244,Division Z,Group O Bank, Nursing HCSW ODO & ODP
360,Division Z,Group O Bank, Nursing HCSW ODO & ODP
5724,Division Z,Group O Bank, Nursing HCSW ODO & ODP
5722,Division Z,Group O Bank, Nursing HCSW ODO & ODP
29755,Division Z,Group O Bank, Nursing HCSW ODO & ODP
33168,Division Z,1B, Nursing HCSW ODO & ODP
47413,Division Z,Group O Bank, Nursing HCSW ODO & ODP
88346,Division Z,Group O Bank, Nursing HCSW ODO & ODP
74347,Division Z,Group O Bank, Nursing HCSW ODO & ODP
80389,Division Z,Group O Bank, Nursing HCSW ODO & ODP
5725,Division Z,Group O Bank, Nursing HCSW ODO & ODP
58678,Division Z,Group O Bank, Nursing HCSW ODO & ODP
5709,Division Z,Group O Bank, Nursing HCSW ODO & ODP
78067,Division Z,Group O Bank, Nursing HCSW ODO & ODP
62219,Division Z,Group O Bank, Nursing HCSW ODO & ODP
81736,Division Z,Group O Bank, Nursing HCSW ODO & ODP
54480,Division Z,Group O Bank, Nursing HCSW ODO & ODP
59680,Division Z,Group O Bank, Nursing HCSW ODO & ODP
64317,Division Z,Group O Bank, Nursing HCSW ODO & ODP
45586,Division Z,Group O Bank, Nursing HCSW ODO & ODP
54481,Division Z,Group O Bank, Nursing HCSW ODO & ODP
13864,Division Z,Group O Bank, Nursing HCSW ODO & ODP
71443,Division Z,Group O Bank, Nursing HCSW ODO & ODP
23505,Division Z,Group O Bank, Nursing HCSW ODO & ODP
33174,Division Z,3B, Nursing HCSW ODO & ODP
20466,Division Z,Group O Bank, Nursing HCSW ODO & ODP
54483,Division Z,Group O Bank, Nursing HCSW ODO & ODP
54484,Division Z,Group O Bank, Nursing HCSW ODO & ODP
15297,Division Z,Group O Bank, Nursing HCSW ODO & ODP
10746,Division Z,Group O Bank, Nursing HCSW ODO & ODP
18356,Division Z,Group O Bank, Nursing HCSW ODO & ODP
60891,Division Z,Group O Bank, Nursing HCSW ODO & ODP
54485,Division Z,, Nursing HCSW ODO & ODP
57838,Division Z,2B, Nursing HCSW ODO & ODP
76087,Division Z,, Nursing HCSW ODO & ODP
91964,Division Z,Group O Bank, Nursing HCSW ODO & ODP
60517,Division Z,Group O Bank, Nursing HCSW ODO & ODP
68423,Division Z,Group O Bank, Nursing HCSW ODO & ODP
90823,Division Z,Group O Bank, Nursing HCSW ODO & ODP
87651,Division Z,Group O Bank, Nursing HCSW ODO & ODP
44802,Division Z,Group O Bank, Nursing HCSW ODO & ODP
64992,Division Z,Group O Bank, Nursing HCSW ODO & ODP
47414,Division Z,Group O Bank, Nursing HCSW ODO & ODP
63962,Division Z,Group O Bank, Nursing HCSW ODO & ODP
77934,Division Z,Group O Bank, Nursing HCSW ODO & ODP
96878,Division Z,Group O Bank, Nursing HCSW ODO & ODP
86203,Division Z,Group O Bank, Nursing HCSW ODO & ODP
64683,Division Z,Group O Bank, Nursing HCSW ODO & ODP
91361,Division Z,Group O Bank, Nursing HCSW ODO & ODP
91168,Division Z,Group O Bank, Nursing HCSW ODO & ODP
77592,Division Z,, Nursing HCSW ODO & ODP
62466,Division Z,Group O Bank, Nursing HCSW ODO & ODP
33183,Division Z,Group O Bank, Nursing HCSW ODO & ODP
74946,Division Z,Group O Bank, Nursing HCSW ODO & ODP
57823,Division Z,Group O Bank, Nursing HCSW ODO & ODP
65995,Division Z,Group O Bank, Nursing HCSW ODO & ODP
33184,Division Z,Group O Bank, Nursing HCSW ODO & ODP
77935,Division Z,Group O Bank, Nursing HCSW ODO & ODP
25464,Division Z,Group O Bank, Nursing HCSW ODO & ODP
33185,Division Z,Group O Bank, Nursing HCSW ODO & ODP
64831,Division Z,Group O Bank, Nursing HCSW ODO & ODP
85380,Division Z,Group O Bank, Nursing HCSW ODO & ODP
91830,Division Z,Group O Bank, Nursing HCSW ODO & ODP
61092,Division Z,Group O Bank, Nursing HCSW ODO & ODP
89835,Division Z,Group O Bank, Nursing HCSW ODO & ODP
47415,Division Z,Group O Bank, Nursing HCSW ODO & ODP
75317,Division Z,Group O Bank, Nursing HCSW ODO & ODP
61280,Division Z,Group O Bank, Nursing HCSW ODO & ODP
68929,Division Z,Group O Bank, Nursing HCSW ODO & ODP
82902,Division Z,Group O Bank, Nursing HCSW ODO & ODP
77239,Division Z,3A, Nursing HCSW ODO & ODP
80782,Division Z,Group O Bank, Nursing HCSW ODO & ODP
67998,Division Z,Group O Bank, Nursing HCSW ODO & ODP
25838,Division Z,Group O Bank, Nursing HCSW ODO & ODP
62434,Division Z,Group O Bank, Nursing HCSW ODO & ODP
95631,Division Z,Group O Bank, Nursing HCSW ODO & ODP
20961,Division Z,Group O Bank, Nursing HCSW ODO & ODP
75018,Division Z,Group O Bank, Nursing HCSW ODO & ODP
84244,Division Z,Group O Bank, Nursing HCSW ODO & ODP
95796,Division Z,Group O Bank, Nursing HCSW ODO & ODP
74348,Division Z,Group O Bank, Nursing HCSW ODO & ODP
22660,Division Z,Group O Bank, Nursing HCSW ODO & ODP
47416,Division Z,Group O Bank, Nursing HCSW ODO & ODP
18300,Division Z,Group O Bank, Nursing HCSW ODO & ODP
47421,Division Z,Group O Bank, Nursing HCSW ODO & ODP
88761,Division Z,Group O Bank, Nursing HCSW ODO & ODP
89836,Division Z,Group O Bank, Nursing HCSW ODO & ODP
65155,Division Z,Group O Bank, Nursing HCSW ODO & ODP
29341,Division Z,Group O Bank, Nursing HCSW ODO & ODP
82641,Division Z,Group O Bank, Nursing HCSW ODO & ODP
84560,Division Z,Group O Bank, Nursing HCSW ODO & ODP
12536,Division Z,Group O Bank, Nursing HCSW ODO & ODP
91057,Division Z,Group O Bank, Nursing HCSW ODO & ODP
82497,Division Z,Group O Bank, Nursing HCSW ODO & ODP
87533,Division Z,Group O Bank, Nursing HCSW ODO & ODP
71204,Division Z,Group O Bank, Nursing HCSW ODO & ODP
90469,Division Z,Group O Bank, Nursing HCSW ODO & ODP
47418,Division Z,Group O Bank, Nursing HCSW ODO & ODP
47419,Division Z,Group O Bank, Nursing HCSW ODO & ODP
88272,Division Z,Group O Bank, Nursing HCSW ODO & ODP
47420,Division Z,Group O Bank, Nursing HCSW ODO & ODP
364,Division Z,Group O Bank, Nursing HCSW ODO & ODP
15168,Division Z,Group O Bank, Nursing HCSW ODO & ODP
14775,Division Z,Group O Bank, Nursing HCSW ODO & ODP
12537,Division Z,Group O Bank, Nursing HCSW ODO & ODP
91280,Division Z,Group O Bank, Nursing HCSW ODO & ODP
82794,Division Z,Group O Bank, Nursing HCSW ODO & ODP
63032,Division Z,Group O Bank, Nursing HCSW ODO & ODP
77885,Division Z,Group O Bank, Nursing HCSW ODO & ODP
87101,Division Z,Group O Bank, Nursing HCSW ODO & ODP
87071,Division Z,Group O Bank, Nursing HCSW ODO & ODP
82642,Division Z,, Nursing HCSW ODO & ODP
86717,Division Z,Group O Bank, Nursing HCSW ODO & ODP
81557,Division Z,Group O Bank, Nursing HCSW ODO & ODP
59918,Division Z,Group O Bank, Nursing HCSW ODO & ODP
78408,Division Z,Group O Bank, Nursing HCSW ODO & ODP
23131,Division Z,Group O Bank, Nursing HCSW ODO & ODP
57784,Division Z,Group O Bank, Nursing HCSW ODO & ODP
75603,Division Z,Group O Bank, Nursing HCSW ODO & ODP
80815,Division Z,Group O Bank, Nursing HCSW ODO & ODP
70370,Division Z,Group O Bank, Nursing HCSW ODO & ODP
33200,Division Z,Group O Bank, Nursing HCSW ODO & ODP
367,Division Z,Group O Bank, Nursing HCSW ODO & ODP
80816,Division Z,Group O Bank, Nursing HCSW ODO & ODP
33201,Division Z,Group O Bank, Nursing HCSW ODO & ODP
95312,Division Z,Group O Bank, Nursing HCSW ODO & ODP
78281,Division Z,Group O Bank, Nursing HCSW ODO & ODP
76711,Division Z,Group O Bank, Nursing HCSW ODO & ODP
95894,Division Z,Group O Bank, Nursing HCSW ODO & ODP
79137,Division Z,Group O Bank, Nursing HCSW ODO & ODP
66258,Division Z,, Nursing HCSW ODO & ODP
92238,Division Z,Group O Bank, Nursing HCSW ODO & ODP
67950,Division Z,Group O Bank, Nursing HCSW ODO & ODP
46587,Division Z,, Nursing HCSW ODO & ODP
76842,Division Z,Group O Bank, Nursing HCSW ODO & ODP
96136,Division Z,Group O Bank, Nursing HCSW ODO & ODP
83375,Division Z,Group O Bank, Nursing HCSW ODO & ODP
20323,Division Z,Group O Bank, Nursing HCSW ODO & ODP
84561,Division Z,Group O Bank, Nursing HCSW ODO & ODP
95639,Division Z,Group O Bank, Nursing HCSW ODO & ODP
5729,Division Z,Group O Bank, Nursing HCSW ODO & ODP
368,Division Z,Group O Bank, Nursing HCSW ODO & ODP
47427,Division Z,Group O Bank, Nursing HCSW ODO & ODP
92975,Division Z,Group O Bank, Nursing HCSW ODO & ODP
58267,Division Z,Group O Bank, Nursing HCSW ODO & ODP
9903,Division Z,Group O Bank, Nursing HCSW ODO & ODP
5730,Division Z,Group O Bank, Nursing HCSW ODO & ODP
75120,Division Z,Group O Bank, Nursing HCSW ODO & ODP
45859,Division Z,5A, Nursing HCSW ODO & ODP
11951,Division Z,Group O Bank, Nursing HCSW ODO & ODP
5731,Division Z,Group O Bank, Nursing HCSW ODO & ODP
23746,Division Z,Group O Bank, Nursing HCSW ODO & ODP
70892,Division Z,Group O Bank, Nursing HCSW ODO & ODP
15930,Division Z,Group O Bank, Nursing HCSW ODO & ODP
87328,Division Z,Group O Bank, Nursing HCSW ODO & ODP
10749,Division Z,Group O Bank, Nursing HCSW ODO & ODP
15298,Division Z,Group O Bank, Nursing HCSW ODO & ODP
33206,Division Z,Group O Bank, Nursing HCSW ODO & ODP
71206,Division Z,Group O Bank, Nursing HCSW ODO & ODP
83501,Division Z,Group O Bank, Nursing HCSW ODO & ODP
84133,Division Z,Group O Bank, Nursing HCSW ODO & ODP
93942,Division Z,Group O Bank, Nursing HCSW ODO & ODP
85351,Division Z,Group O Bank, Nursing HCSW ODO & ODP
54493,Division Z,Group O Bank, Nursing HCSW ODO & ODP
57945,Division Z,Group O Bank, Nursing HCSW ODO & ODP
5735,Division Z,Group O Bank, Nursing HCSW ODO & ODP
54494,Division Z,Group O Bank, Nursing HCSW ODO & ODP
66419,Division Z,Group O Bank, Nursing HCSW ODO & ODP
83821,Division Z,Group O Bank, Nursing HCSW ODO & ODP
77865,Division Z,Group O Bank, Nursing HCSW ODO & ODP
78719,Division Z,Group O Bank, Nursing HCSW ODO & ODP
93689,Division Z,Group O Bank, Nursing HCSW ODO & ODP
76704,Division Z,Group O Bank, Nursing HCSW ODO & ODP
80638,Division Z,Group O Bank, Nursing HCSW ODO & ODP
30821,Division Z,Group O Bank, Nursing HCSW ODO & ODP
76982,Division Z,Group O Bank, Nursing HCSW ODO & ODP
91831,Division Z,Group O Bank, Nursing HCSW ODO & ODP
88824,Division Z,Group O Bank, Nursing HCSW ODO & ODP
84134,Division Z,Group O Bank, Nursing HCSW ODO & ODP
66577,Division Z,Group O Bank, Nursing HCSW ODO & ODP
20854,Division Z,Group O Bank, Nursing HCSW ODO & ODP
58914,Division Z,1A, Nursing HCSW ODO & ODP
82148,Division Z,Group O Bank, Nursing HCSW ODO & ODP
92889,Division Z,Group O Bank, Nursing HCSW ODO & ODP
33217,Division Z,Group O Bank, Nursing HCSW ODO & ODP
84106,Division Z,Group O Bank, Nursing HCSW ODO & ODP
64832,Division Z,Group O Bank, Nursing HCSW ODO & ODP
28887,Division Z,Group O Bank, Nursing HCSW ODO & ODP
83617,Division Z,Group O Bank, Nursing HCSW ODO & ODP
82789,Division Z,Group O Bank, Nursing HCSW ODO & ODP
54496,Division Z,Group O Bank, Nursing HCSW ODO & ODP
59783,Division Z,Group O Bank, Nursing HCSW ODO & ODP
82960,Division Z,Group O Bank, Nursing HCSW ODO & ODP
59681,Division Z,Group O Bank, Nursing HCSW ODO & ODP
76563,Division Z,Group O Bank, Nursing HCSW ODO & ODP
75523,Division Z,Group O Bank, Nursing HCSW ODO & ODP
74130,Division Z,Group O Bank, Nursing HCSW ODO & ODP
95504,Division Z,Group O Bank, Nursing HCSW ODO & ODP
81267,Division Z,Group O Bank, Nursing HCSW ODO & ODP
60520,Division Z,Group O Bank, Nursing HCSW ODO & ODP
18357,Division Z,Group O Bank, Nursing HCSW ODO & ODP
47430,Division Z,Group O Bank, Nursing HCSW ODO & ODP
69071,Division Z,Group O Bank, Nursing HCSW ODO & ODP
89891,Division Z,Group O Bank, Nursing HCSW ODO & ODP
67543,Division Z,Group O Bank, Nursing HCSW ODO & ODP
54499,Division Z,Group O Bank, Nursing HCSW ODO & ODP
95732,Division Z,Group O Bank, Nursing HCSW ODO & ODP
54500,Division Z,Group O Bank, Nursing HCSW ODO & ODP
91832,Division Z,Group O Bank, Nursing HCSW ODO & ODP
54501,Division Z,Group O Bank, Nursing HCSW ODO & ODP
78129,Division Z,Group O Bank, Nursing HCSW ODO & ODP
82961,Division Z,Group O Bank, Nursing HCSW ODO & ODP
68552,Division Z,Group O Bank, Nursing HCSW ODO & ODP
95344,Division Z,Group O Bank, Nursing HCSW ODO & ODP
79378,Division Z,Group O Bank, Nursing HCSW ODO & ODP
29342,Division Z,Group O Bank, Nursing HCSW ODO & ODP
29002,Division Z,Group O Bank, Nursing HCSW ODO & ODP
370,Division Z,Group O Bank, Nursing HCSW ODO & ODP
76712,Division Z,Group O Bank, Nursing HCSW ODO & ODP
80817,Division Z,Group O Bank, Nursing HCSW ODO & ODP
84003,Division Z,Group O Bank, Nursing HCSW ODO & ODP
54504,Division Z,Group O Bank, Nursing HCSW ODO & ODP
79932,Division Z,Group O Bank, Nursing HCSW ODO & ODP
33226,Division Z,Group O Bank, Nursing HCSW ODO & ODP
94339,Division Z,Group O Bank, Nursing HCSW ODO & ODP
67119,Division Z,Group O Bank, Nursing HCSW ODO & ODP
58268,Division Z,Group O Bank, Nursing HCSW ODO & ODP
54506,Division Z,Group O Bank, Nursing HCSW ODO & ODP
54507,Division Z,Group O Bank, Nursing HCSW ODO & ODP
83462,Division Z,Group O Bank, Nursing HCSW ODO & ODP
33229,Division Z,Group O Bank, Nursing HCSW ODO & ODP
65143,Division Z,Group O Bank, Nursing HCSW ODO & ODP
89340,Division Z,Group O Bank, Nursing HCSW ODO & ODP
30240,Division Z,Group O Bank, Nursing HCSW ODO & ODP
44803,Division Z,Group O Bank, Nursing HCSW ODO & ODP
26858,Division Z,Group O Bank, Nursing HCSW ODO & ODP
54508,Division Z,Group O Bank, Nursing HCSW ODO & ODP
77786,Division Z,Group O Bank, Nursing HCSW ODO & ODP
54509,Division Z,Group O Bank, Nursing HCSW ODO & ODP
81737,Division Z,Group O Bank, Nursing HCSW ODO & ODP
61684,Division Z,Group O Bank, Nursing HCSW ODO & ODP
94473,Division Z,Group O Bank, Nursing HCSW ODO & ODP
74315,Division Z,Group O Bank, Nursing HCSW ODO & ODP
54510,Division Z,Group O Bank, Nursing HCSW ODO & ODP
54511,Division Z,Group O Bank, Nursing HCSW ODO & ODP
64397,Division Z,Group O Bank, Nursing HCSW ODO & ODP
91058,Division Z,Group O Bank, Nursing HCSW ODO & ODP
54513,Division Z,Group O Bank, Nursing HCSW ODO & ODP
64137,Division Z,Group O Bank, Nursing HCSW ODO & ODP
33212,Division Z,Group O Bank, Nursing HCSW ODO & ODP
61449,Division Z,Group O Bank, Nursing HCSW ODO & ODP
61588,Division Z,Group O Bank, Nursing HCSW ODO & ODP
77832,Division Z,Group O Bank, Nursing HCSW ODO & ODP
89528,Division Z,Group O Bank, Nursing HCSW ODO & ODP
62874,Division Z,Group O Bank, Nursing HCSW ODO & ODP
5739,Division Z,Group O Bank, Nursing HCSW ODO & ODP
54516,Division Z,Group O Bank, Nursing HCSW ODO & ODP
54517,Division Z,Group O Bank, Nursing HCSW ODO & ODP
77894,Division Z,Group O Bank, Nursing HCSW ODO & ODP
63578,Division Z,Group O Bank, Nursing HCSW ODO & ODP
54518,Division Z,Group O Bank, Nursing HCSW ODO & ODP
89062,Division Z,Group O Bank, Nursing HCSW ODO & ODP
68399,Division Z,Group O Bank, Nursing HCSW ODO & ODP
61470,Division Z,Group O Bank, Nursing HCSW ODO & ODP
74702,Division Z,Group O Bank, Nursing HCSW ODO & ODP
54519,Division Z,Group O Bank, Nursing HCSW ODO & ODP
12539,Division Z,Group O Bank, Nursing HCSW ODO & ODP
83376,Division Z,Group O Bank, Nursing HCSW ODO & ODP
61088,Division Z,Group O Bank, Nursing HCSW ODO & ODP
80297,Division Z,Group O Bank, Nursing HCSW ODO & ODP
54520,Division Z,Group O Bank, Nursing HCSW ODO & ODP
88680,Division Z,Group O Bank, Nursing HCSW ODO & ODP
94391,Division Z,Group O Bank, Nursing HCSW ODO & ODP
71305,Division Z,Group O Bank, Nursing HCSW ODO & ODP
73245,Division Z,Group O Bank, Nursing HCSW ODO & ODP
54522,Division Z,Group O Bank, Nursing HCSW ODO & ODP
92833,Division Z,, Nursing HCSW ODO & ODP
33242,Division Z,Group O Bank, Nursing HCSW ODO & ODP
5737,Division Z,Group O Bank, Nursing HCSW ODO & ODP
66719,Division Z,Group O Bank, Nursing HCSW ODO & ODP
89837,Division Z,Group O Bank, Nursing HCSW ODO & ODP
67096,Division Z,Group O Bank, Nursing HCSW ODO & ODP
80298,Division Z,Group O Bank, Nursing HCSW ODO & ODP
28655,Division Z,Group O Bank, Nursing HCSW ODO & ODP
76843,Division Z,Group O Bank, Nursing HCSW ODO & ODP
95153,Division Z,Group O Bank, Nursing HCSW ODO & ODP
54524,Division Z,Group O Bank, Nursing HCSW ODO & ODP
85942,Division Z,Group O Bank, Nursing HCSW ODO & ODP
54525,Division Z,Group O Bank, Nursing HCSW ODO & ODP
93803,Division Z,Group O Bank, Nursing HCSW ODO & ODP
59250,Division Z,Group O Bank, Nursing HCSW ODO & ODP
68792,Division Z,Group O Bank, Nursing HCSW ODO & ODP
86204,Division Z,Group O Bank, Nursing HCSW ODO & ODP
81268,Division Z,Group O Bank, Nursing HCSW ODO & ODP
96137,Division Z,Group O Bank, Nursing HCSW ODO & ODP
63676,Division Z,, Nursing HCSW ODO & ODP
73011,Division Z,Group O Bank, Nursing HCSW ODO & ODP
33246,Division Z,Group O Bank, Nursing HCSW ODO & ODP
54527,Division Z,Group O Bank, Nursing HCSW ODO & ODP
89325,Division Z,Group O Bank, Nursing HCSW ODO & ODP
90220,Division Z,Group O Bank, Nursing HCSW ODO & ODP
95024,Division Z,Group O Bank, Nursing HCSW ODO & ODP
86307,Division Z,Group O Bank, Nursing HCSW ODO & ODP
91059,Division Z,Group O Bank, Nursing HCSW ODO & ODP
62527,Division Z,Group O Bank, Nursing HCSW ODO & ODP
76052,Division Z,Group O Bank, Pharmacy
54529,Division Z,Group O Bank, Pharmacy
33250,Division Z,Group O Bank, Pharmacy
74638,Division Z,Group O Bank, Pharmacy
92443,Division Z,Group O Bank, Pharmacy
84816,Division Z,Group O Bank, Pharmacy
69392,Division Z,Group O Bank, Pharmacy
80390,Division Z,Group O Bank, Pharmacy
54530,Division Z,Group O Bank, Pharmacy
67539,Division Z,Group O Bank, Pharmacy
88533,Division Z,Group O Bank, Pharmacy
47431,Division Z,Group O Bank, Pharmacy
82643,Division Z,Group O Bank, Pharmacy
66824,Division Z,Group O Bank, Pharmacy
83502,Division Z,, Pharmacy
47432,Division Z,Group O Bank, Professional and Technical
87329,Division Z,Group O Bank, Professional and Technical
80299,Division Z,Group O Bank, Professional and Technical
81558,Division Z,Group O Bank, Professional and Technical
71055,Division Z,Group O Bank, Professional and Technical
96475,Division Z,Group O Bank, Professional and Technical
66960,Division Z,Group O Bank, Professional and Technical
47433,Division Z,Group O Bank, Professional and Technical
26456,Division Z,Group O Bank, Professional and Technical
96069,Division Z,Group O Bank, Professional and Technical
63301,Division Z,Group O Bank, Professional and Technical
62468,Division Z,Group O Bank, Professional and Technical
47434,Division Z,Group O Bank, Professional and Technical
59784,Division Z,Group O Bank, Professional and Technical
12542,Division Z,Group O Bank, Professional and Technical
33255,Division Z,Group O Bank, Professional and Technical
373,Division Z,Group O Bank, Professional and Technical
5744,Division Z,Group O Bank, Professional and Technical
69512,Division Z,Group O Bank, Professional and Technical
24932,Division Z,Group O Bank, Professional and Technical
33256,Division Z,Group O Bank, Professional and Technical
47435,Division Z,Group O Bank, Professional and Technical
73246,Division Z,Group O Bank, Professional and Technical
68327,Division Z,, Professional and Technical
76915,Division Z,Group O Bank, Professional and Technical
5746,Division Z,Group O Bank, Professional and Technical
5745,Division Z,Group O Bank, Professional and Technical
376,Division Z,Group O Bank, Professional and Technical
92077,Division Z,Group O Bank, Professional and Technical
92345,Division Z,Group O Bank, Professional and Technical
5743,Division Z,Group O Bank, Professional and Technical
16721,Division Z,Group O Bank, Professional and Technical
84405,Division Z,Group O Bank, Professional and Technical
59251,Division Z,Group O Bank, Professional and Technical
5747,Division Z,Group O Bank, Professional and Technical
5751,Division Z,Group O Bank, Professional and Technical
5752,Division Z,Group O Bank, Professional and Technical
84691,Division Z,Group O Bank, Professional and Technical
70381,Division Z,Group O Bank, Professional and Technical
65862,Division Z,Group O Bank, Professional and Technical
90966,Division Z,Group O Bank, Professional and Technical
30824,Division Z,Group O Bank, Professional and Technical
67330,Division Z,Group O Bank, Professional and Technical
67829,Division Z,Group O Bank, Professional and Technical
31040,Division Z,, Professional and Technical
71351,Division Z,Group O Bank, Professional and Technical
33261,Division Z,Group O Bank, Professional and Technical
91544,Division Z,Group O Bank, Professional and Technical
81905,Division Z,Group O Bank, Professional and Technical
72918,Division Z,Group O Bank, Professional and Technical
26408,Division Z,Group O Bank, Professional and Technical
66491,Division Z,Group O Bank, Professional and Technical
77355,Division Z,Group O Bank, Professional and Technical
91764,Division Z,Group O Bank, Professional and Technical
67234,Division Z,Group O Bank, Professional and Technical
73457,Division Z,Group O Bank, Professional and Technical
86205,Division Z,Group O Bank, Professional and Technical
380,Division Z,Group O Bank, Professional and Technical
93158,Division Z,Group O Bank, Professional and Technical
22782,Division Z,Group O Bank, Professional and Technical
62013,Division Z,Group O Bank, Professional and Technical
91545,Division Z,Group O Bank, Professional and Technical
46539,Division Z,Group O Bank, Professional and Technical
68793,Division Z,Group O Bank, Professional and Technical
18508,Division Z,Group O Bank, Professional and Technical
47440,Division Z,Group O Bank, Professional and Technical
89728,Division Z,Group O Bank, Professional and Technical
30241,Division Z,Group O Bank, Professional and Technical
47441,Division Z,Group O Bank, Professional and Technical
85440,Division Z,Group O Bank, Professional and Technical
79954,Division Z,Group O Bank, Professional and Technical
94474,Division Z,Group O Bank, Professional and Technical
75469,Division Z,Group O Bank, Professional and Technical
95210,Division Z,Group O Bank, Professional and Technical
58639,Division Z,Group O Bank, Professional and Technical
68573,Division Z,Group O Bank, Professional and Technical
75811,Division Z,Group O Bank, Professional and Technical
20536,Division Z,Group O Bank, Professional and Technical
92784,Division Z,Group O Bank, Professional and Technical
381,Division Z,Group O Bank, Professional and Technical
76281,Division Z,, Professional and Technical
47443,Division Z,Group O Bank, Professional and Technical
57383,Division Z,Group O Bank, Professional and Technical
69393,Division Z,Group O Bank, Professional and Technical
94604,Division Z,Group O Bank, Professional and Technical
76154,Division Z,Group O Bank, Professional and Technical
72197,Division Z,Group O Bank, Professional and Technical
47445,Division Z,Group O Bank, Professional and Technical
80300,Division Z,Group O Bank, Professional and Technical
94475,Division Z,, Professional and Technical
65973,Division Z,Group O Bank, Professional and Technical
65405,Division Z,Group O Bank, Professional and Technical
12545,Division Z,Group O Bank, Professional and Technical
5759,Division Z,Group O Bank, Professional and Technical
96656,Division Z,Group O Bank, Professional and Technical
26529,Division Z,Group O Bank, Professional and Technical
85367,Division Z,Group O Bank, Professional and Technical
47449,Division Z,Group O Bank, Professional and Technical
60746,Division Z,Group O Bank, Professional and Technical
47450,Division Z,Group O Bank, Professional and Technical
82962,Division Z,Group O Bank, Professional and Technical
91812,Division Z,Group O Bank, Professional and Technical
47453,Division Z,, Professional and Technical
88416,Division Z,, Professional and Technical
59785,Division Z,Group O Bank, Professional and Technical
82498,Division Z,Group O Bank, Professional and Technical
91546,Division Z,Group O Bank, Professional and Technical
47457,Division Z,Group O Bank, Sexual Health Nursing & HCA
47458,Division Z,Group O Bank, Sexual Health Nursing & HCA
72919,Division Z,Group O Bank,
383,Division Z,Group O Bank,
47459,Division Z,Group O Honorary,
80301,Division Z,Group O Bank,
82223,Division Z,Group O Honorary,
21565,Division Z,Group O Honorary,
90653,Division Z,Group O Bank,
62749,Division Z,Group O Bank,
84562,Division Z,Group O Bank,
81269,Division Z,Group O Honorary,
79019,Division Z,Group O Bank,
96973,Division Z,Group O Bank,
23709,Division Z,Group O Honorary,
47463,Division Z,Group O Honorary,
61685,Division Z,Group O Bank,
88677,Division Z,Group O Honorary,
33290,Division Z,Group O Bank,
15200,Division Z,Group O Honorary,
20836,Division Z,Group O Honorary,
58756,Division Z,Group O Bank,
29022,Division Z,Group O Bank,
47467,Division Z,Group O Bank,
92001,Division Z,Group O Bank,
84246,Division Z,Group O Honorary,
64464,Division Z,Group O Honorary,
84359,Division Z,Group O Bank,
47468,Division Z,Group O Bank,
84135,Division Z,Group O Bank,
77593,Division Z,Group O Bank,
59391,Division Z,Group O Bank,
80710,Division Z,Group O Bank,
81559,Division Z,Group O Bank,
88093,Division Z,Group O Bank,
47469,Division Z,,
65291,Division Z,Group O Bank,
33294,Division Z,Group O Bank,
69593,Division Z,Group O Bank,
59214,Division Z,Group O Bank,
94957,Division Z,Group O Bank,
60171,Division Z,Group O Bank,
58923,Division Z,Group O Bank,
28221,Division Z,Group O Honorary,
47471,Division Z,Group O Bank,
71166,Division Z,Group O Bank,
73621,Division Z,Group O Bank,
59366,Division Z,Group O Bank,
93044,Division Z,Group O Honorary,
71453,Division Z,Group O Bank,
87609,Division Z,Group O Bank,
26531,Division Z,Group O Bank,
33298,Division Z,Group O Bank,
47472,Division Z,Group O Bank,
5761,Division Z,Group O Bank,
90301,Division Z,Group O Bank,
88181,Division Z,Group O Bank,
80500,Division Z,Group O Honorary,
82821,Division Z,Group O Honorary,
95797,Division Z,Group O Bank,
31570,Division Z,Group O Bank,
76564,Division Z,Group O Honorary,
74816,Division Z,Group O Bank,
47473,Division Z,Group O Bank,
91984,Division Z,Group O Bank,
94083,Division Z,Group O Bank,
28018,Division Z,Group O Honorary,
92444,Division Z,Group O Bank,
66992,Division Z,Group O Bank,
71029,Division Z,Group O Bank,
82224,Division Z,Group O Bank,
90387,Division Z,Group O Bank,
30389,Division Z,Group O Bank,
84245,Division Z,Group O Honorary,
68696,Division Z,Group O Bank,
80639,Division Z,Group O Bank,
92618,Division Z,Group O Bank,
68328,Division Z,Group O Bank,
72993,Division Z,Group O Honorary,
76996,Division Z,Group O Honorary,
93481,Division Z,Group O Bank,
33305,Division Z,Group O Bank,
80151,Division Z,Group O Bank,
86934,Division Z,Group O Bank,
12182,Division Z,Group O Bank,
94230,Division Z,Group O Bank,
91259,Division Z,Group O Bank,
81738,Division Z,Group O Bank,
65264,Division Z,Group O Bank,
24633,Division Z,Group O Bank,
25385,Division Z,Group O Honorary,
81457,Division Z,Group O Bank,
78075,Division Z,Group O Bank,
27101,Division Z,Group O Bank,
385,Division Z,Group O Bank,
47477,Division Z,Group O Honorary,
20398,Division Z,Group O Bank,
91381,Division Z,Group O Bank,
95697,Division Z,Group O Honorary,
79837,Division Z,Group O Bank,
387,Division Z,Group O Bank,
5765,Division Z,Group O Bank,
30880,Division Z,Group O Honorary,
3361,Division Z,Group O Bank,
31224,Division Z,Group O Bank,
388,Division Z,Group O Honorary,
58711,Division Z,Group O Bank,
11500,Division Z,Group O Bank,
47482,Division Z,Group O Honorary,
5767,Division Z,Group O Honorary,
5768,Division Z,Group O Honorary,
5769,Division Z,Group O Bank,
47483,Division Z,Group O Bank,
33311,Division Z,Group O Bank,
33312,Division Z,Group O Bank,
391,Division Z,Group O Bank,
33315,Division Z,Group O Bank,
5774,Division Z,Group O Bank,
77467,Division Z,Group O Bank,
47485,Division Z,Group O Bank,
394,Division Z,,
18512,Division Z,Group O Honorary,
398,Division Z,Group O Bank,
5772,Division Z,Group O Bank,
85643,Division Z,,
63725,Division Z,Group O Bank,
47487,Division Z,Group O Bank,
47488,Division Z,Group O Bank,
395,Division Z,Group O Bank,
33319,Division Z,Group O Bank,
90742,Division Z,Group O Honorary,
80267,Division Z,Group O Bank,
86819,Division Z,Group O Honorary,
33308,Division Z,Group O Honorary,
25594,Division Z,,
5773,Division Z,Group O Bank,
33313,Division Z,Group O Honorary,
47489,Division Z,Group O Honorary,
26470,Division Z,Group O Bank,
397,Division Z,Group O Bank,
5775,Division Z,Group O Honorary,
60942,Division Z,Group O Bank,
93442,Division Z,Group O Honorary,
399,Division Z,Group O Bank,
19037,Division Z,Group O Honorary,
94918,Division Z,Group O Bank,
84996,Division Z,Group O Honorary,
75090,Division Z,Group O Bank,
87439,Division Z,Group O Honorary,
63568,Division Z,Group O Bank,
69134,Division Z,Group O Bank,
63379,Division Z,Group O Bank,
79356,Division Z,Group O Bank,
83234,Division Z,Group O Bank,
12548,Division Z,Group O Bank,
58322,Division Z,Group O Bank,
80302,Division Z,Group O Honorary,
82364,Division Z,Group O Bank,
72163,Division Z,Group O Honorary,
63826,Division Z,Group O Bank,
80793,Division Z,Group O Bank,
64987,Division Z,Group O Honorary,
82125,Division Z,Group O Bank,
47494,Division Z,Group O Bank,
33324,Division Z,Group O Bank,
81458,Division Z,Group O Honorary,
96236,Division Z,Group O Honorary,
68957,Division Z,Group O Bank,
400,Division Z,Group O Bank,
67292,Division Z,Group O Bank,
61454,Division Z,Group O Bank,
91833,Division Z,Group O Bank,
68758,Division Z,Group O Bank,
61113,Division Z,Group O Honorary,
68424,Division Z,Group O Honorary,
88279,Division Z,Group O Bank,
5778,Division Z,Group O Bank,
58624,Division Z,Group O Bank,
61833,Division Z,Group O Honorary,
61883,Division Z,Group O Bank,
14078,Division Z,Group O Bank,
92053,Division Z,Group O Bank,
401,Division Z,Group O Bank,
78575,Division Z,Group O Bank,
65156,Division Z,Group O Bank,
28001,Division Z,Group O Bank,
26823,Division Z,Group O Bank,
79619,Division Z,Group O Honorary,
80058,Division Z,Group O Bank,
29935,Division Z,Group O Bank,
89913,Division Z,Group O Bank,
94908,Division Z,Group O Bank,
47498,Division Z,Group O Bank,
65638,Division Z,Group O Bank,
85644,Division Z,Group O Honorary,
94595,Division Z,Group O Bank,
47500,Division Z,Group O Bank,
85288,Division Z,Group O Bank,
23318,Division Z,Group O Honorary,
26301,Division Z,Group O Bank,
47502,Division Z,Group O Bank,
80266,Division Z,Group O Bank,
95041,Division Z,Group O Bank,
77594,Division Z,Group O Bank,
60345,Division Z,Group O Bank,
68074,Division Z,Group O Honorary,
88144,Division Z,Group O Bank,
47503,Division Z,Group O Honorary,
81398,Division Z,Group O Bank,
82131,Division Z,Group O Bank,
84563,Division Z,Group O Bank,
80059,Division Z,Group O Bank,
88423,Division Z,Group O Bank,
69135,Division Z,Group O Bank,
403,Division Z,Group O Bank,
87993,Division Z,Group O Bank,
47505,Division Z,Group O Honorary,
61515,Division Z,Group O Honorary,
33337,Division Z,Group O Honorary,
77165,Division Z,Group O Bank,
61884,Division Z,Group O Bank,
406,Division Z,Group O Bank,
70568,Division Z,Group O Bank,
64774,Division Z,Group O Bank,
54535,Division Z,Group O Bank,
74817,Division Z,Group O Bank,
5781,Division Z,Group O Bank,
19987,Division Z,Group O Honorary,
63637,Division Z,Group O Honorary,
87724,Division Z,Group O Bank,
29757,Division Z,Group O Bank,
81399,Division Z,Group O Bank,
62750,Division Z,Group O Honorary,
54537,Division Z,Group O Honorary,
83503,Division Z,Group O Honorary,
87629,Division Z,Group O Bank,
54538,Division Z,Group O Bank,
71941,Division Z,Group O Bank,
33341,Division Z,Group O Bank,
82461,Division Z,Group O Bank,
66612,Division Z,Group O Honorary,
78278,Division Z,Group O Bank,
64981,Division Z,Group O Bank,
33342,Division Z,Group O Honorary,
18358,Division Z,Group O Bank,
89495,Division Z,Group O Bank,
91834,Division Z,Group O Bank,
89129,Division Z,Group O Bank,
54540,Division Z,Group O Honorary,
75751,Division Z,Group O Bank,
82334,Division Z,Group O Bank,
31471,Division Z,Group O Bank,
46504,Division Z,Group O Bank,
94743,Division Z,Group O Bank,
82755,Division Z,Group O Bank,
93690,Division Z,Group O Honorary,
88242,Division Z,Group O Bank,
96632,Division Z,Group O Bank,
33346,Division Z,Group O Honorary,
82644,Division Z,Group O Bank,
33347,Division Z,Group O Honorary,
78299,Division Z,Group O Bank,
70022,Division Z,Group O Honorary,
70131,Division Z,Group O Bank,
89680,Division Z,Group O Bank,
89341,Division Z,Group O Bank,
75292,Division Z,Group O Honorary,
90525,Division Z,Group O Bank,
47506,Division Z,Group O Bank,
19960,Division Z,Group O Honorary,
33349,Division Z,Group O Bank,
20324,Division Z,Group O Honorary,
93362,Division Z,Group O Bank,
28070,Division Z,Group O Bank,
70382,Division Z,Group O Bank,
47507,Division Z,Group O Honorary,
33350,Division Z,Group O Bank,
93577,Division Z,Group O Honorary,
93203,Division Z,Group O Bank,
79235,Division Z,,
65851,Division Z,Group O Honorary,
75230,Division Z,Group O Bank,
19893,Division Z,Group O Bank,
54542,Division Z,Group O Bank,
12552,Division Z,Group O Honorary,
90117,Division Z,Group O Bank,
95554,Division Z,Group O Bank,
84136,Division Z,Group O Honorary,
13458,Division Z,Group O Bank,
80818,Division Z,Group O Bank,
96887,Division Z,Group O Bank,
94855,Division Z,Group O Honorary,
90743,Division Z,Group O Bank,
92002,Division Z,Group O Bank,
33353,Division Z,Group O Bank,
57923,Division Z,Group O Honorary,
73781,Division Z,Group O Honorary,
84004,Division Z,Group O Bank,
82645,Division Z,Group O Honorary,
22746,Division Z,Group O Bank,
84406,Division Z,Group O Honorary,
79379,Division Z,Group O Bank,
90526,Division Z,Group O Bank,
33355,Division Z,Group O Bank,
61635,Division Z,Group O Honorary,
72535,Division Z,Group O Honorary,
95276,Division Z,Group O Bank,
59042,Division Z,Group O Bank,
92239,Division Z,Group O Bank,
92976,Division Z,Group O Bank,
85645,Division Z,Group O Bank,
86820,Division Z,Group O Bank,
89982,Division Z,Group O Bank,
87768,Division Z,Group O Bank,
80695,Division Z,Group O Bank,
57878,Division Z,Group O Bank,
33357,Division Z,Group O Bank,
83945,Division Z,Group O Bank,
33359,Division Z,Group O Bank,
88678,Division Z,Group O Bank,
89709,Division Z,Group O Bank,
87534,Division Z,Group O Bank,
84817,Division Z,Group O Bank,
82225,Division Z,Group O Bank,
71162,Division Z,Group O Honorary,
77595,Division Z,Group O Bank,
412,Division Z,Group O Honorary,
90221,Division Z,Group O Honorary,
31595,Division Z,Group O Honorary,
90388,Division Z,Group O Bank,
86935,Division Z,Group O Bank,
46667,Division Z,Group O Bank,
83822,Division Z,Group O Bank,
90967,Division Z,Group O Honorary,
88002,Division Z,Group O Bank,
93204,Division Z,Group O Bank,
87209,Division Z,Group O Honorary,
72669,Division Z,Group O Bank,
71386,Division Z,Group O Honorary,
95497,Division Z,Group O Bank,
89063,Division Z,Group O Honorary,
82499,Division Z,Group O Bank,
84788,Division Z,Group O Bank,
77168,Division Z,Group O Bank,
96263,Division Z,Group O Bank,
91382,Division Z,Group O Bank,
92769,Division Z,Group O Bank,
77936,Division Z,Group O Honorary,
89729,Division Z,Group O Honorary,
72370,Division Z,Group O Bank,
27588,Division Z,Group O Bank,
72920,Division Z,Group O Bank,
72422,Division Z,Group O Bank,
75946,Division Z,Group O Honorary,
68425,Division Z,Group O Bank,
80956,Division Z,Group O Bank,
33360,Division Z,Group O Bank,
33361,Division Z,Group O Bank,
83235,Division Z,Group O Bank,
89425,Division Z,Group O Bank,
63660,Division Z,Group O Bank,
59658,Division Z,Group O Bank,
58488,Division Z,Group O Bank,
47511,Division Z,Group O Bank,
33365,Division Z,Group O Bank,
47512,Division Z,Group O Bank,
